aggregated_time,temp_value,is_anomaly
10/08/2020 00:33:10,235.05,FALSE
10/08/2020 00:33:09,191.06,FALSE
10/08/2020 00:33:08,176.48,FALSE
10/08/2020 00:33:07,211.48,FALSE
10/08/2020 00:33:06,220.19,FALSE
10/08/2020 00:33:05,187.07,FALSE
10/08/2020 00:33:05,233.41,FALSE
10/08/2020 00:33:04,236.27,FALSE
10/08/2020 00:33:03,182.17,FALSE
10/08/2020 00:33:02,234.70,FALSE
10/08/2020 00:33:01,170.75,FALSE
10/08/2020 00:33:00,217.33,FALSE
10/08/2020 00:32:59,179.61,FALSE
10/08/2020 00:32:58,163.10,FALSE
10/08/2020 00:32:57,239.00,FALSE
10/08/2020 00:32:56,263.76,TRUE
10/08/2020 00:32:55,169.39,FALSE
10/08/2020 00:32:54,235.09,FALSE
10/08/2020 00:32:53,211.06,FALSE
10/08/2020 00:32:52,172.92,FALSE
10/08/2020 00:32:51,223.06,FALSE
10/08/2020 00:32:50,192.95,FALSE
10/08/2020 00:32:49,90.91,TRUE
10/08/2020 00:32:48,177.26,FALSE
10/08/2020 00:32:47,200.97,FALSE
10/08/2020 00:32:46,195.89,FALSE
10/08/2020 00:32:45,165.78,FALSE
10/08/2020 00:32:44,200.48,FALSE
10/08/2020 00:32:43,195.56,FALSE
10/08/2020 00:32:42,170.07,FALSE
10/08/2020 00:32:41,205.06,FALSE
10/08/2020 00:32:40,163.36,FALSE
10/08/2020 00:32:39,195.93,FALSE
10/08/2020 00:32:38,221.02,FALSE
10/08/2020 00:32:37,208.23,FALSE
10/08/2020 00:32:36,188.34,FALSE
10/08/2020 00:32:35,187.62,FALSE
10/08/2020 00:32:34,218.16,FALSE
10/08/2020 00:32:33,162.76,FALSE
10/08/2020 00:32:32,202.06,FALSE
10/08/2020 00:32:31,226.81,FALSE
10/08/2020 00:32:30,205.72,FALSE
10/08/2020 00:32:29,230.69,FALSE
10/08/2020 00:32:28,163.06,FALSE
10/08/2020 00:32:27,162.12,FALSE
10/08/2020 00:32:26,199.39,FALSE
10/08/2020 00:32:25,208.54,FALSE
10/08/2020 00:32:24,204.10,FALSE
10/08/2020 00:32:23,189.84,FALSE
10/08/2020 00:32:22,193.23,FALSE
10/08/2020 00:32:21,192.20,FALSE
10/08/2020 00:32:20,210.26,FALSE
10/08/2020 00:32:19,199.50,FALSE
10/08/2020 00:32:18,209.08,FALSE
10/08/2020 00:32:17,224.00,FALSE
10/08/2020 00:32:16,192.28,FALSE
10/08/2020 00:32:15,185.76,FALSE
10/08/2020 00:32:14,169.57,FALSE
10/08/2020 00:32:13,204.96,FALSE
10/08/2020 00:32:12,198.46,FALSE
10/08/2020 00:32:11,196.13,FALSE
10/08/2020 00:32:10,231.19,FALSE
10/08/2020 00:32:09,202.42,FALSE
10/08/2020 00:32:08,234.98,FALSE
10/08/2020 00:32:07,165.00,FALSE
10/08/2020 00:32:06,202.92,FALSE
10/08/2020 00:32:05,163.27,FALSE
10/08/2020 00:32:04,239.60,FALSE
10/08/2020 00:32:03,180.28,FALSE
10/08/2020 00:32:02,161.24,FALSE
10/08/2020 00:32:01,184.61,FALSE
10/08/2020 00:32:00,171.00,FALSE
10/08/2020 00:31:59,225.92,FALSE
10/08/2020 00:31:58,204.10,FALSE
10/08/2020 00:31:57,189.05,FALSE
10/08/2020 00:31:56,217.82,FALSE
10/08/2020 00:31:55,192.10,FALSE
10/08/2020 00:31:54,228.97,FALSE
10/08/2020 00:31:53,172.90,FALSE
10/08/2020 00:31:52,195.27,FALSE
10/08/2020 00:31:51,164.18,FALSE
10/08/2020 00:31:50,225.83,FALSE
10/08/2020 00:31:49,161.66,FALSE
10/08/2020 00:31:48,181.53,FALSE
10/08/2020 00:31:47,228.75,FALSE
10/08/2020 00:31:46,207.30,FALSE
10/08/2020 00:31:45,214.56,FALSE
10/08/2020 00:31:44,166.52,FALSE
10/08/2020 00:31:43,169.18,FALSE
10/08/2020 00:31:42,162.07,FALSE
10/08/2020 00:31:41,214.04,FALSE
10/08/2020 00:31:40,202.92,FALSE
10/08/2020 00:31:39,211.71,FALSE
10/08/2020 00:31:38,176.56,FALSE
10/08/2020 00:31:37,198.09,FALSE
10/08/2020 00:31:36,184.80,FALSE
10/08/2020 00:31:35,212.50,FALSE
10/08/2020 00:31:34,193.08,FALSE
10/08/2020 00:31:33,233.13,FALSE
10/08/2020 00:31:32,164.22,FALSE
10/08/2020 00:31:31,236.38,FALSE
10/08/2020 00:31:30,164.58,FALSE
10/08/2020 00:31:29,91.03,TRUE
10/08/2020 00:31:28,212.72,FALSE
10/08/2020 00:31:27,233.22,FALSE
10/08/2020 00:31:26,233.14,FALSE
10/08/2020 00:31:25,216.57,FALSE
10/08/2020 00:31:24,208.11,FALSE
10/08/2020 00:31:23,231.97,FALSE
10/08/2020 00:31:22,218.64,FALSE
10/08/2020 00:31:21,237.77,FALSE
10/08/2020 00:31:20,186.74,FALSE
10/08/2020 00:31:19,257.85,TRUE
10/08/2020 00:31:18,211.90,FALSE
10/08/2020 00:31:17,170.15,FALSE
10/08/2020 00:31:16,235.80,FALSE
10/08/2020 00:31:15,189.06,FALSE
10/08/2020 00:31:14,238.84,FALSE
10/08/2020 00:31:13,175.80,FALSE
10/08/2020 00:31:12,203.41,FALSE
10/08/2020 00:31:11,188.73,FALSE
10/08/2020 00:31:10,206.23,FALSE
10/08/2020 00:31:09,218.62,FALSE
10/08/2020 00:31:08,221.00,FALSE
10/08/2020 00:31:07,193.55,FALSE
10/08/2020 00:31:06,185.43,FALSE
10/08/2020 00:31:05,166.27,FALSE
10/08/2020 00:31:04,190.53,FALSE
10/08/2020 00:31:03,165.30,FALSE
10/08/2020 00:31:02,188.69,FALSE
10/08/2020 00:31:01,206.98,FALSE
10/08/2020 00:31:00,178.70,FALSE
10/08/2020 00:30:59,234.17,FALSE
10/08/2020 00:30:58,168.33,FALSE
10/08/2020 00:30:57,194.46,FALSE
10/08/2020 00:30:56,220.16,FALSE
10/08/2020 00:30:55,229.49,FALSE
10/08/2020 00:30:54,178.39,FALSE
10/08/2020 00:30:53,228.96,FALSE
10/08/2020 00:30:52,226.14,FALSE
10/08/2020 00:30:51,209.00,FALSE
10/08/2020 00:30:50,211.50,FALSE
10/08/2020 00:30:49,187.54,FALSE
10/08/2020 00:30:48,210.01,FALSE
10/08/2020 00:30:47,194.11,FALSE
10/08/2020 00:30:46,174.24,FALSE
10/08/2020 00:30:45,237.92,FALSE
10/08/2020 00:30:44,194.94,FALSE
10/08/2020 00:30:43,232.15,FALSE
10/08/2020 00:30:42,192.89,FALSE
10/08/2020 00:30:41,224.80,FALSE
10/08/2020 00:30:40,210.46,FALSE
10/08/2020 00:30:39,161.15,FALSE
10/08/2020 00:30:38,202.49,FALSE
10/08/2020 00:30:37,196.99,FALSE
10/08/2020 00:30:36,239.11,FALSE
10/08/2020 00:30:35,194.68,FALSE
10/08/2020 00:30:34,218.36,FALSE
10/08/2020 00:30:33,168.59,FALSE
10/08/2020 00:30:32,193.99,FALSE
10/08/2020 00:30:31,164.64,FALSE
10/08/2020 00:30:30,207.99,FALSE
10/08/2020 00:30:29,199.59,FALSE
10/08/2020 00:30:28,210.19,FALSE
10/08/2020 00:30:27,211.05,FALSE
10/08/2020 00:30:26,231.45,FALSE
10/08/2020 00:30:25,238.20,FALSE
10/08/2020 00:30:24,195.23,FALSE
10/08/2020 00:30:23,238.14,FALSE
10/08/2020 00:30:22,195.05,FALSE
10/08/2020 00:30:21,195.62,FALSE
10/08/2020 00:30:20,161.48,FALSE
10/08/2020 00:30:19,192.56,FALSE
10/08/2020 00:30:18,210.31,FALSE
10/08/2020 00:30:17,207.39,FALSE
10/08/2020 00:30:16,166.56,FALSE
10/08/2020 00:30:15,209.11,FALSE
10/08/2020 00:30:14,192.40,FALSE
10/08/2020 00:30:13,192.19,FALSE
10/08/2020 00:30:12,154.06,TRUE
10/08/2020 00:30:11,172.85,FALSE
10/08/2020 00:30:10,165.70,FALSE
10/08/2020 00:30:09,212.87,FALSE
10/08/2020 00:30:08,180.81,FALSE
10/08/2020 00:30:07,182.52,FALSE
10/08/2020 00:30:06,188.09,FALSE
10/08/2020 00:30:05,199.37,FALSE
10/08/2020 00:30:04,90.49,TRUE
10/08/2020 00:30:03,180.48,FALSE
10/08/2020 00:30:02,229.06,FALSE
10/08/2020 00:30:01,170.53,FALSE
10/08/2020 00:30:00,208.62,FALSE
10/08/2020 00:29:59,232.81,FALSE
10/08/2020 00:29:58,193.55,FALSE
10/08/2020 00:29:57,209.77,FALSE
10/08/2020 00:29:56,218.05,FALSE
10/08/2020 00:29:55,221.79,FALSE
10/08/2020 00:29:54,168.72,FALSE
10/08/2020 00:29:53,235.90,FALSE
10/08/2020 00:29:52,187.22,FALSE
10/08/2020 00:29:51,187.80,FALSE
10/08/2020 00:29:50,291.17,TRUE
10/08/2020 00:29:49,168.89,FALSE
10/08/2020 00:29:48,212.90,FALSE
10/08/2020 00:29:47,199.33,FALSE
10/08/2020 00:29:46,221.09,FALSE
10/08/2020 00:29:46,218.13,FALSE
10/08/2020 00:29:45,184.78,FALSE
10/08/2020 00:29:44,226.74,FALSE
10/08/2020 00:29:43,234.87,FALSE
10/08/2020 00:29:42,227.55,FALSE
10/08/2020 00:29:41,160.56,FALSE
10/08/2020 00:29:40,182.09,FALSE
10/08/2020 00:29:39,162.67,FALSE
10/08/2020 00:29:38,173.59,FALSE
10/08/2020 00:29:37,224.78,FALSE
10/08/2020 00:29:36,195.16,FALSE
10/08/2020 00:29:35,195.40,FALSE
10/08/2020 00:29:34,183.86,FALSE
10/08/2020 00:29:33,256.99,TRUE
10/08/2020 00:29:32,186.15,FALSE
10/08/2020 00:29:31,198.23,FALSE
10/08/2020 00:29:30,161.12,FALSE
10/08/2020 00:29:29,195.12,FALSE
10/08/2020 00:29:28,187.31,FALSE
10/08/2020 00:29:27,207.62,FALSE
10/08/2020 00:29:26,239.23,FALSE
10/08/2020 00:29:25,205.40,FALSE
10/08/2020 00:29:24,191.99,FALSE
10/08/2020 00:29:23,191.13,FALSE
10/08/2020 00:29:22,194.64,FALSE
10/08/2020 00:29:21,175.37,FALSE
10/08/2020 00:29:20,183.09,FALSE
10/08/2020 00:29:19,220.47,FALSE
10/08/2020 00:29:18,109.55,TRUE
10/08/2020 00:29:17,219.26,FALSE
10/08/2020 00:29:16,190.79,FALSE
10/08/2020 00:29:15,171.07,FALSE
10/08/2020 00:29:14,204.61,FALSE
10/08/2020 00:29:13,171.97,FALSE
10/08/2020 00:29:12,187.80,FALSE
10/08/2020 00:29:11,237.06,FALSE
10/08/2020 00:29:10,225.73,FALSE
10/08/2020 00:29:09,226.86,FALSE
10/08/2020 00:29:08,184.92,FALSE
10/08/2020 00:29:07,209.31,FALSE
10/08/2020 00:29:06,228.92,FALSE
10/08/2020 00:29:05,187.58,FALSE
10/08/2020 00:29:04,196.83,FALSE
10/08/2020 00:29:03,198.82,FALSE
10/08/2020 00:29:02,179.73,FALSE
10/08/2020 00:29:01,200.66,FALSE
10/08/2020 00:29:00,183.52,FALSE
10/08/2020 00:28:59,211.73,FALSE
10/08/2020 00:28:58,234.52,FALSE
10/08/2020 00:28:57,211.96,FALSE
10/08/2020 00:28:56,190.34,FALSE
10/08/2020 00:28:55,208.33,FALSE
10/08/2020 00:28:54,211.00,FALSE
10/08/2020 00:28:53,198.59,FALSE
10/08/2020 00:28:52,227.80,FALSE
10/08/2020 00:28:51,164.26,FALSE
10/08/2020 00:28:50,235.43,FALSE
10/08/2020 00:28:49,236.93,FALSE
10/08/2020 00:28:48,203.76,FALSE
10/08/2020 00:28:47,198.91,FALSE
10/08/2020 00:28:46,202.47,FALSE
10/08/2020 00:28:45,195.87,FALSE
10/08/2020 00:28:44,168.56,FALSE
10/08/2020 00:28:43,211.09,FALSE
10/08/2020 00:28:42,169.84,FALSE
10/08/2020 00:28:41,195.95,FALSE
10/08/2020 00:28:40,210.19,FALSE
10/08/2020 00:28:39,163.26,FALSE
10/08/2020 00:28:38,173.91,FALSE
10/08/2020 00:28:37,174.05,FALSE
10/08/2020 00:28:36,216.59,FALSE
10/08/2020 00:28:35,212.16,FALSE
10/08/2020 00:28:34,183.34,FALSE
10/08/2020 00:28:33,203.60,FALSE
10/08/2020 00:28:32,193.57,FALSE
10/08/2020 00:28:31,236.25,FALSE
10/08/2020 00:28:30,208.06,FALSE
10/08/2020 00:28:29,194.25,FALSE
10/08/2020 00:28:28,184.22,FALSE
10/08/2020 00:28:27,193.39,FALSE
10/08/2020 00:28:26,162.73,FALSE
10/08/2020 00:28:25,175.22,FALSE
10/08/2020 00:28:24,203.95,FALSE
10/08/2020 00:28:23,215.51,FALSE
10/08/2020 00:28:22,179.82,FALSE
10/08/2020 00:28:21,200.36,FALSE
10/08/2020 00:28:20,253.57,TRUE
10/08/2020 00:28:19,165.26,FALSE
10/08/2020 00:28:18,239.74,FALSE
10/08/2020 00:28:17,238.41,FALSE
10/08/2020 00:28:16,213.75,FALSE
10/08/2020 00:28:15,214.06,FALSE
10/08/2020 00:28:14,185.74,FALSE
10/08/2020 00:28:13,234.33,FALSE
10/08/2020 00:28:12,235.50,FALSE
10/08/2020 00:28:11,192.76,FALSE
10/08/2020 00:28:10,162.44,FALSE
10/08/2020 00:28:09,177.30,FALSE
10/08/2020 00:28:08,180.50,FALSE
10/08/2020 00:28:07,222.70,FALSE
10/08/2020 00:28:06,191.52,FALSE
10/08/2020 00:28:05,208.69,FALSE
10/08/2020 00:28:04,235.72,FALSE
10/08/2020 00:28:03,194.49,FALSE
10/08/2020 00:28:02,210.80,FALSE
10/08/2020 00:28:01,167.42,FALSE
10/08/2020 00:28:00,226.22,FALSE
10/08/2020 00:27:59,214.80,FALSE
10/08/2020 00:27:58,192.80,FALSE
10/08/2020 00:27:57,215.20,FALSE
10/08/2020 00:27:56,187.22,FALSE
10/08/2020 00:27:55,169.60,FALSE
10/08/2020 00:27:54,203.83,FALSE
10/08/2020 00:27:53,186.36,FALSE
10/08/2020 00:27:52,232.01,FALSE
10/08/2020 00:27:51,179.94,FALSE
10/08/2020 00:27:50,193.38,FALSE
10/08/2020 00:27:49,220.79,FALSE
10/08/2020 00:27:48,207.84,FALSE
10/08/2020 00:27:47,237.23,FALSE
10/08/2020 00:27:46,190.33,FALSE
10/08/2020 00:27:45,200.02,FALSE
10/08/2020 00:27:44,217.36,FALSE
10/08/2020 00:27:43,192.38,FALSE
10/08/2020 00:27:42,176.49,FALSE
10/08/2020 00:27:41,182.56,FALSE
10/08/2020 00:27:40,192.93,FALSE
10/08/2020 00:27:39,203.18,FALSE
10/08/2020 00:27:38,225.41,FALSE
10/08/2020 00:27:37,164.87,FALSE
10/08/2020 00:27:36,163.46,FALSE
10/08/2020 00:27:35,228.40,FALSE
10/08/2020 00:27:34,238.44,FALSE
10/08/2020 00:27:33,225.09,FALSE
10/08/2020 00:27:32,199.11,FALSE
10/08/2020 00:27:31,188.97,FALSE
10/08/2020 00:27:30,224.76,FALSE
10/08/2020 00:27:29,125.78,TRUE
10/08/2020 00:27:28,232.14,FALSE
10/08/2020 00:27:27,177.57,FALSE
10/08/2020 00:27:26,227.74,FALSE
10/08/2020 00:27:25,166.39,FALSE
10/08/2020 00:27:24,239.57,FALSE
10/08/2020 00:27:23,239.79,FALSE
10/08/2020 00:27:22,196.13,FALSE
10/08/2020 00:27:21,190.03,FALSE
10/08/2020 00:27:20,193.35,FALSE
10/08/2020 00:27:19,163.25,FALSE
10/08/2020 00:27:18,168.69,FALSE
10/08/2020 00:27:17,192.46,FALSE
10/08/2020 00:27:16,232.93,FALSE
10/08/2020 00:27:15,172.94,FALSE
10/08/2020 00:27:14,221.94,FALSE
10/08/2020 00:27:13,217.21,FALSE
10/08/2020 00:27:12,238.81,FALSE
10/08/2020 00:27:11,235.97,FALSE
10/08/2020 00:27:10,169.46,FALSE
10/08/2020 00:27:09,185.33,FALSE
10/08/2020 00:27:08,235.65,FALSE
10/08/2020 00:27:07,188.76,FALSE
10/08/2020 00:27:06,195.37,FALSE
10/08/2020 00:27:05,177.19,FALSE
10/08/2020 00:27:04,170.79,FALSE
10/08/2020 00:27:03,231.62,FALSE
10/08/2020 00:27:02,205.76,FALSE
10/08/2020 00:27:01,161.99,FALSE
10/08/2020 00:27:00,213.72,FALSE
10/08/2020 00:26:59,197.69,FALSE
10/08/2020 00:26:58,187.66,FALSE
10/08/2020 00:26:57,230.28,FALSE
10/08/2020 00:26:56,170.25,FALSE
10/08/2020 00:26:55,237.64,FALSE
10/08/2020 00:26:54,217.57,FALSE
10/08/2020 00:26:53,169.57,FALSE
10/08/2020 00:26:52,184.52,FALSE
10/08/2020 00:26:51,188.09,FALSE
10/08/2020 00:26:50,187.86,FALSE
10/08/2020 00:26:49,197.96,FALSE
10/08/2020 00:26:48,192.07,FALSE
10/08/2020 00:26:47,232.47,FALSE
10/08/2020 00:26:46,184.48,FALSE
10/08/2020 00:26:45,164.30,FALSE
10/08/2020 00:26:44,182.69,FALSE
10/08/2020 00:26:43,180.51,FALSE
10/08/2020 00:26:42,174.10,FALSE
10/08/2020 00:26:41,207.51,FALSE
10/08/2020 00:26:40,228.85,FALSE
10/08/2020 00:26:39,177.43,FALSE
10/08/2020 00:26:38,235.14,FALSE
10/08/2020 00:26:37,196.62,FALSE
10/08/2020 00:26:36,239.22,FALSE
10/08/2020 00:26:35,292.60,TRUE
10/08/2020 00:26:34,188.64,FALSE
10/08/2020 00:26:33,221.56,FALSE
10/08/2020 00:26:32,198.09,FALSE
10/08/2020 00:26:31,195.80,FALSE
10/08/2020 00:26:30,194.77,FALSE
10/08/2020 00:26:29,238.69,FALSE
10/08/2020 00:26:28,169.90,FALSE
10/08/2020 00:26:27,222.81,FALSE
10/08/2020 00:26:27,216.00,FALSE
10/08/2020 00:26:26,201.96,FALSE
10/08/2020 00:26:25,174.87,FALSE
10/08/2020 00:26:24,208.87,FALSE
10/08/2020 00:26:23,93.41,TRUE
10/08/2020 00:26:22,208.41,FALSE
10/08/2020 00:26:21,190.19,FALSE
10/08/2020 00:26:20,219.48,FALSE
10/08/2020 00:26:19,182.61,FALSE
10/08/2020 00:26:18,219.37,FALSE
10/08/2020 00:26:17,201.19,FALSE
10/08/2020 00:26:16,222.74,FALSE
10/08/2020 00:26:15,214.38,FALSE
10/08/2020 00:26:14,228.23,FALSE
10/08/2020 00:26:13,168.42,FALSE
10/08/2020 00:26:12,187.94,FALSE
10/08/2020 00:26:11,227.51,FALSE
10/08/2020 00:26:10,219.47,FALSE
10/08/2020 00:26:09,187.07,FALSE
10/08/2020 00:26:08,202.34,FALSE
10/08/2020 00:26:07,197.19,FALSE
10/08/2020 00:26:06,205.72,FALSE
10/08/2020 00:26:05,168.52,FALSE
10/08/2020 00:26:04,216.29,FALSE
10/08/2020 00:26:03,177.31,FALSE
10/08/2020 00:26:02,236.59,FALSE
10/08/2020 00:26:01,160.65,FALSE
10/08/2020 00:26:00,210.64,FALSE
10/08/2020 00:25:59,189.33,FALSE
10/08/2020 00:25:58,181.20,FALSE
10/08/2020 00:25:57,196.40,FALSE
10/08/2020 00:25:56,189.95,FALSE
10/08/2020 00:25:55,203.82,FALSE
10/08/2020 00:25:54,161.19,FALSE
10/08/2020 00:25:53,192.46,FALSE
10/08/2020 00:25:52,164.47,FALSE
10/08/2020 00:25:51,188.07,FALSE
10/08/2020 00:25:50,239.19,FALSE
10/08/2020 00:25:49,193.19,FALSE
10/08/2020 00:25:48,239.86,FALSE
10/08/2020 00:25:47,237.78,FALSE
10/08/2020 00:25:46,217.86,FALSE
10/08/2020 00:25:45,184.23,FALSE
10/08/2020 00:25:44,191.84,FALSE
10/08/2020 00:25:43,233.97,FALSE
10/08/2020 00:25:42,209.62,FALSE
10/08/2020 00:25:41,211.68,FALSE
10/08/2020 00:25:40,203.08,FALSE
10/08/2020 00:25:39,177.68,FALSE
10/08/2020 00:25:38,230.75,FALSE
10/08/2020 00:25:37,121.51,TRUE
10/08/2020 00:25:36,166.15,FALSE
10/08/2020 00:25:35,178.66,FALSE
10/08/2020 00:25:34,204.87,FALSE
10/08/2020 00:25:33,222.72,FALSE
10/08/2020 00:25:32,225.36,FALSE
10/08/2020 00:25:31,219.31,FALSE
10/08/2020 00:25:30,209.10,FALSE
10/08/2020 00:25:29,185.59,FALSE
10/08/2020 00:25:28,229.82,FALSE
10/08/2020 00:25:27,174.62,FALSE
10/08/2020 00:25:26,210.30,FALSE
10/08/2020 00:25:25,217.02,FALSE
10/08/2020 00:25:24,220.96,FALSE
10/08/2020 00:25:23,238.66,FALSE
10/08/2020 00:25:22,201.93,FALSE
10/08/2020 00:25:21,172.34,FALSE
10/08/2020 00:25:20,162.34,FALSE
10/08/2020 00:25:19,187.20,FALSE
10/08/2020 00:25:18,197.23,FALSE
10/08/2020 00:25:17,164.77,FALSE
10/08/2020 00:25:16,181.49,FALSE
10/08/2020 00:25:15,225.32,FALSE
10/08/2020 00:25:14,228.09,FALSE
10/08/2020 00:25:13,242.16,TRUE
10/08/2020 00:25:12,234.03,FALSE
10/08/2020 00:25:11,169.73,FALSE
10/08/2020 00:25:10,170.65,FALSE
10/08/2020 00:25:09,177.45,FALSE
10/08/2020 00:25:08,170.83,FALSE
10/08/2020 00:25:07,214.61,FALSE
10/08/2020 00:25:06,175.05,FALSE
10/08/2020 00:25:05,210.08,FALSE
10/08/2020 00:25:04,166.72,FALSE
10/08/2020 00:25:03,238.05,FALSE
10/08/2020 00:25:02,180.29,FALSE
10/08/2020 00:25:01,216.85,FALSE
10/08/2020 00:25:00,160.57,FALSE
10/08/2020 00:24:59,161.98,FALSE
10/08/2020 00:24:58,203.05,FALSE
10/08/2020 00:24:57,190.89,FALSE
10/08/2020 00:24:56,190.94,FALSE
10/08/2020 00:24:55,197.21,FALSE
10/08/2020 00:24:54,172.00,FALSE
10/08/2020 00:24:53,239.83,FALSE
10/08/2020 00:24:52,163.35,FALSE
10/08/2020 00:24:51,180.05,FALSE
10/08/2020 00:24:50,182.59,FALSE
10/08/2020 00:24:49,183.80,FALSE
10/08/2020 00:24:48,188.03,FALSE
10/08/2020 00:24:47,194.77,FALSE
10/08/2020 00:24:46,218.40,FALSE
10/08/2020 00:24:45,223.34,FALSE
10/08/2020 00:24:44,236.19,FALSE
10/08/2020 00:24:43,224.82,FALSE
10/08/2020 00:24:42,210.63,FALSE
10/08/2020 00:24:41,235.18,FALSE
10/08/2020 00:24:40,216.22,FALSE
10/08/2020 00:24:39,235.16,FALSE
10/08/2020 00:24:38,214.56,FALSE
10/08/2020 00:24:37,186.40,FALSE
10/08/2020 00:24:36,212.26,FALSE
10/08/2020 00:24:35,187.63,FALSE
10/08/2020 00:24:34,201.32,FALSE
10/08/2020 00:24:33,201.00,FALSE
10/08/2020 00:24:32,183.86,FALSE
10/08/2020 00:24:31,180.97,FALSE
10/08/2020 00:24:30,182.54,FALSE
10/08/2020 00:24:29,225.75,FALSE
10/08/2020 00:24:28,172.62,FALSE
10/08/2020 00:24:27,169.18,FALSE
10/08/2020 00:24:26,98.28,TRUE
10/08/2020 00:24:25,208.10,FALSE
10/08/2020 00:24:24,229.20,FALSE
10/08/2020 00:24:23,232.58,FALSE
10/08/2020 00:24:22,227.01,FALSE
10/08/2020 00:24:21,176.54,FALSE
10/08/2020 00:24:20,160.15,FALSE
10/08/2020 00:24:19,222.56,FALSE
10/08/2020 00:24:18,206.40,FALSE
10/08/2020 00:24:17,218.67,FALSE
10/08/2020 00:24:16,219.86,FALSE
10/08/2020 00:24:15,228.93,FALSE
10/08/2020 00:24:14,239.62,FALSE
10/08/2020 00:24:13,201.25,FALSE
10/08/2020 00:24:12,171.88,FALSE
10/08/2020 00:24:11,200.95,FALSE
10/08/2020 00:24:10,180.38,FALSE
10/08/2020 00:24:09,182.31,FALSE
10/08/2020 00:24:08,196.83,FALSE
10/08/2020 00:24:07,161.71,FALSE
10/08/2020 00:24:06,166.76,FALSE
10/08/2020 00:24:05,215.73,FALSE
10/08/2020 00:24:04,212.59,FALSE
10/08/2020 00:24:03,178.36,FALSE
10/08/2020 00:24:02,177.36,FALSE
10/08/2020 00:24:01,209.33,FALSE
10/08/2020 00:24:00,203.50,FALSE
10/08/2020 00:23:59,239.45,FALSE
10/08/2020 00:23:58,199.79,FALSE
10/08/2020 00:23:57,174.37,FALSE
10/08/2020 00:23:56,238.28,FALSE
10/08/2020 00:23:55,161.85,FALSE
10/08/2020 00:23:54,193.06,FALSE
10/08/2020 00:23:53,229.60,FALSE
10/08/2020 00:23:52,222.91,FALSE
10/08/2020 00:23:51,208.92,FALSE
10/08/2020 00:23:50,219.92,FALSE
10/08/2020 00:23:49,200.80,FALSE
10/08/2020 00:23:48,214.92,FALSE
10/08/2020 00:23:47,239.75,FALSE
10/08/2020 00:23:46,177.54,FALSE
10/08/2020 00:23:45,196.21,FALSE
10/08/2020 00:23:44,225.89,FALSE
10/08/2020 00:23:43,199.77,FALSE
10/08/2020 00:23:42,224.71,FALSE
10/08/2020 00:23:41,184.50,FALSE
10/08/2020 00:23:40,172.31,FALSE
10/08/2020 00:23:39,179.24,FALSE
10/08/2020 00:23:38,171.04,FALSE
10/08/2020 00:23:37,195.47,FALSE
10/08/2020 00:23:36,173.65,FALSE
10/08/2020 00:23:35,195.61,FALSE
10/08/2020 00:23:34,163.94,FALSE
10/08/2020 00:23:33,236.99,FALSE
10/08/2020 00:23:32,197.41,FALSE
10/08/2020 00:23:31,217.91,FALSE
10/08/2020 00:23:30,177.10,FALSE
10/08/2020 00:23:29,175.19,FALSE
10/08/2020 00:23:28,232.23,FALSE
10/08/2020 00:23:27,230.35,FALSE
10/08/2020 00:23:26,222.45,FALSE
10/08/2020 00:23:25,215.98,FALSE
10/08/2020 00:23:24,170.34,FALSE
10/08/2020 00:23:23,188.52,FALSE
10/08/2020 00:23:22,199.75,FALSE
10/08/2020 00:23:21,196.20,FALSE
10/08/2020 00:23:20,211.83,FALSE
10/08/2020 00:23:19,168.74,FALSE
10/08/2020 00:23:18,207.36,FALSE
10/08/2020 00:23:17,200.83,FALSE
10/08/2020 00:23:16,236.28,FALSE
10/08/2020 00:23:15,210.26,FALSE
10/08/2020 00:23:14,224.64,FALSE
10/08/2020 00:23:13,185.24,FALSE
10/08/2020 00:23:12,224.05,FALSE
10/08/2020 00:23:11,186.84,FALSE
10/08/2020 00:23:10,162.89,FALSE
10/08/2020 00:23:09,212.92,FALSE
10/08/2020 00:23:08,188.92,FALSE
10/08/2020 00:23:08,220.56,FALSE
10/08/2020 00:23:07,208.47,FALSE
10/08/2020 00:23:06,215.82,FALSE
10/08/2020 00:23:05,210.01,FALSE
10/08/2020 00:23:04,195.17,FALSE
10/08/2020 00:23:03,201.01,FALSE
10/08/2020 00:23:02,222.52,FALSE
10/08/2020 00:23:01,173.99,FALSE
10/08/2020 00:23:00,180.18,FALSE
10/08/2020 00:22:59,205.60,FALSE
10/08/2020 00:22:58,212.37,FALSE
10/08/2020 00:22:57,168.44,FALSE
10/08/2020 00:22:56,229.86,FALSE
10/08/2020 00:22:55,208.28,FALSE
10/08/2020 00:22:54,200.31,FALSE
10/08/2020 00:22:53,195.08,FALSE
10/08/2020 00:22:52,169.89,FALSE
10/08/2020 00:22:51,227.39,FALSE
10/08/2020 00:22:50,181.21,FALSE
10/08/2020 00:22:49,177.98,FALSE
10/08/2020 00:22:48,199.24,FALSE
10/08/2020 00:22:47,170.31,FALSE
10/08/2020 00:22:46,227.30,FALSE
10/08/2020 00:22:45,164.06,FALSE
10/08/2020 00:22:44,167.98,FALSE
10/08/2020 00:22:43,164.12,FALSE
10/08/2020 00:22:42,184.92,FALSE
10/08/2020 00:22:41,236.65,FALSE
10/08/2020 00:22:40,223.35,FALSE
10/08/2020 00:22:39,205.67,FALSE
10/08/2020 00:22:38,205.97,FALSE
10/08/2020 00:22:37,172.76,FALSE
10/08/2020 00:22:36,167.34,FALSE
10/08/2020 00:22:35,215.21,FALSE
10/08/2020 00:22:34,227.45,FALSE
10/08/2020 00:22:33,216.38,FALSE
10/08/2020 00:22:32,162.88,FALSE
10/08/2020 00:22:31,175.51,FALSE
10/08/2020 00:22:30,184.08,FALSE
10/08/2020 00:22:29,216.47,FALSE
10/08/2020 00:22:28,206.72,FALSE
10/08/2020 00:22:27,171.55,FALSE
10/08/2020 00:22:26,191.72,FALSE
10/08/2020 00:22:25,101.72,TRUE
10/08/2020 00:22:24,173.58,FALSE
10/08/2020 00:22:23,194.75,FALSE
10/08/2020 00:22:22,232.47,FALSE
10/08/2020 00:22:21,195.71,FALSE
10/08/2020 00:22:20,230.37,FALSE
10/08/2020 00:22:19,204.83,FALSE
10/08/2020 00:22:18,236.15,FALSE
10/08/2020 00:22:17,200.04,FALSE
10/08/2020 00:22:16,206.39,FALSE
10/08/2020 00:22:15,225.44,FALSE
10/08/2020 00:22:14,208.85,FALSE
10/08/2020 00:22:13,193.05,FALSE
10/08/2020 00:22:12,208.70,FALSE
10/08/2020 00:22:11,209.76,FALSE
10/08/2020 00:22:10,201.82,FALSE
10/08/2020 00:22:09,236.47,FALSE
10/08/2020 00:22:08,228.39,FALSE
10/08/2020 00:22:07,225.05,FALSE
10/08/2020 00:22:06,175.48,FALSE
10/08/2020 00:22:05,164.57,FALSE
10/08/2020 00:22:04,205.89,FALSE
10/08/2020 00:22:03,235.11,FALSE
10/08/2020 00:22:02,191.29,FALSE
10/08/2020 00:22:01,188.89,FALSE
10/08/2020 00:22:00,189.97,FALSE
10/08/2020 00:21:59,166.33,FALSE
10/08/2020 00:21:58,238.24,FALSE
10/08/2020 00:21:57,183.98,FALSE
10/08/2020 00:21:56,179.10,FALSE
10/08/2020 00:21:55,213.18,FALSE
10/08/2020 00:21:54,223.02,FALSE
10/08/2020 00:21:53,165.53,FALSE
10/08/2020 00:21:52,213.86,FALSE
10/08/2020 00:21:51,230.66,FALSE
10/08/2020 00:21:50,178.74,FALSE
10/08/2020 00:21:49,173.28,FALSE
10/08/2020 00:21:48,177.91,FALSE
10/08/2020 00:21:47,236.43,FALSE
10/08/2020 00:21:46,233.91,FALSE
10/08/2020 00:21:45,193.08,FALSE
10/08/2020 00:21:44,182.68,FALSE
10/08/2020 00:21:43,230.37,FALSE
10/08/2020 00:21:42,205.28,FALSE
10/08/2020 00:21:41,188.78,FALSE
10/08/2020 00:21:40,215.34,FALSE
10/08/2020 00:21:39,193.14,FALSE
10/08/2020 00:21:38,235.59,FALSE
10/08/2020 00:21:37,173.83,FALSE
10/08/2020 00:21:36,197.17,FALSE
10/08/2020 00:21:35,231.42,FALSE
10/08/2020 00:21:34,222.96,FALSE
10/08/2020 00:21:33,205.46,FALSE
10/08/2020 00:21:32,166.45,FALSE
10/08/2020 00:21:31,231.28,FALSE
10/08/2020 00:21:30,163.48,FALSE
10/08/2020 00:21:29,179.22,FALSE
10/08/2020 00:21:28,183.46,FALSE
10/08/2020 00:21:27,214.98,FALSE
10/08/2020 00:21:26,219.44,FALSE
10/08/2020 00:21:25,219.62,FALSE
10/08/2020 00:21:24,209.09,FALSE
10/08/2020 00:21:23,234.30,FALSE
10/08/2020 00:21:22,227.76,FALSE
10/08/2020 00:21:21,206.37,FALSE
10/08/2020 00:21:20,181.05,FALSE
10/08/2020 00:21:19,196.80,FALSE
10/08/2020 00:21:18,196.22,FALSE
10/08/2020 00:21:17,233.45,FALSE
10/08/2020 00:21:16,209.14,FALSE
10/08/2020 00:21:15,213.67,FALSE
10/08/2020 00:21:14,202.45,FALSE
10/08/2020 00:21:13,223.87,FALSE
10/08/2020 00:21:12,227.47,FALSE
10/08/2020 00:21:11,319.24,TRUE
10/08/2020 00:21:10,200.40,FALSE
10/08/2020 00:21:09,167.79,FALSE
10/08/2020 00:21:08,199.09,FALSE
10/08/2020 00:21:07,172.87,FALSE
10/08/2020 00:21:06,187.37,FALSE
10/08/2020 00:21:05,216.46,FALSE
10/08/2020 00:21:04,203.43,FALSE
10/08/2020 00:21:03,209.41,FALSE
10/08/2020 00:21:02,234.65,FALSE
10/08/2020 00:21:01,164.28,FALSE
10/08/2020 00:21:00,219.73,FALSE
10/08/2020 00:20:59,168.94,FALSE
10/08/2020 00:20:58,217.72,FALSE
10/08/2020 00:20:57,224.52,FALSE
10/08/2020 00:20:56,203.48,FALSE
10/08/2020 00:20:55,179.36,FALSE
10/08/2020 00:20:54,161.57,FALSE
10/08/2020 00:20:53,195.80,FALSE
10/08/2020 00:20:52,207.71,FALSE
10/08/2020 00:20:51,192.84,FALSE
10/08/2020 00:20:50,175.60,FALSE
10/08/2020 00:20:49,192.56,FALSE
10/08/2020 00:20:48,195.38,FALSE
10/08/2020 00:20:47,164.06,FALSE
10/08/2020 00:20:46,177.56,FALSE
10/08/2020 00:20:45,169.86,FALSE
10/08/2020 00:20:44,202.50,FALSE
10/08/2020 00:20:43,198.08,FALSE
10/08/2020 00:20:42,224.26,FALSE
10/08/2020 00:20:41,195.10,FALSE
10/08/2020 00:20:40,229.14,FALSE
10/08/2020 00:20:39,201.34,FALSE
10/08/2020 00:20:38,233.46,FALSE
10/08/2020 00:20:37,227.85,FALSE
10/08/2020 00:20:36,208.43,FALSE
10/08/2020 00:20:35,225.97,FALSE
10/08/2020 00:20:34,186.46,FALSE
10/08/2020 00:20:33,195.89,FALSE
10/08/2020 00:20:32,209.85,FALSE
10/08/2020 00:20:31,172.65,FALSE
10/08/2020 00:20:30,235.15,FALSE
10/08/2020 00:20:29,204.38,FALSE
10/08/2020 00:20:28,164.51,FALSE
10/08/2020 00:20:27,118.44,TRUE
10/08/2020 00:20:26,199.93,FALSE
10/08/2020 00:20:25,175.61,FALSE
10/08/2020 00:20:24,204.25,FALSE
10/08/2020 00:20:23,234.96,FALSE
10/08/2020 00:20:22,193.38,FALSE
10/08/2020 00:20:21,184.06,FALSE
10/08/2020 00:20:20,205.00,FALSE
10/08/2020 00:20:19,197.88,FALSE
10/08/2020 00:20:18,227.84,FALSE
10/08/2020 00:20:17,239.93,FALSE
10/08/2020 00:20:16,193.45,FALSE
10/08/2020 00:20:15,190.58,FALSE
10/08/2020 00:20:14,197.03,FALSE
10/08/2020 00:20:13,233.05,FALSE
10/08/2020 00:20:12,204.74,FALSE
10/08/2020 00:20:11,164.42,FALSE
10/08/2020 00:20:10,162.59,FALSE
10/08/2020 00:20:09,185.66,FALSE
10/08/2020 00:20:08,174.58,FALSE
10/08/2020 00:20:07,224.77,FALSE
10/08/2020 00:20:06,234.55,FALSE
10/08/2020 00:20:05,187.03,FALSE
10/08/2020 00:20:04,222.41,FALSE
10/08/2020 00:20:03,160.33,FALSE
10/08/2020 00:20:02,191.71,FALSE
10/08/2020 00:20:01,181.73,FALSE
10/08/2020 00:20:00,210.18,FALSE
10/08/2020 00:19:59,212.38,FALSE
10/08/2020 00:19:58,184.74,FALSE
10/08/2020 00:19:57,202.57,FALSE
10/08/2020 00:19:56,238.47,FALSE
10/08/2020 00:19:55,192.42,FALSE
10/08/2020 00:19:54,186.14,FALSE
10/08/2020 00:19:53,166.90,FALSE
10/08/2020 00:19:52,165.90,FALSE
10/08/2020 00:19:51,184.22,FALSE
10/08/2020 00:19:50,234.38,FALSE
10/08/2020 00:19:49,165.72,FALSE
10/08/2020 00:19:49,235.26,FALSE
10/08/2020 00:19:48,216.92,FALSE
10/08/2020 00:19:47,230.37,FALSE
10/08/2020 00:19:46,232.05,FALSE
10/08/2020 00:19:45,160.06,FALSE
10/08/2020 00:19:44,229.10,FALSE
10/08/2020 00:19:43,184.67,FALSE
10/08/2020 00:19:42,203.55,FALSE
10/08/2020 00:19:41,208.58,FALSE
10/08/2020 00:19:40,198.65,FALSE
10/08/2020 00:19:39,219.15,FALSE
10/08/2020 00:19:38,198.56,FALSE
10/08/2020 00:19:37,163.97,FALSE
10/08/2020 00:19:36,222.67,FALSE
10/08/2020 00:19:35,222.45,FALSE
10/08/2020 00:19:34,176.74,FALSE
10/08/2020 00:19:33,229.77,FALSE
10/08/2020 00:19:32,187.89,FALSE
10/08/2020 00:19:31,224.68,FALSE
10/08/2020 00:19:30,228.12,FALSE
10/08/2020 00:19:29,196.71,FALSE
10/08/2020 00:19:28,226.00,FALSE
10/08/2020 00:19:27,163.81,FALSE
10/08/2020 00:19:26,192.04,FALSE
10/08/2020 00:19:25,164.25,FALSE
10/08/2020 00:19:24,205.83,FALSE
10/08/2020 00:19:23,221.34,FALSE
10/08/2020 00:19:22,204.55,FALSE
10/08/2020 00:19:21,179.99,FALSE
10/08/2020 00:19:20,232.86,FALSE
10/08/2020 00:19:19,211.71,FALSE
10/08/2020 00:19:18,196.84,FALSE
10/08/2020 00:19:17,166.90,FALSE
10/08/2020 00:19:16,238.10,FALSE
10/08/2020 00:19:15,224.36,FALSE
10/08/2020 00:19:14,215.93,FALSE
10/08/2020 00:19:13,175.03,FALSE
10/08/2020 00:19:12,219.73,FALSE
10/08/2020 00:19:11,176.94,FALSE
10/08/2020 00:19:10,190.65,FALSE
10/08/2020 00:19:09,221.27,FALSE
10/08/2020 00:19:08,182.06,FALSE
10/08/2020 00:19:07,180.73,FALSE
10/08/2020 00:19:06,184.79,FALSE
10/08/2020 00:19:05,211.71,FALSE
10/08/2020 00:19:04,238.14,FALSE
10/08/2020 00:19:03,229.59,FALSE
10/08/2020 00:19:02,200.62,FALSE
10/08/2020 00:19:01,198.79,FALSE
10/08/2020 00:19:00,203.96,FALSE
10/08/2020 00:18:59,200.11,FALSE
10/08/2020 00:18:58,165.25,FALSE
10/08/2020 00:18:57,180.59,FALSE
10/08/2020 00:18:56,162.36,FALSE
10/08/2020 00:18:55,231.21,FALSE
10/08/2020 00:18:54,186.75,FALSE
10/08/2020 00:18:53,175.36,FALSE
10/08/2020 00:18:52,193.68,FALSE
10/08/2020 00:18:51,233.25,FALSE
10/08/2020 00:18:50,183.65,FALSE
10/08/2020 00:18:49,161.11,FALSE
10/08/2020 00:18:48,196.74,FALSE
10/08/2020 00:18:47,219.66,FALSE
10/08/2020 00:18:46,169.95,FALSE
10/08/2020 00:18:45,162.31,FALSE
10/08/2020 00:18:44,205.59,FALSE
10/08/2020 00:18:43,219.84,FALSE
10/08/2020 00:18:42,164.13,FALSE
10/08/2020 00:18:41,167.89,FALSE
10/08/2020 00:18:40,234.00,FALSE
10/08/2020 00:18:39,207.01,FALSE
10/08/2020 00:18:38,237.69,FALSE
10/08/2020 00:18:37,194.38,FALSE
10/08/2020 00:18:36,175.24,FALSE
10/08/2020 00:18:35,234.82,FALSE
10/08/2020 00:18:34,189.57,FALSE
10/08/2020 00:18:33,175.08,FALSE
10/08/2020 00:18:32,168.65,FALSE
10/08/2020 00:18:31,173.45,FALSE
10/08/2020 00:18:30,172.18,FALSE
10/08/2020 00:18:29,180.29,FALSE
10/08/2020 00:18:28,169.39,FALSE
10/08/2020 00:18:27,235.08,FALSE
10/08/2020 00:18:26,168.35,FALSE
10/08/2020 00:18:25,207.10,FALSE
10/08/2020 00:18:24,177.90,FALSE
10/08/2020 00:18:23,178.64,FALSE
10/08/2020 00:18:22,104.99,TRUE
10/08/2020 00:18:21,175.49,FALSE
10/08/2020 00:18:20,220.78,FALSE
10/08/2020 00:18:19,194.57,FALSE
10/08/2020 00:18:18,168.19,FALSE
10/08/2020 00:18:17,232.04,FALSE
10/08/2020 00:18:16,219.52,FALSE
10/08/2020 00:18:15,176.97,FALSE
10/08/2020 00:18:14,217.13,FALSE
10/08/2020 00:18:13,226.61,FALSE
10/08/2020 00:18:12,190.05,FALSE
10/08/2020 00:18:11,200.39,FALSE
10/08/2020 00:18:10,167.18,FALSE
10/08/2020 00:18:09,179.62,FALSE
10/08/2020 00:18:08,231.51,FALSE
10/08/2020 00:18:07,179.84,FALSE
10/08/2020 00:18:06,231.01,FALSE
10/08/2020 00:18:05,162.09,FALSE
10/08/2020 00:18:04,221.17,FALSE
10/08/2020 00:18:03,169.71,FALSE
10/08/2020 00:18:02,177.96,FALSE
10/08/2020 00:18:01,207.33,FALSE
10/08/2020 00:18:00,206.39,FALSE
10/08/2020 00:17:59,169.01,FALSE
10/08/2020 00:17:58,172.45,FALSE
10/08/2020 00:17:57,206.52,FALSE
10/08/2020 00:17:56,218.67,FALSE
10/08/2020 00:17:55,198.86,FALSE
10/08/2020 00:17:54,280.62,TRUE
10/08/2020 00:17:53,209.74,FALSE
10/08/2020 00:17:52,187.52,FALSE
10/08/2020 00:17:51,231.49,FALSE
10/08/2020 00:17:50,184.27,FALSE
10/08/2020 00:17:49,209.13,FALSE
10/08/2020 00:17:48,239.44,FALSE
10/08/2020 00:17:47,226.70,FALSE
10/08/2020 00:17:46,232.42,FALSE
10/08/2020 00:17:45,228.31,FALSE
10/08/2020 00:17:44,171.15,FALSE
10/08/2020 00:17:43,162.17,FALSE
10/08/2020 00:17:42,170.06,FALSE
10/08/2020 00:17:41,189.39,FALSE
10/08/2020 00:17:40,237.29,FALSE
10/08/2020 00:17:39,164.69,FALSE
10/08/2020 00:17:38,222.07,FALSE
10/08/2020 00:17:37,206.98,FALSE
10/08/2020 00:17:36,191.76,FALSE
10/08/2020 00:17:35,211.25,FALSE
10/08/2020 00:17:34,181.29,FALSE
10/08/2020 00:17:33,183.70,FALSE
10/08/2020 00:17:32,198.33,FALSE
10/08/2020 00:17:31,176.98,FALSE
10/08/2020 00:17:30,195.08,FALSE
10/08/2020 00:17:29,173.69,FALSE
10/08/2020 00:17:28,189.44,FALSE
10/08/2020 00:17:27,195.07,FALSE
10/08/2020 00:17:26,185.32,FALSE
10/08/2020 00:17:25,187.90,FALSE
10/08/2020 00:17:24,183.63,FALSE
10/08/2020 00:17:23,213.96,FALSE
10/08/2020 00:17:22,217.09,FALSE
10/08/2020 00:17:21,192.00,FALSE
10/08/2020 00:17:20,230.00,FALSE
10/08/2020 00:17:19,174.76,FALSE
10/08/2020 00:17:18,212.54,FALSE
10/08/2020 00:17:17,166.10,FALSE
10/08/2020 00:17:16,209.14,FALSE
10/08/2020 00:17:15,163.55,FALSE
10/08/2020 00:17:14,182.23,FALSE
10/08/2020 00:17:13,173.92,FALSE
10/08/2020 00:17:12,218.79,FALSE
10/08/2020 00:17:11,231.96,FALSE
10/08/2020 00:17:10,223.70,FALSE
10/08/2020 00:17:09,187.78,FALSE
10/08/2020 00:17:08,220.01,FALSE
10/08/2020 00:17:07,222.40,FALSE
10/08/2020 00:17:06,214.79,FALSE
10/08/2020 00:17:05,134.12,TRUE
10/08/2020 00:17:04,235.75,FALSE
10/08/2020 00:17:03,185.80,FALSE
10/08/2020 00:17:02,179.49,FALSE
10/08/2020 00:17:01,194.99,FALSE
10/08/2020 00:17:00,236.12,FALSE
10/08/2020 00:16:59,230.17,FALSE
10/08/2020 00:16:58,176.28,FALSE
10/08/2020 00:16:57,203.65,FALSE
10/08/2020 00:16:56,170.75,FALSE
10/08/2020 00:16:55,238.47,FALSE
10/08/2020 00:16:54,237.30,FALSE
10/08/2020 00:16:53,236.58,FALSE
10/08/2020 00:16:52,160.62,FALSE
10/08/2020 00:16:51,196.52,FALSE
10/08/2020 00:16:50,226.92,FALSE
10/08/2020 00:16:49,199.61,FALSE
10/08/2020 00:16:48,232.88,FALSE
10/08/2020 00:16:47,230.53,FALSE
10/08/2020 00:16:46,234.83,FALSE
10/08/2020 00:16:45,209.73,FALSE
10/08/2020 00:16:44,205.17,FALSE
10/08/2020 00:16:43,184.63,FALSE
10/08/2020 00:16:42,202.82,FALSE
10/08/2020 00:16:41,206.91,FALSE
10/08/2020 00:16:40,209.26,FALSE
10/08/2020 00:16:39,236.55,FALSE
10/08/2020 00:16:38,167.30,FALSE
10/08/2020 00:16:37,214.64,FALSE
10/08/2020 00:16:36,192.44,FALSE
10/08/2020 00:16:35,181.52,FALSE
10/08/2020 00:16:34,164.70,FALSE
10/08/2020 00:16:33,178.06,FALSE
10/08/2020 00:16:32,171.59,FALSE
10/08/2020 00:16:31,205.63,FALSE
10/08/2020 00:16:30,234.61,FALSE
10/08/2020 00:16:30,223.33,FALSE
10/08/2020 00:16:29,170.25,FALSE
10/08/2020 00:16:28,188.09,FALSE
10/08/2020 00:16:27,209.52,FALSE
10/08/2020 00:16:26,160.51,FALSE
10/08/2020 00:16:25,182.87,FALSE
10/08/2020 00:16:24,187.23,FALSE
10/08/2020 00:16:23,189.72,FALSE
10/08/2020 00:16:22,80.39,TRUE
10/08/2020 00:16:21,227.50,FALSE
10/08/2020 00:16:20,198.90,FALSE
10/08/2020 00:16:19,206.28,FALSE
10/08/2020 00:16:18,170.53,FALSE
10/08/2020 00:16:17,188.58,FALSE
10/08/2020 00:16:16,203.37,FALSE
10/08/2020 00:16:15,166.78,FALSE
10/08/2020 00:16:14,180.43,FALSE
10/08/2020 00:16:13,227.65,FALSE
10/08/2020 00:16:12,170.76,FALSE
10/08/2020 00:16:11,199.70,FALSE
10/08/2020 00:16:10,183.16,FALSE
10/08/2020 00:16:09,204.09,FALSE
10/08/2020 00:16:08,237.60,FALSE
10/08/2020 00:16:07,191.33,FALSE
10/08/2020 00:16:06,164.38,FALSE
10/08/2020 00:16:05,175.07,FALSE
10/08/2020 00:16:04,183.47,FALSE
10/08/2020 00:16:03,169.40,FALSE
10/08/2020 00:16:02,178.55,FALSE
10/08/2020 00:16:01,200.46,FALSE
10/08/2020 00:16:00,184.13,FALSE
10/08/2020 00:15:59,180.40,FALSE
10/08/2020 00:15:58,208.33,FALSE
10/08/2020 00:15:57,177.91,FALSE
10/08/2020 00:15:56,213.24,FALSE
10/08/2020 00:15:55,206.03,FALSE
10/08/2020 00:15:54,239.43,FALSE
10/08/2020 00:15:53,218.27,FALSE
10/08/2020 00:15:52,191.50,FALSE
10/08/2020 00:15:51,238.84,FALSE
10/08/2020 00:15:50,230.39,FALSE
10/08/2020 00:15:49,232.26,FALSE
10/08/2020 00:15:48,239.70,FALSE
10/08/2020 00:15:47,239.35,FALSE
10/08/2020 00:15:46,213.30,FALSE
10/08/2020 00:15:45,192.22,FALSE
10/08/2020 00:15:44,192.05,FALSE
10/08/2020 00:15:43,216.27,FALSE
10/08/2020 00:15:42,210.31,FALSE
10/08/2020 00:15:41,225.20,FALSE
10/08/2020 00:15:40,165.34,FALSE
10/08/2020 00:15:39,210.52,FALSE
10/08/2020 00:15:38,315.05,TRUE
10/08/2020 00:15:37,216.36,FALSE
10/08/2020 00:15:36,208.84,FALSE
10/08/2020 00:15:35,164.17,FALSE
10/08/2020 00:15:34,225.11,FALSE
10/08/2020 00:15:33,229.30,FALSE
10/08/2020 00:15:32,166.99,FALSE
10/08/2020 00:15:31,185.30,FALSE
10/08/2020 00:15:30,218.42,FALSE
10/08/2020 00:15:29,207.07,FALSE
10/08/2020 00:15:28,227.91,FALSE
10/08/2020 00:15:27,203.93,FALSE
10/08/2020 00:15:26,237.97,FALSE
10/08/2020 00:15:25,223.51,FALSE
10/08/2020 00:15:24,235.55,FALSE
10/08/2020 00:15:23,208.27,FALSE
10/08/2020 00:15:22,191.45,FALSE
10/08/2020 00:15:21,162.21,FALSE
10/08/2020 00:15:20,200.82,FALSE
10/08/2020 00:15:19,202.01,FALSE
10/08/2020 00:15:18,228.33,FALSE
10/08/2020 00:15:17,220.28,FALSE
10/08/2020 00:15:16,164.38,FALSE
10/08/2020 00:15:15,169.98,FALSE
10/08/2020 00:15:14,191.00,FALSE
10/08/2020 00:15:13,81.40,TRUE
10/08/2020 00:15:12,191.04,FALSE
10/08/2020 00:15:11,187.93,FALSE
10/08/2020 00:15:10,184.57,FALSE
10/08/2020 00:15:09,172.75,FALSE
10/08/2020 00:15:08,183.35,FALSE
10/08/2020 00:15:07,196.58,FALSE
10/08/2020 00:15:06,179.83,FALSE
10/08/2020 00:15:05,186.57,FALSE
10/08/2020 00:15:04,196.66,FALSE
10/08/2020 00:15:03,198.86,FALSE
10/08/2020 00:15:02,225.08,FALSE
10/08/2020 00:15:01,211.79,FALSE
10/08/2020 00:15:00,177.69,FALSE
10/08/2020 00:14:59,198.89,FALSE
10/08/2020 00:14:58,177.66,FALSE
10/08/2020 00:14:57,195.31,FALSE
10/08/2020 00:14:56,203.48,FALSE
10/08/2020 00:14:55,201.07,FALSE
10/08/2020 00:14:54,176.13,FALSE
10/08/2020 00:14:53,233.37,FALSE
10/08/2020 00:14:52,168.20,FALSE
10/08/2020 00:14:51,181.52,FALSE
10/08/2020 00:14:50,207.65,FALSE
10/08/2020 00:14:49,210.91,FALSE
10/08/2020 00:14:48,199.47,FALSE
10/08/2020 00:14:47,191.27,FALSE
10/08/2020 00:14:46,185.83,FALSE
10/08/2020 00:14:45,161.48,FALSE
10/08/2020 00:14:44,236.38,FALSE
10/08/2020 00:14:43,219.98,FALSE
10/08/2020 00:14:42,198.45,FALSE
10/08/2020 00:14:41,216.56,FALSE
10/08/2020 00:14:40,174.45,FALSE
10/08/2020 00:14:39,185.86,FALSE
10/08/2020 00:14:38,175.99,FALSE
10/08/2020 00:14:37,223.06,FALSE
10/08/2020 00:14:36,172.59,FALSE
10/08/2020 00:14:35,178.59,FALSE
10/08/2020 00:14:34,228.61,FALSE
10/08/2020 00:14:33,192.35,FALSE
10/08/2020 00:14:32,222.99,FALSE
10/08/2020 00:14:31,201.99,FALSE
10/08/2020 00:14:30,223.90,FALSE
10/08/2020 00:14:29,228.59,FALSE
10/08/2020 00:14:28,191.64,FALSE
10/08/2020 00:14:27,217.97,FALSE
10/08/2020 00:14:26,189.48,FALSE
10/08/2020 00:14:25,237.22,FALSE
10/08/2020 00:14:24,162.77,FALSE
10/08/2020 00:14:23,164.05,FALSE
10/08/2020 00:14:22,171.75,FALSE
10/08/2020 00:14:21,231.23,FALSE
10/08/2020 00:14:20,163.13,FALSE
10/08/2020 00:14:19,211.70,FALSE
10/08/2020 00:14:18,200.77,FALSE
10/08/2020 00:14:17,172.35,FALSE
10/08/2020 00:14:16,164.03,FALSE
10/08/2020 00:14:15,228.77,FALSE
10/08/2020 00:14:14,246.25,TRUE
10/08/2020 00:14:13,222.30,FALSE
10/08/2020 00:14:12,164.73,FALSE
10/08/2020 00:14:11,236.50,FALSE
10/08/2020 00:14:10,182.73,FALSE
10/08/2020 00:14:09,193.45,FALSE
10/08/2020 00:14:08,200.41,FALSE
10/08/2020 00:14:07,152.01,TRUE
10/08/2020 00:14:06,199.60,FALSE
10/08/2020 00:14:05,199.91,FALSE
10/08/2020 00:14:04,182.97,FALSE
10/08/2020 00:14:03,186.46,FALSE
10/08/2020 00:14:02,204.41,FALSE
10/08/2020 00:14:01,161.84,FALSE
10/08/2020 00:14:00,199.33,FALSE
10/08/2020 00:13:59,212.95,FALSE
10/08/2020 00:13:58,234.80,FALSE
10/08/2020 00:13:57,219.09,FALSE
10/08/2020 00:13:56,210.88,FALSE
10/08/2020 00:13:55,189.15,FALSE
10/08/2020 00:13:54,198.01,FALSE
10/08/2020 00:13:53,166.61,FALSE
10/08/2020 00:13:52,214.73,FALSE
10/08/2020 00:13:51,205.20,FALSE
10/08/2020 00:13:50,221.80,FALSE
10/08/2020 00:13:49,187.81,FALSE
10/08/2020 00:13:48,200.65,FALSE
10/08/2020 00:13:47,174.88,FALSE
10/08/2020 00:13:46,191.90,FALSE
10/08/2020 00:13:45,161.96,FALSE
10/08/2020 00:13:44,231.41,FALSE
10/08/2020 00:13:43,180.90,FALSE
10/08/2020 00:13:42,202.93,FALSE
10/08/2020 00:13:41,178.67,FALSE
10/08/2020 00:13:40,197.73,FALSE
10/08/2020 00:13:39,235.75,FALSE
10/08/2020 00:13:38,218.15,FALSE
10/08/2020 00:13:37,213.49,FALSE
10/08/2020 00:13:36,206.05,FALSE
10/08/2020 00:13:35,236.53,FALSE
10/08/2020 00:13:34,216.65,FALSE
10/08/2020 00:13:33,166.72,FALSE
10/08/2020 00:13:32,228.62,FALSE
10/08/2020 00:13:31,182.56,FALSE
10/08/2020 00:13:30,209.37,FALSE
10/08/2020 00:13:29,208.60,FALSE
10/08/2020 00:13:28,237.92,FALSE
10/08/2020 00:13:27,181.48,FALSE
10/08/2020 00:13:26,203.07,FALSE
10/08/2020 00:13:25,207.10,FALSE
10/08/2020 00:13:24,217.71,FALSE
10/08/2020 00:13:23,175.58,FALSE
10/08/2020 00:13:22,217.60,FALSE
10/08/2020 00:13:21,228.01,FALSE
10/08/2020 00:13:20,174.96,FALSE
10/08/2020 00:13:19,168.18,FALSE
10/08/2020 00:13:18,178.66,FALSE
10/08/2020 00:13:17,171.55,FALSE
10/08/2020 00:13:16,184.28,FALSE
10/08/2020 00:13:15,214.33,FALSE
10/08/2020 00:13:14,193.38,FALSE
10/08/2020 00:13:13,164.85,FALSE
10/08/2020 00:13:12,223.66,FALSE
10/08/2020 00:13:11,218.95,FALSE
10/08/2020 00:13:11,205.58,FALSE
10/08/2020 00:13:10,226.87,FALSE
10/08/2020 00:13:09,178.77,FALSE
10/08/2020 00:13:08,180.49,FALSE
10/08/2020 00:13:07,166.26,FALSE
10/08/2020 00:13:06,234.14,FALSE
10/08/2020 00:13:05,166.08,FALSE
10/08/2020 00:13:04,212.77,FALSE
10/08/2020 00:13:03,203.59,FALSE
10/08/2020 00:13:02,177.25,FALSE
10/08/2020 00:13:01,193.17,FALSE
10/08/2020 00:13:00,215.51,FALSE
10/08/2020 00:12:59,198.70,FALSE
10/08/2020 00:12:58,230.06,FALSE
10/08/2020 00:12:57,161.08,FALSE
10/08/2020 00:12:56,161.22,FALSE
10/08/2020 00:12:55,193.18,FALSE
10/08/2020 00:12:54,182.97,FALSE
10/08/2020 00:12:53,183.54,FALSE
10/08/2020 00:12:52,192.10,FALSE
10/08/2020 00:12:51,193.19,FALSE
10/08/2020 00:12:50,234.50,FALSE
10/08/2020 00:12:49,170.50,FALSE
10/08/2020 00:12:48,172.94,FALSE
10/08/2020 00:12:47,219.92,FALSE
10/08/2020 00:12:46,167.16,FALSE
10/08/2020 00:12:45,187.59,FALSE
10/08/2020 00:12:44,197.02,FALSE
10/08/2020 00:12:43,236.12,FALSE
10/08/2020 00:12:42,214.37,FALSE
10/08/2020 00:12:41,173.79,FALSE
10/08/2020 00:12:40,258.17,TRUE
10/08/2020 00:12:39,174.81,FALSE
10/08/2020 00:12:38,197.33,FALSE
10/08/2020 00:12:37,193.34,FALSE
10/08/2020 00:12:36,205.38,FALSE
10/08/2020 00:12:35,217.92,FALSE
10/08/2020 00:12:34,239.11,FALSE
10/08/2020 00:12:33,162.51,FALSE
10/08/2020 00:12:32,162.75,FALSE
10/08/2020 00:12:31,220.04,FALSE
10/08/2020 00:12:30,220.59,FALSE
10/08/2020 00:12:29,186.80,FALSE
10/08/2020 00:12:28,169.30,FALSE
10/08/2020 00:12:27,180.90,FALSE
10/08/2020 00:12:26,170.64,FALSE
10/08/2020 00:12:25,182.44,FALSE
10/08/2020 00:12:24,227.35,FALSE
10/08/2020 00:12:23,194.10,FALSE
10/08/2020 00:12:22,210.26,FALSE
10/08/2020 00:12:21,183.38,FALSE
10/08/2020 00:12:20,212.82,FALSE
10/08/2020 00:12:19,213.74,FALSE
10/08/2020 00:12:18,209.84,FALSE
10/08/2020 00:12:17,218.54,FALSE
10/08/2020 00:12:16,226.29,FALSE
10/08/2020 00:12:15,193.57,FALSE
10/08/2020 00:12:14,196.60,FALSE
10/08/2020 00:12:13,110.35,TRUE
10/08/2020 00:12:12,163.24,FALSE
10/08/2020 00:12:11,195.37,FALSE
10/08/2020 00:12:10,194.36,FALSE
10/08/2020 00:12:09,204.03,FALSE
10/08/2020 00:12:08,205.48,FALSE
10/08/2020 00:12:07,229.72,FALSE
10/08/2020 00:12:06,198.47,FALSE
10/08/2020 00:12:05,227.27,FALSE
10/08/2020 00:12:04,163.58,FALSE
10/08/2020 00:12:03,177.01,FALSE
10/08/2020 00:12:02,171.03,FALSE
10/08/2020 00:12:01,197.50,FALSE
10/08/2020 00:12:00,189.58,FALSE
10/08/2020 00:11:59,163.90,FALSE
10/08/2020 00:11:58,227.31,FALSE
10/08/2020 00:11:57,222.08,FALSE
10/08/2020 00:11:56,235.66,FALSE
10/08/2020 00:11:55,184.82,FALSE
10/08/2020 00:11:54,184.46,FALSE
10/08/2020 00:11:53,195.20,FALSE
10/08/2020 00:11:52,219.72,FALSE
10/08/2020 00:11:51,233.51,FALSE
10/08/2020 00:11:50,173.13,FALSE
10/08/2020 00:11:49,185.33,FALSE
10/08/2020 00:11:48,165.90,FALSE
10/08/2020 00:11:47,227.10,FALSE
10/08/2020 00:11:46,187.98,FALSE
10/08/2020 00:11:45,207.08,FALSE
10/08/2020 00:11:44,200.90,FALSE
10/08/2020 00:11:43,225.36,FALSE
10/08/2020 00:11:42,217.26,FALSE
10/08/2020 00:11:41,213.79,FALSE
10/08/2020 00:11:40,223.41,FALSE
10/08/2020 00:11:39,198.30,FALSE
10/08/2020 00:11:38,194.73,FALSE
10/08/2020 00:11:37,171.67,FALSE
10/08/2020 00:11:36,221.77,FALSE
10/08/2020 00:11:35,183.95,FALSE
10/08/2020 00:11:34,235.36,FALSE
10/08/2020 00:11:33,209.73,FALSE
10/08/2020 00:11:32,209.78,FALSE
10/08/2020 00:11:31,230.33,FALSE
10/08/2020 00:11:30,199.98,FALSE
10/08/2020 00:11:29,221.06,FALSE
10/08/2020 00:11:28,228.39,FALSE
10/08/2020 00:11:27,215.02,FALSE
10/08/2020 00:11:26,204.65,FALSE
10/08/2020 00:11:25,181.27,FALSE
10/08/2020 00:11:24,236.93,FALSE
10/08/2020 00:11:23,162.09,FALSE
10/08/2020 00:11:22,178.69,FALSE
10/08/2020 00:11:21,209.74,FALSE
10/08/2020 00:11:20,193.04,FALSE
10/08/2020 00:11:19,210.97,FALSE
10/08/2020 00:11:18,162.65,FALSE
10/08/2020 00:11:17,223.47,FALSE
10/08/2020 00:11:16,198.09,FALSE
10/08/2020 00:11:15,175.51,FALSE
10/08/2020 00:11:14,174.14,FALSE
10/08/2020 00:11:13,212.73,FALSE
10/08/2020 00:11:12,160.34,FALSE
10/08/2020 00:11:11,176.08,FALSE
10/08/2020 00:11:10,234.60,FALSE
10/08/2020 00:11:09,198.20,FALSE
10/08/2020 00:11:08,177.82,FALSE
10/08/2020 00:11:07,270.48,TRUE
10/08/2020 00:11:06,192.01,FALSE
10/08/2020 00:11:05,206.36,FALSE
10/08/2020 00:11:04,239.62,FALSE
10/08/2020 00:11:03,177.11,FALSE
10/08/2020 00:11:02,221.23,FALSE
10/08/2020 00:11:01,289.71,TRUE
10/08/2020 00:11:00,175.66,FALSE
10/08/2020 00:10:59,217.65,FALSE
10/08/2020 00:10:58,214.99,FALSE
10/08/2020 00:10:57,179.42,FALSE
10/08/2020 00:10:56,180.89,FALSE
10/08/2020 00:10:55,180.98,FALSE
10/08/2020 00:10:54,207.36,FALSE
10/08/2020 00:10:53,214.42,FALSE
10/08/2020 00:10:52,177.49,FALSE
10/08/2020 00:10:51,175.61,FALSE
10/08/2020 00:10:50,210.94,FALSE
10/08/2020 00:10:49,183.12,FALSE
10/08/2020 00:10:48,201.30,FALSE
10/08/2020 00:10:47,195.16,FALSE
10/08/2020 00:10:46,233.59,FALSE
10/08/2020 00:10:45,206.96,FALSE
10/08/2020 00:10:44,180.88,FALSE
10/08/2020 00:10:43,301.14,TRUE
10/08/2020 00:10:42,195.77,FALSE
10/08/2020 00:10:41,227.35,FALSE
10/08/2020 00:10:40,164.28,FALSE
10/08/2020 00:10:39,163.96,FALSE
10/08/2020 00:10:38,196.81,FALSE
10/08/2020 00:10:37,226.25,FALSE
10/08/2020 00:10:36,164.45,FALSE
10/08/2020 00:10:35,199.66,FALSE
10/08/2020 00:10:34,160.03,FALSE
10/08/2020 00:10:33,213.70,FALSE
10/08/2020 00:10:32,166.44,FALSE
10/08/2020 00:10:31,184.39,FALSE
10/08/2020 00:10:30,212.54,FALSE
10/08/2020 00:10:29,166.43,FALSE
10/08/2020 00:10:28,217.13,FALSE
10/08/2020 00:10:27,237.01,FALSE
10/08/2020 00:10:26,202.16,FALSE
10/08/2020 00:10:25,206.96,FALSE
10/08/2020 00:10:24,169.05,FALSE
10/08/2020 00:10:23,207.75,FALSE
10/08/2020 00:10:22,220.60,FALSE
10/08/2020 00:10:21,175.87,FALSE
10/08/2020 00:10:20,233.49,FALSE
10/08/2020 00:10:19,237.74,FALSE
10/08/2020 00:10:18,165.70,FALSE
10/08/2020 00:10:17,202.84,FALSE
10/08/2020 00:10:16,161.93,FALSE
10/08/2020 00:10:15,226.87,FALSE
10/08/2020 00:10:14,239.92,FALSE
10/08/2020 00:10:13,229.06,FALSE
10/08/2020 00:10:12,188.52,FALSE
10/08/2020 00:10:11,178.92,FALSE
10/08/2020 00:10:10,219.26,FALSE
10/08/2020 00:10:09,183.72,FALSE
10/08/2020 00:10:08,176.92,FALSE
10/08/2020 00:10:07,172.47,FALSE
10/08/2020 00:10:06,182.55,FALSE
10/08/2020 00:10:05,235.87,FALSE
10/08/2020 00:10:04,177.06,FALSE
10/08/2020 00:10:03,215.42,FALSE
10/08/2020 00:10:02,176.34,FALSE
10/08/2020 00:10:01,235.70,FALSE
10/08/2020 00:10:00,227.84,FALSE
10/08/2020 00:09:59,235.48,FALSE
10/08/2020 00:09:58,234.37,FALSE
10/08/2020 00:09:57,198.51,FALSE
10/08/2020 00:09:56,221.63,FALSE
10/08/2020 00:09:55,180.84,FALSE
10/08/2020 00:09:54,237.41,FALSE
10/08/2020 00:09:53,221.41,FALSE
10/08/2020 00:09:52,163.95,FALSE
10/08/2020 00:09:52,167.20,FALSE
10/08/2020 00:09:51,172.98,FALSE
10/08/2020 00:09:50,171.61,FALSE
10/08/2020 00:09:49,184.00,FALSE
10/08/2020 00:09:48,203.59,FALSE
10/08/2020 00:09:47,174.79,FALSE
10/08/2020 00:09:46,197.19,FALSE
10/08/2020 00:09:45,207.69,FALSE
10/08/2020 00:09:44,223.32,FALSE
10/08/2020 00:09:43,173.50,FALSE
10/08/2020 00:09:42,187.28,FALSE
10/08/2020 00:09:41,221.55,FALSE
10/08/2020 00:09:40,192.38,FALSE
10/08/2020 00:09:39,232.12,FALSE
10/08/2020 00:09:38,174.56,FALSE
10/08/2020 00:09:37,211.93,FALSE
10/08/2020 00:09:36,162.32,FALSE
10/08/2020 00:09:35,167.18,FALSE
10/08/2020 00:09:34,223.26,FALSE
10/08/2020 00:09:33,171.81,FALSE
10/08/2020 00:09:32,185.84,FALSE
10/08/2020 00:09:31,181.49,FALSE
10/08/2020 00:09:30,164.94,FALSE
10/08/2020 00:09:29,227.83,FALSE
10/08/2020 00:09:28,226.68,FALSE
10/08/2020 00:09:27,183.88,FALSE
10/08/2020 00:09:26,206.71,FALSE
10/08/2020 00:09:25,164.25,FALSE
10/08/2020 00:09:24,228.97,FALSE
10/08/2020 00:09:23,232.89,FALSE
10/08/2020 00:09:22,168.47,FALSE
10/08/2020 00:09:21,197.51,FALSE
10/08/2020 00:09:20,194.86,FALSE
10/08/2020 00:09:19,220.73,FALSE
10/08/2020 00:09:18,202.82,FALSE
10/08/2020 00:09:17,225.87,FALSE
10/08/2020 00:09:16,239.77,FALSE
10/08/2020 00:09:15,198.24,FALSE
10/08/2020 00:09:14,211.02,FALSE
10/08/2020 00:09:13,204.62,FALSE
10/08/2020 00:09:12,231.64,FALSE
10/08/2020 00:09:11,179.58,FALSE
10/08/2020 00:09:10,175.43,FALSE
10/08/2020 00:09:09,188.70,FALSE
10/08/2020 00:09:08,173.04,FALSE
10/08/2020 00:09:07,170.09,FALSE
10/08/2020 00:09:06,224.23,FALSE
10/08/2020 00:09:05,232.83,FALSE
10/08/2020 00:09:04,218.58,FALSE
10/08/2020 00:09:03,239.74,FALSE
10/08/2020 00:09:02,162.15,FALSE
10/08/2020 00:09:01,193.49,FALSE
10/08/2020 00:09:00,214.16,FALSE
10/08/2020 00:08:59,185.53,FALSE
10/08/2020 00:08:58,212.00,FALSE
10/08/2020 00:08:57,230.47,FALSE
10/08/2020 00:08:56,185.76,FALSE
10/08/2020 00:08:55,216.05,FALSE
10/08/2020 00:08:54,194.38,FALSE
10/08/2020 00:08:53,214.67,FALSE
10/08/2020 00:08:52,239.92,FALSE
10/08/2020 00:08:51,171.07,FALSE
10/08/2020 00:08:50,186.43,FALSE
10/08/2020 00:08:49,178.51,FALSE
10/08/2020 00:08:48,183.49,FALSE
10/08/2020 00:08:47,190.68,FALSE
10/08/2020 00:08:46,161.67,FALSE
10/08/2020 00:08:45,169.29,FALSE
10/08/2020 00:08:44,207.74,FALSE
10/08/2020 00:08:43,186.76,FALSE
10/08/2020 00:08:42,224.50,FALSE
10/08/2020 00:08:41,216.20,FALSE
10/08/2020 00:08:40,227.65,FALSE
10/08/2020 00:08:39,224.14,FALSE
10/08/2020 00:08:38,164.85,FALSE
10/08/2020 00:08:37,181.44,FALSE
10/08/2020 00:08:36,160.44,FALSE
10/08/2020 00:08:35,179.08,FALSE
10/08/2020 00:08:34,165.85,FALSE
10/08/2020 00:08:33,183.29,FALSE
10/08/2020 00:08:32,122.37,TRUE
10/08/2020 00:08:31,192.72,FALSE
10/08/2020 00:08:30,170.17,FALSE
10/08/2020 00:08:29,177.03,FALSE
10/08/2020 00:08:28,167.46,FALSE
10/08/2020 00:08:27,233.36,FALSE
10/08/2020 00:08:26,171.29,FALSE
10/08/2020 00:08:25,232.39,FALSE
10/08/2020 00:08:24,197.27,FALSE
10/08/2020 00:08:23,208.19,FALSE
10/08/2020 00:08:22,178.92,FALSE
10/08/2020 00:08:21,229.10,FALSE
10/08/2020 00:08:20,230.51,FALSE
10/08/2020 00:08:19,184.86,FALSE
10/08/2020 00:08:18,236.22,FALSE
10/08/2020 00:08:17,211.26,FALSE
10/08/2020 00:08:16,175.21,FALSE
10/08/2020 00:08:15,173.79,FALSE
10/08/2020 00:08:14,231.63,FALSE
10/08/2020 00:08:13,182.71,FALSE
10/08/2020 00:08:12,167.24,FALSE
10/08/2020 00:08:11,177.46,FALSE
10/08/2020 00:08:10,220.77,FALSE
10/08/2020 00:08:09,200.69,FALSE
10/08/2020 00:08:08,194.51,FALSE
10/08/2020 00:08:07,226.12,FALSE
10/08/2020 00:08:06,208.02,FALSE
10/08/2020 00:08:05,180.36,FALSE
10/08/2020 00:08:04,193.48,FALSE
10/08/2020 00:08:03,229.34,FALSE
10/08/2020 00:08:02,190.90,FALSE
10/08/2020 00:08:01,200.61,FALSE
10/08/2020 00:08:00,183.40,FALSE
10/08/2020 00:07:59,229.19,FALSE
10/08/2020 00:07:58,179.28,FALSE
10/08/2020 00:07:57,239.86,FALSE
10/08/2020 00:07:56,185.56,FALSE
10/08/2020 00:07:55,202.66,FALSE
10/08/2020 00:07:54,216.35,FALSE
10/08/2020 00:07:53,162.21,FALSE
10/08/2020 00:07:52,186.94,FALSE
10/08/2020 00:07:51,168.73,FALSE
10/08/2020 00:07:50,233.89,FALSE
10/08/2020 00:07:49,175.83,FALSE
10/08/2020 00:07:48,227.47,FALSE
10/08/2020 00:07:47,186.72,FALSE
10/08/2020 00:07:46,208.13,FALSE
10/08/2020 00:07:45,170.78,FALSE
10/08/2020 00:07:44,194.74,FALSE
10/08/2020 00:07:43,235.12,FALSE
10/08/2020 00:07:42,166.82,FALSE
10/08/2020 00:07:41,216.04,FALSE
10/08/2020 00:07:40,209.79,FALSE
10/08/2020 00:07:39,184.22,FALSE
10/08/2020 00:07:38,204.09,FALSE
10/08/2020 00:07:37,178.63,FALSE
10/08/2020 00:07:36,230.36,FALSE
10/08/2020 00:07:35,160.68,FALSE
10/08/2020 00:07:34,232.61,FALSE
10/08/2020 00:07:33,224.60,FALSE
10/08/2020 00:07:32,177.16,FALSE
10/08/2020 00:07:31,212.19,FALSE
10/08/2020 00:07:30,232.45,FALSE
10/08/2020 00:07:29,170.55,FALSE
10/08/2020 00:07:28,226.32,FALSE
10/08/2020 00:07:27,231.17,FALSE
10/08/2020 00:07:26,223.29,FALSE
10/08/2020 00:07:25,197.44,FALSE
10/08/2020 00:07:24,203.90,FALSE
10/08/2020 00:07:23,172.09,FALSE
10/08/2020 00:07:22,164.45,FALSE
10/08/2020 00:07:21,226.67,FALSE
10/08/2020 00:07:20,181.72,FALSE
10/08/2020 00:07:19,173.38,FALSE
10/08/2020 00:07:18,171.81,FALSE
10/08/2020 00:07:17,210.74,FALSE
10/08/2020 00:07:16,231.42,FALSE
10/08/2020 00:07:15,160.03,FALSE
10/08/2020 00:07:14,183.24,FALSE
10/08/2020 00:07:13,235.35,FALSE
10/08/2020 00:07:12,201.92,FALSE
10/08/2020 00:07:11,168.93,FALSE
10/08/2020 00:07:10,201.68,FALSE
10/08/2020 00:07:09,203.34,FALSE
10/08/2020 00:07:08,175.29,FALSE
10/08/2020 00:07:07,197.97,FALSE
10/08/2020 00:07:06,205.20,FALSE
10/08/2020 00:07:05,275.71,TRUE
10/08/2020 00:07:04,176.07,FALSE
10/08/2020 00:07:03,226.73,FALSE
10/08/2020 00:07:02,224.80,FALSE
10/08/2020 00:07:01,227.35,FALSE
10/08/2020 00:07:00,231.03,FALSE
10/08/2020 00:06:59,225.49,FALSE
10/08/2020 00:06:58,160.22,FALSE
10/08/2020 00:06:57,196.00,FALSE
10/08/2020 00:06:56,236.09,FALSE
10/08/2020 00:06:55,205.04,FALSE
10/08/2020 00:06:54,190.70,FALSE
10/08/2020 00:06:53,186.50,FALSE
10/08/2020 00:06:52,182.71,FALSE
10/08/2020 00:06:51,229.23,FALSE
10/08/2020 00:06:50,167.24,FALSE
10/08/2020 00:06:49,236.84,FALSE
10/08/2020 00:06:48,209.25,FALSE
10/08/2020 00:06:47,166.22,FALSE
10/08/2020 00:06:46,199.43,FALSE
10/08/2020 00:06:45,209.65,FALSE
10/08/2020 00:06:44,210.89,FALSE
10/08/2020 00:06:43,210.44,FALSE
10/08/2020 00:06:42,227.50,FALSE
10/08/2020 00:06:41,203.30,FALSE
10/08/2020 00:06:40,223.51,FALSE
10/08/2020 00:06:39,210.60,FALSE
10/08/2020 00:06:38,187.39,FALSE
10/08/2020 00:06:37,187.92,FALSE
10/08/2020 00:06:36,185.03,FALSE
10/08/2020 00:06:35,174.16,FALSE
10/08/2020 00:06:34,180.79,FALSE
10/08/2020 00:06:33,170.23,FALSE
10/08/2020 00:06:33,229.34,FALSE
10/08/2020 00:06:32,183.78,FALSE
10/08/2020 00:06:31,223.30,FALSE
10/08/2020 00:06:30,193.20,FALSE
10/08/2020 00:06:29,208.06,FALSE
10/08/2020 00:06:28,188.66,FALSE
10/08/2020 00:06:27,169.31,FALSE
10/08/2020 00:06:26,165.88,FALSE
10/08/2020 00:06:25,177.75,FALSE
10/08/2020 00:06:24,178.81,FALSE
10/08/2020 00:06:23,209.23,FALSE
10/08/2020 00:06:22,179.48,FALSE
10/08/2020 00:06:21,169.89,FALSE
10/08/2020 00:06:20,220.03,FALSE
10/08/2020 00:06:19,183.21,FALSE
10/08/2020 00:06:18,206.36,FALSE
10/08/2020 00:06:17,184.72,FALSE
10/08/2020 00:06:16,177.49,FALSE
10/08/2020 00:06:15,215.47,FALSE
10/08/2020 00:06:14,199.93,FALSE
10/08/2020 00:06:13,221.25,FALSE
10/08/2020 00:06:12,222.98,FALSE
10/08/2020 00:06:11,193.31,FALSE
10/08/2020 00:06:10,198.69,FALSE
10/08/2020 00:06:09,213.65,FALSE
10/08/2020 00:06:08,169.61,FALSE
10/08/2020 00:06:07,233.69,FALSE
10/08/2020 00:06:06,223.16,FALSE
10/08/2020 00:06:05,193.34,FALSE
10/08/2020 00:06:04,218.08,FALSE
10/08/2020 00:06:03,191.22,FALSE
10/08/2020 00:06:02,194.69,FALSE
10/08/2020 00:06:01,168.14,FALSE
10/08/2020 00:06:00,217.64,FALSE
10/08/2020 00:05:59,179.89,FALSE
10/08/2020 00:05:58,205.75,FALSE
10/08/2020 00:05:57,199.42,FALSE
10/08/2020 00:05:56,177.50,FALSE
10/08/2020 00:05:55,218.72,FALSE
10/08/2020 00:05:54,165.07,FALSE
10/08/2020 00:05:53,224.03,FALSE
10/08/2020 00:05:52,192.48,FALSE
10/08/2020 00:05:51,220.14,FALSE
10/08/2020 00:05:50,201.23,FALSE
10/08/2020 00:05:49,237.12,FALSE
10/08/2020 00:05:48,204.93,FALSE
10/08/2020 00:05:47,216.30,FALSE
10/08/2020 00:05:46,231.51,FALSE
10/08/2020 00:05:45,162.13,FALSE
10/08/2020 00:05:44,167.07,FALSE
10/08/2020 00:05:43,180.15,FALSE
10/08/2020 00:05:42,179.76,FALSE
10/08/2020 00:05:41,179.61,FALSE
10/08/2020 00:05:40,170.69,FALSE
10/08/2020 00:05:39,204.51,FALSE
10/08/2020 00:05:38,162.08,FALSE
10/08/2020 00:05:37,175.43,FALSE
10/08/2020 00:05:36,225.69,FALSE
10/08/2020 00:05:35,237.46,FALSE
10/08/2020 00:05:34,238.16,FALSE
10/08/2020 00:05:33,233.21,FALSE
10/08/2020 00:05:32,217.18,FALSE
10/08/2020 00:05:31,237.46,FALSE
10/08/2020 00:05:30,183.88,FALSE
10/08/2020 00:05:29,224.09,FALSE
10/08/2020 00:05:28,218.90,FALSE
10/08/2020 00:05:27,213.77,FALSE
10/08/2020 00:05:26,218.78,FALSE
10/08/2020 00:05:25,182.28,FALSE
10/08/2020 00:05:24,219.56,FALSE
10/08/2020 00:05:23,213.09,FALSE
10/08/2020 00:05:22,160.16,FALSE
10/08/2020 00:05:21,227.71,FALSE
10/08/2020 00:05:20,186.02,FALSE
10/08/2020 00:05:19,233.53,FALSE
10/08/2020 00:05:18,174.32,FALSE
10/08/2020 00:05:17,192.92,FALSE
10/08/2020 00:05:16,198.03,FALSE
10/08/2020 00:05:15,184.86,FALSE
10/08/2020 00:05:14,198.86,FALSE
10/08/2020 00:05:13,194.69,FALSE
10/08/2020 00:05:12,160.52,FALSE
10/08/2020 00:05:11,210.24,FALSE
10/08/2020 00:05:10,186.53,FALSE
10/08/2020 00:05:09,216.54,FALSE
10/08/2020 00:05:08,193.73,FALSE
10/08/2020 00:05:07,162.58,FALSE
10/08/2020 00:05:06,206.26,FALSE
10/08/2020 00:05:05,205.62,FALSE
10/08/2020 00:05:04,88.04,TRUE
10/08/2020 00:05:03,207.25,FALSE
10/08/2020 00:05:02,174.25,FALSE
10/08/2020 00:05:01,177.77,FALSE
10/08/2020 00:05:00,237.89,FALSE
10/08/2020 00:04:59,177.92,FALSE
10/08/2020 00:04:58,229.94,FALSE
10/08/2020 00:04:57,214.12,FALSE
10/08/2020 00:04:56,217.31,FALSE
10/08/2020 00:04:55,220.19,FALSE
10/08/2020 00:04:54,164.54,FALSE
10/08/2020 00:04:53,195.20,FALSE
10/08/2020 00:04:52,177.13,FALSE
10/08/2020 00:04:51,190.25,FALSE
10/08/2020 00:04:50,208.07,FALSE
10/08/2020 00:04:49,172.97,FALSE
10/08/2020 00:04:48,196.45,FALSE
10/08/2020 00:04:47,217.19,FALSE
10/08/2020 00:04:46,178.96,FALSE
10/08/2020 00:04:45,162.07,FALSE
10/08/2020 00:04:44,164.66,FALSE
10/08/2020 00:04:43,193.39,FALSE
10/08/2020 00:04:42,234.00,FALSE
10/08/2020 00:04:41,225.62,FALSE
10/08/2020 00:04:40,183.31,FALSE
10/08/2020 00:04:39,238.07,FALSE
10/08/2020 00:04:38,174.74,FALSE
10/08/2020 00:04:37,186.41,FALSE
10/08/2020 00:04:36,160.86,FALSE
10/08/2020 00:04:35,195.95,FALSE
10/08/2020 00:04:34,251.83,TRUE
10/08/2020 00:04:33,162.64,FALSE
10/08/2020 00:04:32,189.01,FALSE
10/08/2020 00:04:31,191.49,FALSE
10/08/2020 00:04:30,162.12,FALSE
10/08/2020 00:04:29,192.62,FALSE
10/08/2020 00:04:28,220.25,FALSE
10/08/2020 00:04:27,176.28,FALSE
10/08/2020 00:04:26,181.13,FALSE
10/08/2020 00:04:25,190.66,FALSE
10/08/2020 00:04:24,192.63,FALSE
10/08/2020 00:04:23,227.98,FALSE
10/08/2020 00:04:22,210.46,FALSE
10/08/2020 00:04:21,188.39,FALSE
10/08/2020 00:04:20,163.77,FALSE
10/08/2020 00:04:19,206.68,FALSE
10/08/2020 00:04:18,203.88,FALSE
10/08/2020 00:04:17,177.59,FALSE
10/08/2020 00:04:16,171.24,FALSE
10/08/2020 00:04:15,163.49,FALSE
10/08/2020 00:04:14,166.75,FALSE
10/08/2020 00:04:13,216.49,FALSE
10/08/2020 00:04:12,232.84,FALSE
10/08/2020 00:04:11,183.63,FALSE
10/08/2020 00:04:10,231.38,FALSE
10/08/2020 00:04:09,198.06,FALSE
10/08/2020 00:04:08,195.20,FALSE
10/08/2020 00:04:07,164.46,FALSE
10/08/2020 00:04:06,198.56,FALSE
10/08/2020 00:04:05,199.06,FALSE
10/08/2020 00:04:04,166.61,FALSE
10/08/2020 00:04:03,216.33,FALSE
10/08/2020 00:04:02,235.45,FALSE
10/08/2020 00:04:01,197.52,FALSE
10/08/2020 00:04:00,193.98,FALSE
10/08/2020 00:03:59,226.20,FALSE
10/08/2020 00:03:58,239.17,FALSE
10/08/2020 00:03:57,223.04,FALSE
10/08/2020 00:03:56,197.28,FALSE
10/08/2020 00:03:55,162.86,FALSE
10/08/2020 00:03:54,212.84,FALSE
10/08/2020 00:03:53,215.87,FALSE
10/08/2020 00:03:52,200.00,FALSE
10/08/2020 00:03:51,161.36,FALSE
10/08/2020 00:03:50,209.70,FALSE
10/08/2020 00:03:49,174.04,FALSE
10/08/2020 00:03:48,215.11,FALSE
10/08/2020 00:03:47,173.13,FALSE
10/08/2020 00:03:46,192.58,FALSE
10/08/2020 00:03:45,173.18,FALSE
10/08/2020 00:03:44,195.73,FALSE
10/08/2020 00:03:43,184.99,FALSE
10/08/2020 00:03:42,168.98,FALSE
10/08/2020 00:03:41,201.27,FALSE
10/08/2020 00:03:40,181.08,FALSE
10/08/2020 00:03:39,225.09,FALSE
10/08/2020 00:03:38,238.29,FALSE
10/08/2020 00:03:37,202.74,FALSE
10/08/2020 00:03:36,208.64,FALSE
10/08/2020 00:03:35,207.73,FALSE
10/08/2020 00:03:34,189.25,FALSE
10/08/2020 00:03:33,169.05,FALSE
10/08/2020 00:03:32,183.14,FALSE
10/08/2020 00:03:31,160.79,FALSE
10/08/2020 00:03:30,208.98,FALSE
10/08/2020 00:03:29,228.61,FALSE
10/08/2020 00:03:28,188.88,FALSE
10/08/2020 00:03:27,218.43,FALSE
10/08/2020 00:03:26,219.40,FALSE
10/08/2020 00:03:25,237.91,FALSE
10/08/2020 00:03:24,194.33,FALSE
10/08/2020 00:03:23,210.79,FALSE
10/08/2020 00:03:22,180.82,FALSE
10/08/2020 00:03:21,194.78,FALSE
10/08/2020 00:03:20,163.50,FALSE
10/08/2020 00:03:19,178.63,FALSE
10/08/2020 00:03:18,229.08,FALSE
10/08/2020 00:03:17,182.66,FALSE
10/08/2020 00:03:16,197.28,FALSE
10/08/2020 00:03:15,168.31,FALSE
10/08/2020 00:03:14,175.17,FALSE
10/08/2020 00:03:14,212.72,FALSE
10/08/2020 00:03:13,186.60,FALSE
10/08/2020 00:03:12,238.28,FALSE
10/08/2020 00:03:11,239.68,FALSE
10/08/2020 00:03:10,192.39,FALSE
10/08/2020 00:03:09,224.07,FALSE
10/08/2020 00:03:08,190.76,FALSE
10/08/2020 00:03:07,204.86,FALSE
10/08/2020 00:03:06,196.66,FALSE
10/08/2020 00:03:05,236.01,FALSE
10/08/2020 00:03:04,191.79,FALSE
10/08/2020 00:03:03,238.09,FALSE
10/08/2020 00:03:02,225.75,FALSE
10/08/2020 00:03:01,167.41,FALSE
10/08/2020 00:03:00,234.10,FALSE
10/08/2020 00:02:59,210.39,FALSE
10/08/2020 00:02:58,196.65,FALSE
10/08/2020 00:02:57,183.92,FALSE
10/08/2020 00:02:56,204.20,FALSE
10/08/2020 00:02:55,167.22,FALSE
10/08/2020 00:02:54,211.48,FALSE
10/08/2020 00:02:53,197.30,FALSE
10/08/2020 00:02:52,207.04,FALSE
10/08/2020 00:02:51,164.82,FALSE
10/08/2020 00:02:50,198.27,FALSE
10/08/2020 00:02:49,163.70,FALSE
10/08/2020 00:02:48,174.52,FALSE
10/08/2020 00:02:47,219.87,FALSE
10/08/2020 00:02:46,163.51,FALSE
10/08/2020 00:02:45,196.65,FALSE
10/08/2020 00:02:44,213.59,FALSE
10/08/2020 00:02:43,194.21,FALSE
10/08/2020 00:02:42,173.41,FALSE
10/08/2020 00:02:41,168.45,FALSE
10/08/2020 00:02:40,169.09,FALSE
10/08/2020 00:02:39,213.13,FALSE
10/08/2020 00:02:38,219.64,FALSE
10/08/2020 00:02:37,239.20,FALSE
10/08/2020 00:02:36,209.82,FALSE
10/08/2020 00:02:35,210.13,FALSE
10/08/2020 00:02:34,210.96,FALSE
10/08/2020 00:02:33,185.44,FALSE
10/08/2020 00:02:32,175.26,FALSE
10/08/2020 00:02:31,165.94,FALSE
10/08/2020 00:02:30,204.57,FALSE
10/08/2020 00:02:29,229.49,FALSE
10/08/2020 00:02:28,162.69,FALSE
10/08/2020 00:02:27,210.16,FALSE
10/08/2020 00:02:26,168.23,FALSE
10/08/2020 00:02:25,183.92,FALSE
10/08/2020 00:02:24,162.39,FALSE
10/08/2020 00:02:23,198.46,FALSE
10/08/2020 00:02:22,166.24,FALSE
10/08/2020 00:02:21,195.94,FALSE
10/08/2020 00:02:20,170.16,FALSE
10/08/2020 00:02:19,170.91,FALSE
10/08/2020 00:02:18,188.85,FALSE
10/08/2020 00:02:17,233.72,FALSE
10/08/2020 00:02:16,218.94,FALSE
10/08/2020 00:02:15,227.36,FALSE
10/08/2020 00:02:14,179.88,FALSE
10/08/2020 00:02:13,214.10,FALSE
10/08/2020 00:02:12,168.91,FALSE
10/08/2020 00:02:11,183.87,FALSE
10/08/2020 00:02:10,216.49,FALSE
10/08/2020 00:02:09,171.73,FALSE
10/08/2020 00:02:08,165.49,FALSE
10/08/2020 00:02:07,198.65,FALSE
10/08/2020 00:02:06,180.11,FALSE
10/08/2020 00:02:05,212.24,FALSE
10/08/2020 00:02:04,167.55,FALSE
10/08/2020 00:02:03,226.90,FALSE
10/08/2020 00:02:02,211.06,FALSE
10/08/2020 00:02:01,180.82,FALSE
10/08/2020 00:02:00,213.99,FALSE
10/08/2020 00:01:59,201.03,FALSE
10/08/2020 00:01:58,217.70,FALSE
10/08/2020 00:01:57,168.36,FALSE
10/08/2020 00:01:56,225.28,FALSE
10/08/2020 00:01:55,191.84,FALSE
10/08/2020 00:01:54,179.61,FALSE
10/08/2020 00:01:53,179.67,FALSE
10/08/2020 00:01:52,186.92,FALSE
10/08/2020 00:01:51,182.58,FALSE
10/08/2020 00:01:50,232.47,FALSE
10/08/2020 00:01:49,186.18,FALSE
10/08/2020 00:01:48,165.58,FALSE
10/08/2020 00:01:47,174.03,FALSE
10/08/2020 00:01:46,205.96,FALSE
10/08/2020 00:01:45,213.96,FALSE
10/08/2020 00:01:44,222.08,FALSE
10/08/2020 00:01:43,231.63,FALSE
10/08/2020 00:01:42,194.34,FALSE
10/08/2020 00:01:41,220.87,FALSE
10/08/2020 00:01:40,236.97,FALSE
10/08/2020 00:01:39,173.68,FALSE
10/08/2020 00:01:38,209.02,FALSE
10/08/2020 00:01:37,236.48,FALSE
10/08/2020 00:01:36,171.53,FALSE
10/08/2020 00:01:35,160.75,FALSE
10/08/2020 00:01:34,218.14,FALSE
10/08/2020 00:01:33,208.20,FALSE
10/08/2020 00:01:32,220.96,FALSE
10/08/2020 00:01:31,233.09,FALSE
10/08/2020 00:01:30,215.44,FALSE
10/08/2020 00:01:29,216.05,FALSE
10/08/2020 00:01:28,253.18,TRUE
10/08/2020 00:01:27,236.35,FALSE
10/08/2020 00:01:26,174.12,FALSE
10/08/2020 00:01:25,171.51,FALSE
10/08/2020 00:01:24,218.91,FALSE
10/08/2020 00:01:23,203.98,FALSE
10/08/2020 00:01:22,165.47,FALSE
10/08/2020 00:01:21,202.62,FALSE
10/08/2020 00:01:20,225.48,FALSE
10/08/2020 00:01:19,230.95,FALSE
10/08/2020 00:01:18,170.95,FALSE
10/08/2020 00:01:17,185.74,FALSE
10/08/2020 00:01:16,163.17,FALSE
10/08/2020 00:01:15,218.65,FALSE
10/08/2020 00:01:14,199.34,FALSE
10/08/2020 00:01:13,169.91,FALSE
10/08/2020 00:01:12,185.47,FALSE
10/08/2020 00:01:11,209.08,FALSE
10/08/2020 00:01:10,175.10,FALSE
10/08/2020 00:01:09,174.82,FALSE
10/08/2020 00:01:08,202.88,FALSE
10/08/2020 00:01:07,205.95,FALSE
10/08/2020 00:01:06,208.32,FALSE
10/08/2020 00:01:05,221.30,FALSE
10/08/2020 00:01:04,177.73,FALSE
10/08/2020 00:01:03,186.01,FALSE
10/08/2020 00:01:02,209.48,FALSE
10/08/2020 00:01:01,174.63,FALSE
10/08/2020 00:01:00,187.80,FALSE
10/08/2020 00:00:59,229.80,FALSE
10/08/2020 00:00:58,167.70,FALSE
10/08/2020 00:00:57,222.80,FALSE
10/08/2020 00:00:56,235.55,FALSE
10/08/2020 00:00:55,194.56,FALSE
10/08/2020 00:00:54,191.76,FALSE
10/08/2020 00:00:53,221.46,FALSE
10/08/2020 00:00:52,204.38,FALSE
10/08/2020 00:00:51,237.14,FALSE
10/08/2020 00:00:50,203.49,FALSE
10/08/2020 00:00:49,228.98,FALSE
10/08/2020 00:00:48,233.51,FALSE
10/08/2020 00:00:47,213.58,FALSE
10/08/2020 00:00:46,164.94,FALSE
10/08/2020 00:00:45,160.38,FALSE
10/08/2020 00:00:44,198.05,FALSE
10/08/2020 00:00:43,187.01,FALSE
10/08/2020 00:00:42,218.19,FALSE
10/08/2020 00:00:41,236.63,FALSE
10/08/2020 00:00:40,197.26,FALSE
10/08/2020 00:00:39,164.24,FALSE
10/08/2020 00:00:38,198.88,FALSE
10/08/2020 00:00:37,213.58,FALSE
10/08/2020 00:00:36,210.93,FALSE
10/08/2020 00:00:35,178.58,FALSE
10/08/2020 00:00:34,189.71,FALSE
10/08/2020 00:00:33,206.86,FALSE
10/08/2020 00:00:32,237.39,FALSE
10/08/2020 00:00:31,191.15,FALSE
10/08/2020 00:00:30,208.41,FALSE
10/08/2020 00:00:29,190.70,FALSE
10/08/2020 00:00:28,160.32,FALSE
10/08/2020 00:00:27,179.59,FALSE
10/08/2020 00:00:26,239.68,FALSE
10/08/2020 00:00:25,239.95,FALSE
10/08/2020 00:00:24,221.50,FALSE
10/08/2020 00:00:23,202.42,FALSE
10/08/2020 00:00:22,226.82,FALSE
10/08/2020 00:00:21,207.81,FALSE
10/08/2020 00:00:20,235.36,FALSE
10/08/2020 00:00:19,185.59,FALSE
10/08/2020 00:00:18,186.86,FALSE
10/08/2020 00:00:17,174.25,FALSE
10/08/2020 00:00:16,230.62,FALSE
10/08/2020 00:00:15,212.95,FALSE
10/08/2020 00:00:14,190.79,FALSE
10/08/2020 00:00:13,188.37,FALSE
10/08/2020 00:00:12,177.91,FALSE
10/08/2020 00:00:11,185.00,FALSE
10/08/2020 00:00:10,203.80,FALSE
10/08/2020 00:00:09,223.41,FALSE
10/08/2020 00:00:08,217.36,FALSE
10/08/2020 00:00:07,179.24,FALSE
10/08/2020 00:00:06,163.55,FALSE
10/08/2020 00:00:05,183.36,FALSE
10/08/2020 00:00:04,196.21,FALSE
10/08/2020 00:00:03,193.59,FALSE
10/08/2020 00:00:02,226.67,FALSE
10/08/2020 00:00:01,199.27,FALSE
10/08/2020 00:00:00,199.82,FALSE
09/08/2020 23:59:59,163.78,FALSE
09/08/2020 23:59:58,215.41,FALSE
09/08/2020 23:59:57,213.85,FALSE
09/08/2020 23:59:56,195.54,FALSE
09/08/2020 23:59:55,212.32,FALSE
09/08/2020 23:59:55,230.22,FALSE
09/08/2020 23:59:54,193.77,FALSE
09/08/2020 23:59:53,161.29,FALSE
09/08/2020 23:59:52,177.89,FALSE
09/08/2020 23:59:51,170.89,FALSE
09/08/2020 23:59:50,156.59,TRUE
09/08/2020 23:59:49,172.37,FALSE
09/08/2020 23:59:48,219.89,FALSE
09/08/2020 23:59:47,182.42,FALSE
09/08/2020 23:59:46,219.10,FALSE
09/08/2020 23:59:45,197.78,FALSE
09/08/2020 23:59:44,168.16,FALSE
09/08/2020 23:59:43,213.69,FALSE
09/08/2020 23:59:42,165.71,FALSE
09/08/2020 23:59:41,179.76,FALSE
09/08/2020 23:59:40,204.82,FALSE
09/08/2020 23:59:39,164.36,FALSE
09/08/2020 23:59:38,169.24,FALSE
09/08/2020 23:59:37,200.81,FALSE
09/08/2020 23:59:36,226.72,FALSE
09/08/2020 23:59:35,187.32,FALSE
09/08/2020 23:59:34,183.85,FALSE
09/08/2020 23:59:33,209.56,FALSE
09/08/2020 23:59:32,237.26,FALSE
09/08/2020 23:59:31,191.67,FALSE
09/08/2020 23:59:30,187.64,FALSE
09/08/2020 23:59:29,168.80,FALSE
09/08/2020 23:59:28,220.63,FALSE
09/08/2020 23:59:27,231.85,FALSE
09/08/2020 23:59:26,208.35,FALSE
09/08/2020 23:59:25,211.03,FALSE
09/08/2020 23:59:24,236.81,FALSE
09/08/2020 23:59:23,164.66,FALSE
09/08/2020 23:59:22,217.56,FALSE
09/08/2020 23:59:21,203.97,FALSE
09/08/2020 23:59:20,200.41,FALSE
09/08/2020 23:59:19,204.50,FALSE
09/08/2020 23:59:18,222.29,FALSE
09/08/2020 23:59:17,165.26,FALSE
09/08/2020 23:59:16,179.66,FALSE
09/08/2020 23:59:15,190.52,FALSE
09/08/2020 23:59:14,232.62,FALSE
09/08/2020 23:59:13,190.96,FALSE
09/08/2020 23:59:12,204.97,FALSE
09/08/2020 23:59:11,218.30,FALSE
09/08/2020 23:59:10,164.37,FALSE
09/08/2020 23:59:09,184.27,FALSE
09/08/2020 23:59:08,190.93,FALSE
09/08/2020 23:59:07,188.30,FALSE
09/08/2020 23:59:06,190.49,FALSE
09/08/2020 23:59:05,206.72,FALSE
09/08/2020 23:59:04,167.10,FALSE
09/08/2020 23:59:03,201.64,FALSE
09/08/2020 23:59:02,203.90,FALSE
09/08/2020 23:59:01,209.82,FALSE
09/08/2020 23:59:00,172.26,FALSE
09/08/2020 23:58:59,169.93,FALSE
09/08/2020 23:58:58,207.13,FALSE
09/08/2020 23:58:57,193.90,FALSE
09/08/2020 23:58:56,208.26,FALSE
09/08/2020 23:58:55,199.20,FALSE
09/08/2020 23:58:54,163.18,FALSE
09/08/2020 23:58:53,211.51,FALSE
09/08/2020 23:58:52,160.36,FALSE
09/08/2020 23:58:51,220.03,FALSE
09/08/2020 23:58:50,190.26,FALSE
09/08/2020 23:58:49,199.24,FALSE
09/08/2020 23:58:48,225.54,FALSE
09/08/2020 23:58:47,214.42,FALSE
09/08/2020 23:58:46,197.16,FALSE
09/08/2020 23:58:45,231.63,FALSE
09/08/2020 23:58:44,198.34,FALSE
09/08/2020 23:58:43,201.25,FALSE
09/08/2020 23:58:42,169.79,FALSE
09/08/2020 23:58:41,173.71,FALSE
09/08/2020 23:58:40,183.94,FALSE
09/08/2020 23:58:39,210.09,FALSE
09/08/2020 23:58:38,177.20,FALSE
09/08/2020 23:58:37,176.72,FALSE
09/08/2020 23:58:36,185.43,FALSE
09/08/2020 23:58:35,202.78,FALSE
09/08/2020 23:58:34,217.33,FALSE
09/08/2020 23:58:33,234.90,FALSE
09/08/2020 23:58:32,219.64,FALSE
09/08/2020 23:58:31,201.34,FALSE
09/08/2020 23:58:30,187.12,FALSE
09/08/2020 23:58:29,217.63,FALSE
09/08/2020 23:58:28,172.45,FALSE
09/08/2020 23:58:27,204.40,FALSE
09/08/2020 23:58:26,229.71,FALSE
09/08/2020 23:58:25,232.59,FALSE
09/08/2020 23:58:24,236.36,FALSE
09/08/2020 23:58:23,185.00,FALSE
09/08/2020 23:58:22,210.20,FALSE
09/08/2020 23:58:21,213.50,FALSE
09/08/2020 23:58:20,195.93,FALSE
09/08/2020 23:58:19,236.78,FALSE
09/08/2020 23:58:18,160.77,FALSE
09/08/2020 23:58:17,192.59,FALSE
09/08/2020 23:58:16,199.36,FALSE
09/08/2020 23:58:15,236.03,FALSE
09/08/2020 23:58:14,190.68,FALSE
09/08/2020 23:58:13,169.78,FALSE
09/08/2020 23:58:12,233.22,FALSE
09/08/2020 23:58:11,222.31,FALSE
09/08/2020 23:58:10,181.84,FALSE
09/08/2020 23:58:09,229.93,FALSE
09/08/2020 23:58:08,203.28,FALSE
09/08/2020 23:58:07,209.63,FALSE
09/08/2020 23:58:06,231.80,FALSE
09/08/2020 23:58:05,179.30,FALSE
09/08/2020 23:58:04,234.68,FALSE
09/08/2020 23:58:03,178.90,FALSE
09/08/2020 23:58:02,215.84,FALSE
09/08/2020 23:58:01,171.02,FALSE
09/08/2020 23:58:00,204.83,FALSE
09/08/2020 23:57:59,162.39,FALSE
09/08/2020 23:57:58,198.83,FALSE
09/08/2020 23:57:57,234.01,FALSE
09/08/2020 23:57:56,228.68,FALSE
09/08/2020 23:57:55,189.14,FALSE
09/08/2020 23:57:54,230.30,FALSE
09/08/2020 23:57:53,179.75,FALSE
09/08/2020 23:57:52,164.42,FALSE
09/08/2020 23:57:51,219.12,FALSE
09/08/2020 23:57:50,219.33,FALSE
09/08/2020 23:57:49,196.38,FALSE
09/08/2020 23:57:48,173.79,FALSE
09/08/2020 23:57:47,237.30,FALSE
09/08/2020 23:57:46,230.74,FALSE
09/08/2020 23:57:45,189.56,FALSE
09/08/2020 23:57:44,225.66,FALSE
09/08/2020 23:57:43,188.20,FALSE
09/08/2020 23:57:42,235.15,FALSE
09/08/2020 23:57:41,216.31,FALSE
09/08/2020 23:57:40,184.16,FALSE
09/08/2020 23:57:39,163.07,FALSE
09/08/2020 23:57:38,221.88,FALSE
09/08/2020 23:57:37,236.23,FALSE
09/08/2020 23:57:36,203.21,FALSE
09/08/2020 23:57:35,173.55,FALSE
09/08/2020 23:57:34,210.29,FALSE
09/08/2020 23:57:33,162.81,FALSE
09/08/2020 23:57:32,176.07,FALSE
09/08/2020 23:57:31,209.09,FALSE
09/08/2020 23:57:30,167.85,FALSE
09/08/2020 23:57:29,204.23,FALSE
09/08/2020 23:57:28,218.07,FALSE
09/08/2020 23:57:27,175.85,FALSE
09/08/2020 23:57:26,207.73,FALSE
09/08/2020 23:57:25,176.97,FALSE
09/08/2020 23:57:24,231.03,FALSE
09/08/2020 23:57:23,169.73,FALSE
09/08/2020 23:57:22,231.71,FALSE
09/08/2020 23:57:21,215.89,FALSE
09/08/2020 23:57:20,215.53,FALSE
09/08/2020 23:57:19,214.08,FALSE
09/08/2020 23:57:18,177.59,FALSE
09/08/2020 23:57:17,200.21,FALSE
09/08/2020 23:57:16,210.10,FALSE
09/08/2020 23:57:15,194.95,FALSE
09/08/2020 23:57:14,234.29,FALSE
09/08/2020 23:57:13,237.85,FALSE
09/08/2020 23:57:12,202.54,FALSE
09/08/2020 23:57:11,211.07,FALSE
09/08/2020 23:57:10,205.48,FALSE
09/08/2020 23:57:09,223.32,FALSE
09/08/2020 23:57:08,220.82,FALSE
09/08/2020 23:57:07,166.48,FALSE
09/08/2020 23:57:06,193.95,FALSE
09/08/2020 23:57:05,236.68,FALSE
09/08/2020 23:57:04,195.09,FALSE
09/08/2020 23:57:03,227.91,FALSE
09/08/2020 23:57:02,162.24,FALSE
09/08/2020 23:57:01,169.30,FALSE
09/08/2020 23:57:00,272.26,TRUE
09/08/2020 23:56:59,199.35,FALSE
09/08/2020 23:56:58,220.09,FALSE
09/08/2020 23:56:57,237.56,FALSE
09/08/2020 23:56:56,213.89,FALSE
09/08/2020 23:56:55,238.32,FALSE
09/08/2020 23:56:54,200.63,FALSE
09/08/2020 23:56:53,204.55,FALSE
09/08/2020 23:56:52,231.50,FALSE
09/08/2020 23:56:51,224.83,FALSE
09/08/2020 23:56:50,219.73,FALSE
09/08/2020 23:56:49,191.03,FALSE
09/08/2020 23:56:48,195.02,FALSE
09/08/2020 23:56:47,223.86,FALSE
09/08/2020 23:56:46,233.75,FALSE
09/08/2020 23:56:45,175.12,FALSE
09/08/2020 23:56:44,216.92,FALSE
09/08/2020 23:56:43,208.47,FALSE
09/08/2020 23:56:42,180.77,FALSE
09/08/2020 23:56:41,189.51,FALSE
09/08/2020 23:56:40,185.83,FALSE
09/08/2020 23:56:39,201.32,FALSE
09/08/2020 23:56:38,163.43,FALSE
09/08/2020 23:56:37,180.83,FALSE
09/08/2020 23:56:36,191.26,FALSE
09/08/2020 23:56:36,289.94,TRUE
09/08/2020 23:56:35,177.86,FALSE
09/08/2020 23:56:34,161.49,FALSE
09/08/2020 23:56:33,221.49,FALSE
09/08/2020 23:56:32,186.57,FALSE
09/08/2020 23:56:31,172.05,FALSE
09/08/2020 23:56:30,234.71,FALSE
09/08/2020 23:56:29,206.92,FALSE
09/08/2020 23:56:28,205.73,FALSE
09/08/2020 23:56:27,212.86,FALSE
09/08/2020 23:56:26,238.46,FALSE
09/08/2020 23:56:25,173.47,FALSE
09/08/2020 23:56:24,120.05,TRUE
09/08/2020 23:56:23,212.18,FALSE
09/08/2020 23:56:22,194.96,FALSE
09/08/2020 23:56:21,191.70,FALSE
09/08/2020 23:56:20,226.51,FALSE
09/08/2020 23:56:19,229.55,FALSE
09/08/2020 23:56:18,178.88,FALSE
09/08/2020 23:56:17,221.99,FALSE
09/08/2020 23:56:16,216.02,FALSE
09/08/2020 23:56:15,223.36,FALSE
09/08/2020 23:56:14,162.97,FALSE
09/08/2020 23:56:13,197.64,FALSE
09/08/2020 23:56:12,207.53,FALSE
09/08/2020 23:56:11,194.89,FALSE
09/08/2020 23:56:10,166.62,FALSE
09/08/2020 23:56:09,218.58,FALSE
09/08/2020 23:56:08,184.97,FALSE
09/08/2020 23:56:07,223.43,FALSE
09/08/2020 23:56:06,205.10,FALSE
09/08/2020 23:56:05,180.09,FALSE
09/08/2020 23:56:04,172.40,FALSE
09/08/2020 23:56:03,213.09,FALSE
09/08/2020 23:56:02,199.10,FALSE
09/08/2020 23:56:01,164.01,FALSE
09/08/2020 23:56:00,210.38,FALSE
09/08/2020 23:55:59,170.28,FALSE
09/08/2020 23:55:58,186.25,FALSE
09/08/2020 23:55:57,171.09,FALSE
09/08/2020 23:55:56,227.82,FALSE
09/08/2020 23:55:55,190.29,FALSE
09/08/2020 23:55:54,194.42,FALSE
09/08/2020 23:55:53,181.63,FALSE
09/08/2020 23:55:52,231.12,FALSE
09/08/2020 23:55:51,216.42,FALSE
09/08/2020 23:55:50,232.30,FALSE
09/08/2020 23:55:49,170.26,FALSE
09/08/2020 23:55:48,224.71,FALSE
09/08/2020 23:55:47,207.38,FALSE
09/08/2020 23:55:46,166.65,FALSE
09/08/2020 23:55:45,204.27,FALSE
09/08/2020 23:55:44,222.33,FALSE
09/08/2020 23:55:43,196.21,FALSE
09/08/2020 23:55:42,213.72,FALSE
09/08/2020 23:55:41,218.02,FALSE
09/08/2020 23:55:40,207.49,FALSE
09/08/2020 23:55:39,211.81,FALSE
09/08/2020 23:55:38,190.15,FALSE
09/08/2020 23:55:37,195.96,FALSE
09/08/2020 23:55:36,171.59,FALSE
09/08/2020 23:55:35,161.53,FALSE
09/08/2020 23:55:34,160.31,FALSE
09/08/2020 23:55:33,227.66,FALSE
09/08/2020 23:55:32,239.50,FALSE
09/08/2020 23:55:31,210.21,FALSE
09/08/2020 23:55:30,186.25,FALSE
09/08/2020 23:55:29,173.94,FALSE
09/08/2020 23:55:28,191.53,FALSE
09/08/2020 23:55:27,230.05,FALSE
09/08/2020 23:55:26,234.46,FALSE
09/08/2020 23:55:25,213.23,FALSE
09/08/2020 23:55:24,205.31,FALSE
09/08/2020 23:55:23,164.99,FALSE
09/08/2020 23:55:22,170.82,FALSE
09/08/2020 23:55:21,202.87,FALSE
09/08/2020 23:55:20,162.57,FALSE
09/08/2020 23:55:19,190.07,FALSE
09/08/2020 23:55:18,178.96,FALSE
09/08/2020 23:55:17,227.99,FALSE
09/08/2020 23:55:16,180.48,FALSE
09/08/2020 23:55:15,222.91,FALSE
09/08/2020 23:55:14,194.88,FALSE
09/08/2020 23:55:13,162.78,FALSE
09/08/2020 23:55:12,178.11,FALSE
09/08/2020 23:55:11,174.06,FALSE
09/08/2020 23:55:10,208.90,FALSE
09/08/2020 23:55:09,196.72,FALSE
09/08/2020 23:55:08,173.67,FALSE
09/08/2020 23:55:07,193.08,FALSE
09/08/2020 23:55:06,174.81,FALSE
09/08/2020 23:55:05,176.31,FALSE
09/08/2020 23:55:04,219.16,FALSE
09/08/2020 23:55:03,193.60,FALSE
09/08/2020 23:55:02,236.65,FALSE
09/08/2020 23:55:01,211.95,FALSE
09/08/2020 23:55:00,172.21,FALSE
09/08/2020 23:54:59,233.91,FALSE
09/08/2020 23:54:58,198.78,FALSE
09/08/2020 23:54:57,204.84,FALSE
09/08/2020 23:54:56,220.46,FALSE
09/08/2020 23:54:55,223.14,FALSE
09/08/2020 23:54:54,202.10,FALSE
09/08/2020 23:54:53,221.73,FALSE
09/08/2020 23:54:52,177.89,FALSE
09/08/2020 23:54:51,200.65,FALSE
09/08/2020 23:54:50,185.63,FALSE
09/08/2020 23:54:49,178.83,FALSE
09/08/2020 23:54:48,173.23,FALSE
09/08/2020 23:54:47,223.60,FALSE
09/08/2020 23:54:46,178.83,FALSE
09/08/2020 23:54:45,199.38,FALSE
09/08/2020 23:54:44,218.29,FALSE
09/08/2020 23:54:43,163.77,FALSE
09/08/2020 23:54:42,196.04,FALSE
09/08/2020 23:54:41,188.32,FALSE
09/08/2020 23:54:40,172.36,FALSE
09/08/2020 23:54:39,217.59,FALSE
09/08/2020 23:54:38,178.65,FALSE
09/08/2020 23:54:37,161.29,FALSE
09/08/2020 23:54:36,183.91,FALSE
09/08/2020 23:54:35,198.70,FALSE
09/08/2020 23:54:34,171.80,FALSE
09/08/2020 23:54:33,198.10,FALSE
09/08/2020 23:54:32,178.24,FALSE
09/08/2020 23:54:31,195.21,FALSE
09/08/2020 23:54:30,199.68,FALSE
09/08/2020 23:54:29,172.49,FALSE
09/08/2020 23:54:28,162.44,FALSE
09/08/2020 23:54:27,196.10,FALSE
09/08/2020 23:54:26,217.85,FALSE
09/08/2020 23:54:25,237.75,FALSE
09/08/2020 23:54:24,173.57,FALSE
09/08/2020 23:54:23,189.42,FALSE
09/08/2020 23:54:22,226.05,FALSE
09/08/2020 23:54:21,167.57,FALSE
09/08/2020 23:54:20,161.92,FALSE
09/08/2020 23:54:19,204.30,FALSE
09/08/2020 23:54:18,208.38,FALSE
09/08/2020 23:54:17,227.55,FALSE
09/08/2020 23:54:16,226.68,FALSE
09/08/2020 23:54:15,193.46,FALSE
09/08/2020 23:54:14,181.32,FALSE
09/08/2020 23:54:13,190.01,FALSE
09/08/2020 23:54:12,184.61,FALSE
09/08/2020 23:54:11,233.05,FALSE
09/08/2020 23:54:10,179.84,FALSE
09/08/2020 23:54:09,232.73,FALSE
09/08/2020 23:54:08,203.78,FALSE
09/08/2020 23:54:07,213.41,FALSE
09/08/2020 23:54:06,202.96,FALSE
09/08/2020 23:54:05,200.12,FALSE
09/08/2020 23:54:04,202.28,FALSE
09/08/2020 23:54:03,184.36,FALSE
09/08/2020 23:54:02,208.06,FALSE
09/08/2020 23:54:01,178.08,FALSE
09/08/2020 23:54:00,181.37,FALSE
09/08/2020 23:53:59,195.80,FALSE
09/08/2020 23:53:58,175.86,FALSE
09/08/2020 23:53:57,221.84,FALSE
09/08/2020 23:53:56,187.51,FALSE
09/08/2020 23:53:55,233.79,FALSE
09/08/2020 23:53:54,214.44,FALSE
09/08/2020 23:53:53,220.70,FALSE
09/08/2020 23:53:52,163.38,FALSE
09/08/2020 23:53:51,216.88,FALSE
09/08/2020 23:53:50,177.92,FALSE
09/08/2020 23:53:49,219.85,FALSE
09/08/2020 23:53:48,166.89,FALSE
09/08/2020 23:53:47,179.35,FALSE
09/08/2020 23:53:46,202.49,FALSE
09/08/2020 23:53:45,218.54,FALSE
09/08/2020 23:53:44,200.05,FALSE
09/08/2020 23:53:43,214.42,FALSE
09/08/2020 23:53:42,219.67,FALSE
09/08/2020 23:53:41,225.66,FALSE
09/08/2020 23:53:40,173.20,FALSE
09/08/2020 23:53:39,232.26,FALSE
09/08/2020 23:53:38,167.12,FALSE
09/08/2020 23:53:37,187.35,FALSE
09/08/2020 23:53:36,171.25,FALSE
09/08/2020 23:53:35,180.56,FALSE
09/08/2020 23:53:34,191.97,FALSE
09/08/2020 23:53:33,221.23,FALSE
09/08/2020 23:53:32,166.12,FALSE
09/08/2020 23:53:31,169.34,FALSE
09/08/2020 23:53:30,182.31,FALSE
09/08/2020 23:53:29,169.77,FALSE
09/08/2020 23:53:28,206.74,FALSE
09/08/2020 23:53:27,193.81,FALSE
09/08/2020 23:53:26,229.19,FALSE
09/08/2020 23:53:25,177.22,FALSE
09/08/2020 23:53:24,220.32,FALSE
09/08/2020 23:53:23,211.34,FALSE
09/08/2020 23:53:22,227.98,FALSE
09/08/2020 23:53:21,180.21,FALSE
09/08/2020 23:53:20,175.83,FALSE
09/08/2020 23:53:19,211.82,FALSE
09/08/2020 23:53:18,231.82,FALSE
09/08/2020 23:53:17,204.34,FALSE
09/08/2020 23:53:17,185.76,FALSE
09/08/2020 23:53:16,198.81,FALSE
09/08/2020 23:53:15,212.99,FALSE
09/08/2020 23:53:14,230.41,FALSE
09/08/2020 23:53:13,201.16,FALSE
09/08/2020 23:53:12,236.19,FALSE
09/08/2020 23:53:11,200.37,FALSE
09/08/2020 23:53:10,227.61,FALSE
09/08/2020 23:53:09,239.92,FALSE
09/08/2020 23:53:08,173.29,FALSE
09/08/2020 23:53:07,230.15,FALSE
09/08/2020 23:53:06,193.52,FALSE
09/08/2020 23:53:05,204.03,FALSE
09/08/2020 23:53:04,190.40,FALSE
09/08/2020 23:53:03,208.27,FALSE
09/08/2020 23:53:02,209.59,FALSE
09/08/2020 23:53:01,170.69,FALSE
09/08/2020 23:53:00,184.45,FALSE
09/08/2020 23:52:59,213.87,FALSE
09/08/2020 23:52:58,224.19,FALSE
09/08/2020 23:52:57,183.86,FALSE
09/08/2020 23:52:56,166.27,FALSE
09/08/2020 23:52:55,165.37,FALSE
09/08/2020 23:52:54,233.93,FALSE
09/08/2020 23:52:53,161.13,FALSE
09/08/2020 23:52:52,185.94,FALSE
09/08/2020 23:52:51,170.10,FALSE
09/08/2020 23:52:50,230.63,FALSE
09/08/2020 23:52:49,172.99,FALSE
09/08/2020 23:52:48,212.09,FALSE
09/08/2020 23:52:47,169.48,FALSE
09/08/2020 23:52:46,185.62,FALSE
09/08/2020 23:52:45,223.56,FALSE
09/08/2020 23:52:44,188.17,FALSE
09/08/2020 23:52:43,175.40,FALSE
09/08/2020 23:52:42,185.22,FALSE
09/08/2020 23:52:41,170.50,FALSE
09/08/2020 23:52:40,208.10,FALSE
09/08/2020 23:52:39,225.86,FALSE
09/08/2020 23:52:38,195.39,FALSE
09/08/2020 23:52:37,238.43,FALSE
09/08/2020 23:52:36,200.17,FALSE
09/08/2020 23:52:35,214.60,FALSE
09/08/2020 23:52:34,185.08,FALSE
09/08/2020 23:52:33,233.12,FALSE
09/08/2020 23:52:32,182.76,FALSE
09/08/2020 23:52:31,160.67,FALSE
09/08/2020 23:52:30,218.06,FALSE
09/08/2020 23:52:29,179.56,FALSE
09/08/2020 23:52:28,202.21,FALSE
09/08/2020 23:52:27,233.49,FALSE
09/08/2020 23:52:26,228.92,FALSE
09/08/2020 23:52:25,205.15,FALSE
09/08/2020 23:52:24,168.13,FALSE
09/08/2020 23:52:23,218.14,FALSE
09/08/2020 23:52:22,178.43,FALSE
09/08/2020 23:52:21,239.26,FALSE
09/08/2020 23:52:20,216.36,FALSE
09/08/2020 23:52:19,190.44,FALSE
09/08/2020 23:52:18,214.12,FALSE
09/08/2020 23:52:17,169.07,FALSE
09/08/2020 23:52:16,195.57,FALSE
09/08/2020 23:52:15,182.88,FALSE
09/08/2020 23:52:14,209.80,FALSE
09/08/2020 23:52:13,199.14,FALSE
09/08/2020 23:52:12,225.66,FALSE
09/08/2020 23:52:11,187.73,FALSE
09/08/2020 23:52:10,169.81,FALSE
09/08/2020 23:52:09,193.08,FALSE
09/08/2020 23:52:08,230.19,FALSE
09/08/2020 23:52:07,165.10,FALSE
09/08/2020 23:52:06,230.64,FALSE
09/08/2020 23:52:05,180.47,FALSE
09/08/2020 23:52:04,185.03,FALSE
09/08/2020 23:52:03,206.50,FALSE
09/08/2020 23:52:02,178.96,FALSE
09/08/2020 23:52:01,232.12,FALSE
09/08/2020 23:52:00,232.53,FALSE
09/08/2020 23:51:59,202.42,FALSE
09/08/2020 23:51:58,211.59,FALSE
09/08/2020 23:51:57,223.55,FALSE
09/08/2020 23:51:56,191.19,FALSE
09/08/2020 23:51:55,211.65,FALSE
09/08/2020 23:51:54,216.91,FALSE
09/08/2020 23:51:53,222.51,FALSE
09/08/2020 23:51:52,237.73,FALSE
09/08/2020 23:51:51,216.21,FALSE
09/08/2020 23:51:50,198.78,FALSE
09/08/2020 23:51:49,208.05,FALSE
09/08/2020 23:51:48,239.31,FALSE
09/08/2020 23:51:47,120.30,TRUE
09/08/2020 23:51:46,290.90,TRUE
09/08/2020 23:51:45,138.30,TRUE
09/08/2020 23:51:44,96.62,TRUE
09/08/2020 23:51:43,263.82,TRUE
09/08/2020 23:51:42,261.73,TRUE
09/08/2020 23:51:41,304.22,TRUE
09/08/2020 23:51:40,202.68,FALSE
09/08/2020 23:51:39,198.07,FALSE
09/08/2020 23:51:38,220.52,FALSE
09/08/2020 23:51:37,236.63,FALSE
09/08/2020 23:51:36,224.37,FALSE
09/08/2020 23:51:35,177.85,FALSE
09/08/2020 23:51:34,169.01,FALSE
09/08/2020 23:51:33,238.87,FALSE
09/08/2020 23:51:32,185.98,FALSE
09/08/2020 23:51:31,210.32,FALSE
09/08/2020 23:51:30,221.12,FALSE
09/08/2020 23:51:29,184.39,FALSE
09/08/2020 23:51:28,167.58,FALSE
09/08/2020 23:51:27,175.32,FALSE
09/08/2020 23:51:26,196.31,FALSE
09/08/2020 23:51:25,169.42,FALSE
09/08/2020 23:51:24,238.51,FALSE
09/08/2020 23:51:23,188.48,FALSE
09/08/2020 23:51:22,220.82,FALSE
09/08/2020 23:51:21,177.26,FALSE
09/08/2020 23:51:20,179.15,FALSE
09/08/2020 23:51:19,158.01,TRUE
09/08/2020 23:51:18,219.99,FALSE
09/08/2020 23:51:17,169.49,FALSE
09/08/2020 23:51:16,172.31,FALSE
09/08/2020 23:51:15,205.38,FALSE
09/08/2020 23:51:14,207.10,FALSE
09/08/2020 23:51:13,236.02,FALSE
09/08/2020 23:51:12,174.22,FALSE
09/08/2020 23:51:11,222.96,FALSE
09/08/2020 23:51:10,219.35,FALSE
09/08/2020 23:51:09,235.90,FALSE
09/08/2020 23:51:08,222.25,FALSE
09/08/2020 23:51:07,215.73,FALSE
09/08/2020 23:51:06,228.48,FALSE
09/08/2020 23:51:05,196.02,FALSE
09/08/2020 23:51:04,173.74,FALSE
09/08/2020 23:51:03,212.67,FALSE
09/08/2020 23:51:02,191.54,FALSE
09/08/2020 23:51:01,192.86,FALSE
09/08/2020 23:51:00,229.02,FALSE
09/08/2020 23:50:59,219.31,FALSE
09/08/2020 23:50:58,207.40,FALSE
09/08/2020 23:50:57,215.31,FALSE
09/08/2020 23:50:56,229.01,FALSE
09/08/2020 23:50:55,194.13,FALSE
09/08/2020 23:50:54,163.51,FALSE
09/08/2020 23:50:53,236.51,FALSE
09/08/2020 23:50:52,173.00,FALSE
09/08/2020 23:50:51,175.22,FALSE
09/08/2020 23:50:50,202.79,FALSE
09/08/2020 23:50:49,199.38,FALSE
09/08/2020 23:50:48,196.34,FALSE
09/08/2020 23:50:47,175.24,FALSE
09/08/2020 23:50:46,212.93,FALSE
09/08/2020 23:50:45,208.49,FALSE
09/08/2020 23:50:44,210.89,FALSE
09/08/2020 23:50:43,213.78,FALSE
09/08/2020 23:50:42,188.63,FALSE
09/08/2020 23:50:41,196.68,FALSE
09/08/2020 23:50:40,205.16,FALSE
09/08/2020 23:50:39,166.40,FALSE
09/08/2020 23:50:38,187.18,FALSE
09/08/2020 23:50:37,212.22,FALSE
09/08/2020 23:50:36,171.82,FALSE
09/08/2020 23:50:35,226.00,FALSE
09/08/2020 23:50:34,238.01,FALSE
09/08/2020 23:50:33,170.41,FALSE
09/08/2020 23:50:32,200.39,FALSE
09/08/2020 23:50:31,230.51,FALSE
09/08/2020 23:50:30,162.29,FALSE
09/08/2020 23:50:29,230.86,FALSE
09/08/2020 23:50:28,226.73,FALSE
09/08/2020 23:50:27,168.80,FALSE
09/08/2020 23:50:26,229.28,FALSE
09/08/2020 23:50:25,238.41,FALSE
09/08/2020 23:50:24,182.10,FALSE
09/08/2020 23:50:23,234.64,FALSE
09/08/2020 23:50:22,214.13,FALSE
09/08/2020 23:50:21,196.53,FALSE
09/08/2020 23:50:20,210.39,FALSE
09/08/2020 23:50:19,226.23,FALSE
09/08/2020 23:50:18,211.30,FALSE
09/08/2020 23:50:17,173.63,FALSE
09/08/2020 23:50:16,161.16,FALSE
09/08/2020 23:50:15,174.09,FALSE
09/08/2020 23:50:14,225.81,FALSE
09/08/2020 23:50:13,206.83,FALSE
09/08/2020 23:50:12,184.01,FALSE
09/08/2020 23:50:11,187.80,FALSE
09/08/2020 23:50:10,222.64,FALSE
09/08/2020 23:50:09,236.64,FALSE
09/08/2020 23:50:08,227.86,FALSE
09/08/2020 23:50:07,232.99,FALSE
09/08/2020 23:50:06,172.77,FALSE
09/08/2020 23:50:05,234.02,FALSE
09/08/2020 23:50:04,210.25,FALSE
09/08/2020 23:50:03,215.99,FALSE
09/08/2020 23:50:02,210.33,FALSE
09/08/2020 23:50:01,204.53,FALSE
09/08/2020 23:50:00,184.24,FALSE
09/08/2020 23:49:59,229.16,FALSE
09/08/2020 23:49:58,229.40,FALSE
09/08/2020 23:49:58,181.89,FALSE
09/08/2020 23:49:57,175.59,FALSE
09/08/2020 23:49:56,231.23,FALSE
09/08/2020 23:49:55,162.30,FALSE
09/08/2020 23:49:54,189.46,FALSE
09/08/2020 23:49:53,217.89,FALSE
09/08/2020 23:49:52,236.30,FALSE
09/08/2020 23:49:51,239.54,FALSE
09/08/2020 23:49:50,173.58,FALSE
09/08/2020 23:49:49,215.51,FALSE
09/08/2020 23:49:48,167.19,FALSE
09/08/2020 23:49:47,164.90,FALSE
09/08/2020 23:49:46,184.98,FALSE
09/08/2020 23:49:45,231.62,FALSE
09/08/2020 23:49:44,203.64,FALSE
09/08/2020 23:49:43,218.49,FALSE
09/08/2020 23:49:42,188.21,FALSE
09/08/2020 23:49:41,209.08,FALSE
09/08/2020 23:49:40,239.26,FALSE
09/08/2020 23:49:39,171.35,FALSE
09/08/2020 23:49:38,166.70,FALSE
09/08/2020 23:49:37,154.73,TRUE
09/08/2020 23:49:36,176.13,FALSE
09/08/2020 23:49:35,194.43,FALSE
09/08/2020 23:49:34,221.20,FALSE
09/08/2020 23:49:33,237.18,FALSE
09/08/2020 23:49:32,212.96,FALSE
09/08/2020 23:49:31,193.97,FALSE
09/08/2020 23:49:30,206.84,FALSE
09/08/2020 23:49:29,174.46,FALSE
09/08/2020 23:49:28,160.06,FALSE
09/08/2020 23:49:27,236.10,FALSE
09/08/2020 23:49:26,215.35,FALSE
09/08/2020 23:49:25,215.73,FALSE
09/08/2020 23:49:24,237.44,FALSE
09/08/2020 23:49:23,206.50,FALSE
09/08/2020 23:49:22,229.63,FALSE
09/08/2020 23:49:21,164.50,FALSE
09/08/2020 23:49:20,160.67,FALSE
09/08/2020 23:49:19,224.34,FALSE
09/08/2020 23:49:18,180.88,FALSE
09/08/2020 23:49:17,198.90,FALSE
09/08/2020 23:49:16,173.78,FALSE
09/08/2020 23:49:15,174.46,FALSE
09/08/2020 23:49:14,165.31,FALSE
09/08/2020 23:49:13,168.33,FALSE
09/08/2020 23:49:12,188.05,FALSE
09/08/2020 23:49:11,239.30,FALSE
09/08/2020 23:49:10,237.84,FALSE
09/08/2020 23:49:09,191.01,FALSE
09/08/2020 23:49:08,198.58,FALSE
09/08/2020 23:49:07,186.09,FALSE
09/08/2020 23:49:06,175.69,FALSE
09/08/2020 23:49:05,198.62,FALSE
09/08/2020 23:49:04,209.42,FALSE
09/08/2020 23:49:03,170.55,FALSE
09/08/2020 23:49:02,183.29,FALSE
09/08/2020 23:49:01,178.23,FALSE
09/08/2020 23:49:00,182.79,FALSE
09/08/2020 23:48:59,169.16,FALSE
09/08/2020 23:48:58,170.20,FALSE
09/08/2020 23:48:57,216.71,FALSE
09/08/2020 23:48:56,170.85,FALSE
09/08/2020 23:48:55,177.51,FALSE
09/08/2020 23:48:54,167.86,FALSE
09/08/2020 23:48:53,205.81,FALSE
09/08/2020 23:48:52,199.09,FALSE
09/08/2020 23:48:51,234.61,FALSE
09/08/2020 23:48:50,225.00,FALSE
09/08/2020 23:48:49,211.73,FALSE
09/08/2020 23:48:48,201.30,FALSE
09/08/2020 23:48:47,228.10,FALSE
09/08/2020 23:48:46,182.67,FALSE
09/08/2020 23:48:45,184.41,FALSE
09/08/2020 23:48:44,211.31,FALSE
09/08/2020 23:48:43,203.48,FALSE
09/08/2020 23:48:42,205.80,FALSE
09/08/2020 23:48:41,179.73,FALSE
09/08/2020 23:48:40,174.20,FALSE
09/08/2020 23:48:39,179.53,FALSE
09/08/2020 23:48:38,167.46,FALSE
09/08/2020 23:48:37,214.49,FALSE
09/08/2020 23:48:36,178.35,FALSE
09/08/2020 23:48:35,167.92,FALSE
09/08/2020 23:48:34,235.46,FALSE
09/08/2020 23:48:33,178.92,FALSE
09/08/2020 23:48:32,183.85,FALSE
09/08/2020 23:48:31,239.65,FALSE
09/08/2020 23:48:30,225.83,FALSE
09/08/2020 23:48:29,207.86,FALSE
09/08/2020 23:48:28,197.87,FALSE
09/08/2020 23:48:27,238.87,FALSE
09/08/2020 23:48:26,205.07,FALSE
09/08/2020 23:48:25,192.53,FALSE
09/08/2020 23:48:24,161.83,FALSE
09/08/2020 23:48:23,211.56,FALSE
09/08/2020 23:48:22,195.80,FALSE
09/08/2020 23:48:21,184.27,FALSE
09/08/2020 23:48:20,187.59,FALSE
09/08/2020 23:48:19,214.25,FALSE
09/08/2020 23:48:18,188.60,FALSE
09/08/2020 23:48:17,200.81,FALSE
09/08/2020 23:48:16,256.85,TRUE
09/08/2020 23:48:15,104.95,TRUE
09/08/2020 23:48:14,206.99,FALSE
09/08/2020 23:48:13,196.03,FALSE
09/08/2020 23:48:12,198.17,FALSE
09/08/2020 23:48:11,239.28,FALSE
09/08/2020 23:48:10,237.15,FALSE
09/08/2020 23:48:09,218.27,FALSE
09/08/2020 23:48:08,200.38,FALSE
09/08/2020 23:48:07,230.60,FALSE
09/08/2020 23:48:06,179.76,FALSE
09/08/2020 23:48:05,187.06,FALSE
09/08/2020 23:48:04,199.56,FALSE
09/08/2020 23:48:03,196.35,FALSE
09/08/2020 23:48:02,202.48,FALSE
09/08/2020 23:48:01,191.01,FALSE
09/08/2020 23:48:00,168.18,FALSE
09/08/2020 23:47:59,176.34,FALSE
09/08/2020 23:47:58,178.51,FALSE
09/08/2020 23:47:57,190.37,FALSE
09/08/2020 23:47:56,199.07,FALSE
09/08/2020 23:47:55,180.76,FALSE
09/08/2020 23:47:54,166.76,FALSE
09/08/2020 23:47:53,187.26,FALSE
09/08/2020 23:47:52,213.38,FALSE
09/08/2020 23:47:51,226.80,FALSE
09/08/2020 23:47:50,192.00,FALSE
09/08/2020 23:47:49,239.37,FALSE
09/08/2020 23:47:48,195.79,FALSE
09/08/2020 23:47:47,178.58,FALSE
09/08/2020 23:47:46,166.85,FALSE
09/08/2020 23:47:45,197.67,FALSE
09/08/2020 23:47:44,173.39,FALSE
09/08/2020 23:47:43,208.50,FALSE
09/08/2020 23:47:42,204.94,FALSE
09/08/2020 23:47:41,172.82,FALSE
09/08/2020 23:47:40,217.65,FALSE
09/08/2020 23:47:39,216.56,FALSE
09/08/2020 23:47:38,239.91,FALSE
09/08/2020 23:47:37,224.28,FALSE
09/08/2020 23:47:36,165.79,FALSE
09/08/2020 23:47:35,228.69,FALSE
09/08/2020 23:47:34,165.17,FALSE
09/08/2020 23:47:33,201.00,FALSE
09/08/2020 23:47:32,187.56,FALSE
09/08/2020 23:47:31,193.79,FALSE
09/08/2020 23:47:30,169.81,FALSE
09/08/2020 23:47:29,167.77,FALSE
09/08/2020 23:47:28,187.71,FALSE
09/08/2020 23:47:27,235.54,FALSE
09/08/2020 23:47:26,228.27,FALSE
09/08/2020 23:47:25,205.63,FALSE
09/08/2020 23:47:24,228.28,FALSE
09/08/2020 23:47:23,212.89,FALSE
09/08/2020 23:47:22,181.62,FALSE
09/08/2020 23:47:21,229.47,FALSE
09/08/2020 23:47:20,170.48,FALSE
09/08/2020 23:47:19,222.57,FALSE
09/08/2020 23:47:18,207.18,FALSE
09/08/2020 23:47:17,160.62,FALSE
09/08/2020 23:47:16,180.71,FALSE
09/08/2020 23:47:15,188.48,FALSE
09/08/2020 23:47:14,211.30,FALSE
09/08/2020 23:47:13,170.23,FALSE
09/08/2020 23:47:12,192.62,FALSE
09/08/2020 23:47:11,205.87,FALSE
09/08/2020 23:47:10,181.19,FALSE
09/08/2020 23:47:09,206.21,FALSE
09/08/2020 23:47:08,235.10,FALSE
09/08/2020 23:47:07,186.34,FALSE
09/08/2020 23:47:06,179.20,FALSE
09/08/2020 23:47:05,175.32,FALSE
09/08/2020 23:47:04,206.39,FALSE
09/08/2020 23:47:03,233.53,FALSE
09/08/2020 23:47:02,172.56,FALSE
09/08/2020 23:47:01,220.87,FALSE
09/08/2020 23:47:00,176.77,FALSE
09/08/2020 23:46:59,160.12,FALSE
09/08/2020 23:46:58,223.09,FALSE
09/08/2020 23:46:57,170.51,FALSE
09/08/2020 23:46:56,211.43,FALSE
09/08/2020 23:46:55,169.38,FALSE
09/08/2020 23:46:54,163.38,FALSE
09/08/2020 23:46:53,179.32,FALSE
09/08/2020 23:46:52,218.86,FALSE
09/08/2020 23:46:51,194.12,FALSE
09/08/2020 23:46:50,186.65,FALSE
09/08/2020 23:46:49,174.63,FALSE
09/08/2020 23:46:48,186.68,FALSE
09/08/2020 23:46:47,202.01,FALSE
09/08/2020 23:46:46,236.73,FALSE
09/08/2020 23:46:45,230.83,FALSE
09/08/2020 23:46:44,212.61,FALSE
09/08/2020 23:46:43,214.22,FALSE
09/08/2020 23:46:42,216.41,FALSE
09/08/2020 23:46:41,231.25,FALSE
09/08/2020 23:46:40,190.04,FALSE
09/08/2020 23:46:39,163.53,FALSE
09/08/2020 23:46:38,209.13,FALSE
09/08/2020 23:46:37,219.45,FALSE
09/08/2020 23:46:36,196.83,FALSE
09/08/2020 23:46:35,184.92,FALSE
09/08/2020 23:46:34,208.74,FALSE
09/08/2020 23:46:33,192.23,FALSE
09/08/2020 23:46:32,190.73,FALSE
09/08/2020 23:46:31,171.85,FALSE
09/08/2020 23:46:30,219.27,FALSE
09/08/2020 23:46:29,193.80,FALSE
09/08/2020 23:46:28,213.11,FALSE
09/08/2020 23:46:27,194.77,FALSE
09/08/2020 23:46:26,196.10,FALSE
09/08/2020 23:46:25,220.09,FALSE
09/08/2020 23:46:24,221.62,FALSE
09/08/2020 23:46:23,238.96,FALSE
09/08/2020 23:46:22,188.72,FALSE
09/08/2020 23:46:21,184.44,FALSE
09/08/2020 23:46:20,188.80,FALSE
09/08/2020 23:46:19,188.57,FALSE
09/08/2020 23:46:18,206.25,FALSE
09/08/2020 23:46:17,184.92,FALSE
09/08/2020 23:46:16,179.78,FALSE
09/08/2020 23:46:15,171.07,FALSE
09/08/2020 23:46:14,182.60,FALSE
09/08/2020 23:46:13,176.97,FALSE
09/08/2020 23:46:12,169.97,FALSE
09/08/2020 23:46:11,232.91,FALSE
09/08/2020 23:46:10,226.37,FALSE
09/08/2020 23:46:09,170.41,FALSE
09/08/2020 23:46:08,185.06,FALSE
09/08/2020 23:46:07,161.67,FALSE
09/08/2020 23:46:06,194.53,FALSE
09/08/2020 23:46:05,185.58,FALSE
09/08/2020 23:46:04,195.10,FALSE
09/08/2020 23:46:03,212.91,FALSE
09/08/2020 23:46:02,170.59,FALSE
09/08/2020 23:46:01,229.67,FALSE
09/08/2020 23:46:00,190.61,FALSE
09/08/2020 23:45:59,234.67,FALSE
09/08/2020 23:45:58,199.75,FALSE
09/08/2020 23:45:57,217.01,FALSE
09/08/2020 23:45:56,184.04,FALSE
09/08/2020 23:45:55,239.29,FALSE
09/08/2020 23:45:54,232.00,FALSE
09/08/2020 23:45:53,171.60,FALSE
09/08/2020 23:45:52,197.73,FALSE
09/08/2020 23:45:51,127.52,TRUE
09/08/2020 23:45:50,191.77,FALSE
09/08/2020 23:45:49,215.77,FALSE
09/08/2020 23:45:48,219.11,FALSE
09/08/2020 23:45:47,197.24,FALSE
09/08/2020 23:45:46,187.50,FALSE
09/08/2020 23:45:45,184.81,FALSE
09/08/2020 23:45:44,202.52,FALSE
09/08/2020 23:45:43,167.48,FALSE
09/08/2020 23:45:42,238.23,FALSE
09/08/2020 23:45:41,206.08,FALSE
09/08/2020 23:45:40,183.10,FALSE
09/08/2020 23:45:39,216.82,FALSE
09/08/2020 23:45:38,196.49,FALSE
09/08/2020 23:45:37,184.11,FALSE
09/08/2020 23:45:36,217.47,FALSE
09/08/2020 23:45:35,164.58,FALSE
09/08/2020 23:45:34,231.79,FALSE
09/08/2020 23:45:33,191.47,FALSE
09/08/2020 23:45:32,174.72,FALSE
09/08/2020 23:45:31,225.24,FALSE
09/08/2020 23:45:30,183.16,FALSE
09/08/2020 23:45:29,232.79,FALSE
09/08/2020 23:45:28,234.39,FALSE
09/08/2020 23:45:27,180.37,FALSE
09/08/2020 23:45:26,208.81,FALSE
09/08/2020 23:45:25,218.54,FALSE
09/08/2020 23:45:24,208.96,FALSE
09/08/2020 23:45:23,169.36,FALSE
09/08/2020 23:45:22,160.62,FALSE
09/08/2020 23:45:21,227.42,FALSE
09/08/2020 23:45:20,174.84,FALSE
09/08/2020 23:45:19,218.13,FALSE
09/08/2020 23:45:18,171.81,FALSE
09/08/2020 23:45:17,189.41,FALSE
09/08/2020 23:45:16,203.68,FALSE
09/08/2020 23:45:15,217.15,FALSE
09/08/2020 23:45:14,166.60,FALSE
09/08/2020 23:45:13,233.43,FALSE
09/08/2020 23:45:12,237.05,FALSE
09/08/2020 23:45:11,219.48,FALSE
09/08/2020 23:45:10,160.87,FALSE
09/08/2020 23:45:09,177.06,FALSE
09/08/2020 23:45:08,179.24,FALSE
09/08/2020 23:45:07,214.43,FALSE
09/08/2020 23:45:06,210.70,FALSE
09/08/2020 23:45:05,228.60,FALSE
09/08/2020 23:45:04,239.37,FALSE
09/08/2020 23:45:03,171.61,FALSE
09/08/2020 23:45:02,170.01,FALSE
09/08/2020 23:45:01,163.87,FALSE
09/08/2020 23:45:00,286.83,TRUE
