aggregated_time,vt_value,is_anomaly
10/08/2020 00:33:10,0.38,FALSE
10/08/2020 00:33:09,1.04,FALSE
10/08/2020 00:33:08,1.16,FALSE
10/08/2020 00:33:07,0.70,FALSE
10/08/2020 00:33:06,0.51,FALSE
10/08/2020 00:33:05,1.67,FALSE
10/08/2020 00:33:05,1.69,FALSE
10/08/2020 00:33:04,1.50,FALSE
10/08/2020 00:33:03,0.68,FALSE
10/08/2020 00:33:02,1.07,FALSE
10/08/2020 00:33:01,1.65,FALSE
10/08/2020 00:33:00,0.91,FALSE
10/08/2020 00:32:59,0.50,FALSE
10/08/2020 00:32:58,1.83,FALSE
10/08/2020 00:32:57,0.46,FALSE
10/08/2020 00:32:56,3.36,TRUE
10/08/2020 00:32:55,0.98,FALSE
10/08/2020 00:32:54,1.54,FALSE
10/08/2020 00:32:53,0.87,FALSE
10/08/2020 00:32:52,1.08,FALSE
10/08/2020 00:32:51,1.13,FALSE
10/08/2020 00:32:50,1.99,FALSE
10/08/2020 00:32:49,-1.08,TRUE
10/08/2020 00:32:48,0.36,FALSE
10/08/2020 00:32:47,0.97,FALSE
10/08/2020 00:32:46,0.92,FALSE
10/08/2020 00:32:45,1.11,FALSE
10/08/2020 00:32:44,1.68,FALSE
10/08/2020 00:32:43,1.13,FALSE
10/08/2020 00:32:42,0.96,FALSE
10/08/2020 00:32:41,1.45,FALSE
10/08/2020 00:32:40,1.48,FALSE
10/08/2020 00:32:39,0.87,FALSE
10/08/2020 00:32:38,1.47,FALSE
10/08/2020 00:32:37,0.33,FALSE
10/08/2020 00:32:36,0.91,FALSE
10/08/2020 00:32:35,0.77,FALSE
10/08/2020 00:32:34,1.05,FALSE
10/08/2020 00:32:33,1.40,FALSE
10/08/2020 00:32:32,1.00,FALSE
10/08/2020 00:32:31,1.45,FALSE
10/08/2020 00:32:30,1.28,FALSE
10/08/2020 00:32:29,1.11,FALSE
10/08/2020 00:32:28,1.27,FALSE
10/08/2020 00:32:27,1.96,FALSE
10/08/2020 00:32:26,1.96,FALSE
10/08/2020 00:32:25,1.25,FALSE
10/08/2020 00:32:24,1.45,FALSE
10/08/2020 00:32:23,0.51,FALSE
10/08/2020 00:32:22,1.32,FALSE
10/08/2020 00:32:21,0.73,FALSE
10/08/2020 00:32:20,0.55,FALSE
10/08/2020 00:32:19,1.88,FALSE
10/08/2020 00:32:18,1.18,FALSE
10/08/2020 00:32:17,1.76,FALSE
10/08/2020 00:32:16,0.78,FALSE
10/08/2020 00:32:15,1.57,FALSE
10/08/2020 00:32:14,0.54,FALSE
10/08/2020 00:32:13,1.74,FALSE
10/08/2020 00:32:12,1.67,FALSE
10/08/2020 00:32:11,1.57,FALSE
10/08/2020 00:32:10,1.14,FALSE
10/08/2020 00:32:09,0.59,FALSE
10/08/2020 00:32:08,0.89,FALSE
10/08/2020 00:32:07,1.78,FALSE
10/08/2020 00:32:06,0.53,FALSE
10/08/2020 00:32:05,1.45,FALSE
10/08/2020 00:32:04,0.42,FALSE
10/08/2020 00:32:03,1.32,FALSE
10/08/2020 00:32:02,1.77,FALSE
10/08/2020 00:32:01,0.34,FALSE
10/08/2020 00:32:00,1.32,FALSE
10/08/2020 00:31:59,0.33,FALSE
10/08/2020 00:31:58,0.59,FALSE
10/08/2020 00:31:57,1.23,FALSE
10/08/2020 00:31:56,1.05,FALSE
10/08/2020 00:31:55,1.21,FALSE
10/08/2020 00:31:54,1.86,FALSE
10/08/2020 00:31:53,0.32,FALSE
10/08/2020 00:31:52,0.33,FALSE
10/08/2020 00:31:51,1.76,FALSE
10/08/2020 00:31:50,1.85,FALSE
10/08/2020 00:31:49,1.59,FALSE
10/08/2020 00:31:48,1.45,FALSE
10/08/2020 00:31:47,0.74,FALSE
10/08/2020 00:31:46,0.46,FALSE
10/08/2020 00:31:45,1.82,FALSE
10/08/2020 00:31:44,0.78,FALSE
10/08/2020 00:31:43,1.17,FALSE
10/08/2020 00:31:42,0.57,FALSE
10/08/2020 00:31:41,1.05,FALSE
10/08/2020 00:31:40,1.30,FALSE
10/08/2020 00:31:39,0.63,FALSE
10/08/2020 00:31:38,0.50,FALSE
10/08/2020 00:31:37,1.49,FALSE
10/08/2020 00:31:36,1.87,FALSE
10/08/2020 00:31:35,1.98,FALSE
10/08/2020 00:31:34,1.79,FALSE
10/08/2020 00:31:33,1.40,FALSE
10/08/2020 00:31:32,0.70,FALSE
10/08/2020 00:31:31,1.20,FALSE
10/08/2020 00:31:30,1.01,FALSE
10/08/2020 00:31:29,-0.89,TRUE
10/08/2020 00:31:28,1.06,FALSE
10/08/2020 00:31:27,1.36,FALSE
10/08/2020 00:31:26,1.31,FALSE
10/08/2020 00:31:25,1.96,FALSE
10/08/2020 00:31:24,1.65,FALSE
10/08/2020 00:31:23,0.59,FALSE
10/08/2020 00:31:22,1.86,FALSE
10/08/2020 00:31:21,1.14,FALSE
10/08/2020 00:31:20,1.81,FALSE
10/08/2020 00:31:19,3.27,TRUE
10/08/2020 00:31:18,1.70,FALSE
10/08/2020 00:31:17,1.34,FALSE
10/08/2020 00:31:16,0.42,FALSE
10/08/2020 00:31:15,1.90,FALSE
10/08/2020 00:31:14,0.38,FALSE
10/08/2020 00:31:13,1.34,FALSE
10/08/2020 00:31:12,0.73,FALSE
10/08/2020 00:31:11,0.58,FALSE
10/08/2020 00:31:10,0.88,FALSE
10/08/2020 00:31:09,1.37,FALSE
10/08/2020 00:31:08,1.39,FALSE
10/08/2020 00:31:07,0.98,FALSE
10/08/2020 00:31:06,0.43,FALSE
10/08/2020 00:31:05,0.54,FALSE
10/08/2020 00:31:04,0.46,FALSE
10/08/2020 00:31:03,0.50,FALSE
10/08/2020 00:31:02,0.58,FALSE
10/08/2020 00:31:01,0.79,FALSE
10/08/2020 00:31:00,1.89,FALSE
10/08/2020 00:30:59,1.76,FALSE
10/08/2020 00:30:58,1.69,FALSE
10/08/2020 00:30:57,1.60,FALSE
10/08/2020 00:30:56,1.01,FALSE
10/08/2020 00:30:55,1.91,FALSE
10/08/2020 00:30:54,0.79,FALSE
10/08/2020 00:30:53,1.97,FALSE
10/08/2020 00:30:52,1.44,FALSE
10/08/2020 00:30:51,1.59,FALSE
10/08/2020 00:30:50,0.92,FALSE
10/08/2020 00:30:49,1.02,FALSE
10/08/2020 00:30:48,1.13,FALSE
10/08/2020 00:30:47,1.35,FALSE
10/08/2020 00:30:46,1.91,FALSE
10/08/2020 00:30:45,1.66,FALSE
10/08/2020 00:30:44,1.51,FALSE
10/08/2020 00:30:43,0.44,FALSE
10/08/2020 00:30:42,0.47,FALSE
10/08/2020 00:30:41,0.71,FALSE
10/08/2020 00:30:40,1.95,FALSE
10/08/2020 00:30:39,1.52,FALSE
10/08/2020 00:30:38,1.63,FALSE
10/08/2020 00:30:37,0.89,FALSE
10/08/2020 00:30:36,1.58,FALSE
10/08/2020 00:30:35,1.62,FALSE
10/08/2020 00:30:34,0.60,FALSE
10/08/2020 00:30:33,0.54,FALSE
10/08/2020 00:30:32,1.96,FALSE
10/08/2020 00:30:31,1.08,FALSE
10/08/2020 00:30:30,0.96,FALSE
10/08/2020 00:30:29,1.61,FALSE
10/08/2020 00:30:28,0.48,FALSE
10/08/2020 00:30:27,1.33,FALSE
10/08/2020 00:30:26,1.38,FALSE
10/08/2020 00:30:25,1.20,FALSE
10/08/2020 00:30:24,1.43,FALSE
10/08/2020 00:30:23,1.44,FALSE
10/08/2020 00:30:22,1.80,FALSE
10/08/2020 00:30:21,1.26,FALSE
10/08/2020 00:30:20,1.52,FALSE
10/08/2020 00:30:19,1.59,FALSE
10/08/2020 00:30:18,1.10,FALSE
10/08/2020 00:30:17,0.72,FALSE
10/08/2020 00:30:16,0.99,FALSE
10/08/2020 00:30:15,0.34,FALSE
10/08/2020 00:30:14,0.45,FALSE
10/08/2020 00:30:13,0.67,FALSE
10/08/2020 00:30:12,-0.88,TRUE
10/08/2020 00:30:11,1.44,FALSE
10/08/2020 00:30:10,0.39,FALSE
10/08/2020 00:30:09,1.62,FALSE
10/08/2020 00:30:08,1.71,FALSE
10/08/2020 00:30:07,1.76,FALSE
10/08/2020 00:30:06,1.96,FALSE
10/08/2020 00:30:05,0.54,FALSE
10/08/2020 00:30:04,-0.27,TRUE
10/08/2020 00:30:03,0.48,FALSE
10/08/2020 00:30:02,1.79,FALSE
10/08/2020 00:30:01,1.46,FALSE
10/08/2020 00:30:00,1.99,FALSE
10/08/2020 00:29:59,1.29,FALSE
10/08/2020 00:29:58,1.21,FALSE
10/08/2020 00:29:57,1.01,FALSE
10/08/2020 00:29:56,0.39,FALSE
10/08/2020 00:29:55,0.85,FALSE
10/08/2020 00:29:54,0.62,FALSE
10/08/2020 00:29:53,0.53,FALSE
10/08/2020 00:29:52,1.91,FALSE
10/08/2020 00:29:51,1.14,FALSE
10/08/2020 00:29:50,2.55,TRUE
10/08/2020 00:29:49,1.35,FALSE
10/08/2020 00:29:48,1.62,FALSE
10/08/2020 00:29:47,1.85,FALSE
10/08/2020 00:29:46,0.66,FALSE
10/08/2020 00:29:46,1.96,FALSE
10/08/2020 00:29:45,0.85,FALSE
10/08/2020 00:29:44,0.42,FALSE
10/08/2020 00:29:43,1.07,FALSE
10/08/2020 00:29:42,1.82,FALSE
10/08/2020 00:29:41,1.95,FALSE
10/08/2020 00:29:40,0.78,FALSE
10/08/2020 00:29:39,1.90,FALSE
10/08/2020 00:29:38,1.02,FALSE
10/08/2020 00:29:37,1.56,FALSE
10/08/2020 00:29:36,1.55,FALSE
10/08/2020 00:29:35,0.34,FALSE
10/08/2020 00:29:34,1.46,FALSE
10/08/2020 00:29:33,3.02,TRUE
10/08/2020 00:29:32,1.74,FALSE
10/08/2020 00:29:31,1.45,FALSE
10/08/2020 00:29:30,1.00,FALSE
10/08/2020 00:29:29,1.86,FALSE
10/08/2020 00:29:28,0.59,FALSE
10/08/2020 00:29:27,1.75,FALSE
10/08/2020 00:29:26,0.74,FALSE
10/08/2020 00:29:25,1.13,FALSE
10/08/2020 00:29:24,0.97,FALSE
10/08/2020 00:29:23,1.03,FALSE
10/08/2020 00:29:22,0.42,FALSE
10/08/2020 00:29:21,1.80,FALSE
10/08/2020 00:29:20,0.51,FALSE
10/08/2020 00:29:19,0.94,FALSE
10/08/2020 00:29:18,-1.35,TRUE
10/08/2020 00:29:17,0.71,FALSE
10/08/2020 00:29:16,0.41,FALSE
10/08/2020 00:29:15,0.34,FALSE
10/08/2020 00:29:14,1.72,FALSE
10/08/2020 00:29:13,1.59,FALSE
10/08/2020 00:29:12,1.37,FALSE
10/08/2020 00:29:11,0.51,FALSE
10/08/2020 00:29:10,0.54,FALSE
10/08/2020 00:29:09,1.07,FALSE
10/08/2020 00:29:08,1.06,FALSE
10/08/2020 00:29:07,0.31,FALSE
10/08/2020 00:29:06,1.83,FALSE
10/08/2020 00:29:05,1.53,FALSE
10/08/2020 00:29:04,0.96,FALSE
10/08/2020 00:29:03,1.20,FALSE
10/08/2020 00:29:02,1.42,FALSE
10/08/2020 00:29:01,0.34,FALSE
10/08/2020 00:29:00,1.79,FALSE
10/08/2020 00:28:59,0.47,FALSE
10/08/2020 00:28:58,1.25,FALSE
10/08/2020 00:28:57,1.96,FALSE
10/08/2020 00:28:56,1.41,FALSE
10/08/2020 00:28:55,1.18,FALSE
10/08/2020 00:28:54,1.01,FALSE
10/08/2020 00:28:53,0.62,FALSE
10/08/2020 00:28:52,1.88,FALSE
10/08/2020 00:28:51,0.90,FALSE
10/08/2020 00:28:50,0.82,FALSE
10/08/2020 00:28:49,1.62,FALSE
10/08/2020 00:28:48,1.32,FALSE
10/08/2020 00:28:47,0.95,FALSE
10/08/2020 00:28:46,1.91,FALSE
10/08/2020 00:28:45,1.04,FALSE
10/08/2020 00:28:44,0.92,FALSE
10/08/2020 00:28:43,0.35,FALSE
10/08/2020 00:28:42,1.04,FALSE
10/08/2020 00:28:41,1.61,FALSE
10/08/2020 00:28:40,1.86,FALSE
10/08/2020 00:28:39,1.61,FALSE
10/08/2020 00:28:38,1.69,FALSE
10/08/2020 00:28:37,0.92,FALSE
10/08/2020 00:28:36,1.56,FALSE
10/08/2020 00:28:35,1.66,FALSE
10/08/2020 00:28:34,0.90,FALSE
10/08/2020 00:28:33,0.72,FALSE
10/08/2020 00:28:32,1.93,FALSE
10/08/2020 00:28:31,1.37,FALSE
10/08/2020 00:28:30,0.49,FALSE
10/08/2020 00:28:29,0.57,FALSE
10/08/2020 00:28:28,1.41,FALSE
10/08/2020 00:28:27,1.56,FALSE
10/08/2020 00:28:26,0.95,FALSE
10/08/2020 00:28:25,1.72,FALSE
10/08/2020 00:28:24,1.11,FALSE
10/08/2020 00:28:23,1.67,FALSE
10/08/2020 00:28:22,0.79,FALSE
10/08/2020 00:28:21,1.89,FALSE
10/08/2020 00:28:20,2.87,TRUE
10/08/2020 00:28:19,1.73,FALSE
10/08/2020 00:28:18,0.85,FALSE
10/08/2020 00:28:17,1.22,FALSE
10/08/2020 00:28:16,0.42,FALSE
10/08/2020 00:28:15,0.78,FALSE
10/08/2020 00:28:14,1.30,FALSE
10/08/2020 00:28:13,1.84,FALSE
10/08/2020 00:28:12,0.35,FALSE
10/08/2020 00:28:11,0.51,FALSE
10/08/2020 00:28:10,1.85,FALSE
10/08/2020 00:28:09,1.13,FALSE
10/08/2020 00:28:08,1.79,FALSE
10/08/2020 00:28:07,1.98,FALSE
10/08/2020 00:28:06,1.13,FALSE
10/08/2020 00:28:05,1.40,FALSE
10/08/2020 00:28:04,0.41,FALSE
10/08/2020 00:28:03,1.69,FALSE
10/08/2020 00:28:02,1.65,FALSE
10/08/2020 00:28:01,1.93,FALSE
10/08/2020 00:28:00,1.19,FALSE
10/08/2020 00:27:59,1.23,FALSE
10/08/2020 00:27:58,1.78,FALSE
10/08/2020 00:27:57,1.02,FALSE
10/08/2020 00:27:56,1.25,FALSE
10/08/2020 00:27:55,1.23,FALSE
10/08/2020 00:27:54,1.03,FALSE
10/08/2020 00:27:53,0.99,FALSE
10/08/2020 00:27:52,0.95,FALSE
10/08/2020 00:27:51,1.51,FALSE
10/08/2020 00:27:50,1.15,FALSE
10/08/2020 00:27:49,1.21,FALSE
10/08/2020 00:27:48,1.58,FALSE
10/08/2020 00:27:47,0.77,FALSE
10/08/2020 00:27:46,1.38,FALSE
10/08/2020 00:27:45,0.55,FALSE
10/08/2020 00:27:44,1.39,FALSE
10/08/2020 00:27:43,1.00,FALSE
10/08/2020 00:27:42,0.62,FALSE
10/08/2020 00:27:41,0.83,FALSE
10/08/2020 00:27:40,0.39,FALSE
10/08/2020 00:27:39,1.36,FALSE
10/08/2020 00:27:38,0.71,FALSE
10/08/2020 00:27:37,0.88,FALSE
10/08/2020 00:27:36,1.97,FALSE
10/08/2020 00:27:35,0.61,FALSE
10/08/2020 00:27:34,0.78,FALSE
10/08/2020 00:27:33,0.76,FALSE
10/08/2020 00:27:32,1.24,FALSE
10/08/2020 00:27:31,1.94,FALSE
10/08/2020 00:27:30,0.86,FALSE
10/08/2020 00:27:29,-0.51,TRUE
10/08/2020 00:27:28,1.84,FALSE
10/08/2020 00:27:27,1.04,FALSE
10/08/2020 00:27:26,1.50,FALSE
10/08/2020 00:27:25,0.66,FALSE
10/08/2020 00:27:24,0.65,FALSE
10/08/2020 00:27:23,0.79,FALSE
10/08/2020 00:27:22,0.33,FALSE
10/08/2020 00:27:21,1.95,FALSE
10/08/2020 00:27:20,0.72,FALSE
10/08/2020 00:27:19,1.91,FALSE
10/08/2020 00:27:18,1.17,FALSE
10/08/2020 00:27:17,1.60,FALSE
10/08/2020 00:27:16,1.52,FALSE
10/08/2020 00:27:15,1.60,FALSE
10/08/2020 00:27:14,1.65,FALSE
10/08/2020 00:27:13,1.79,FALSE
10/08/2020 00:27:12,0.47,FALSE
10/08/2020 00:27:11,1.32,FALSE
10/08/2020 00:27:10,1.85,FALSE
10/08/2020 00:27:09,0.64,FALSE
10/08/2020 00:27:08,0.50,FALSE
10/08/2020 00:27:07,1.92,FALSE
10/08/2020 00:27:06,1.07,FALSE
10/08/2020 00:27:05,1.04,FALSE
10/08/2020 00:27:04,1.35,FALSE
10/08/2020 00:27:03,1.09,FALSE
10/08/2020 00:27:02,1.90,FALSE
10/08/2020 00:27:01,1.09,FALSE
10/08/2020 00:27:00,1.57,FALSE
10/08/2020 00:26:59,0.54,FALSE
10/08/2020 00:26:58,0.72,FALSE
10/08/2020 00:26:57,0.40,FALSE
10/08/2020 00:26:56,1.74,FALSE
10/08/2020 00:26:55,0.57,FALSE
10/08/2020 00:26:54,1.44,FALSE
10/08/2020 00:26:53,1.07,FALSE
10/08/2020 00:26:52,1.10,FALSE
10/08/2020 00:26:51,1.53,FALSE
10/08/2020 00:26:50,0.76,FALSE
10/08/2020 00:26:49,0.39,FALSE
10/08/2020 00:26:48,1.96,FALSE
10/08/2020 00:26:47,1.50,FALSE
10/08/2020 00:26:46,0.42,FALSE
10/08/2020 00:26:45,0.47,FALSE
10/08/2020 00:26:44,1.86,FALSE
10/08/2020 00:26:43,1.13,FALSE
10/08/2020 00:26:42,0.96,FALSE
10/08/2020 00:26:41,1.88,FALSE
10/08/2020 00:26:40,0.45,FALSE
10/08/2020 00:26:39,1.86,FALSE
10/08/2020 00:26:38,1.23,FALSE
10/08/2020 00:26:37,1.09,FALSE
10/08/2020 00:26:36,1.48,FALSE
10/08/2020 00:26:35,3.53,TRUE
10/08/2020 00:26:34,1.42,FALSE
10/08/2020 00:26:33,1.44,FALSE
10/08/2020 00:26:32,1.02,FALSE
10/08/2020 00:26:31,1.41,FALSE
10/08/2020 00:26:30,0.42,FALSE
10/08/2020 00:26:29,1.03,FALSE
10/08/2020 00:26:28,1.67,FALSE
10/08/2020 00:26:27,0.92,FALSE
10/08/2020 00:26:27,0.43,FALSE
10/08/2020 00:26:26,1.78,FALSE
10/08/2020 00:26:25,0.40,FALSE
10/08/2020 00:26:24,0.37,FALSE
10/08/2020 00:26:23,-0.55,TRUE
10/08/2020 00:26:22,0.52,FALSE
10/08/2020 00:26:21,0.63,FALSE
10/08/2020 00:26:20,0.50,FALSE
10/08/2020 00:26:19,1.90,FALSE
10/08/2020 00:26:18,0.67,FALSE
10/08/2020 00:26:17,0.36,FALSE
10/08/2020 00:26:16,1.40,FALSE
10/08/2020 00:26:15,0.85,FALSE
10/08/2020 00:26:14,1.07,FALSE
10/08/2020 00:26:13,1.54,FALSE
10/08/2020 00:26:12,1.52,FALSE
10/08/2020 00:26:11,1.45,FALSE
10/08/2020 00:26:10,1.77,FALSE
10/08/2020 00:26:09,0.47,FALSE
10/08/2020 00:26:08,1.66,FALSE
10/08/2020 00:26:07,1.73,FALSE
10/08/2020 00:26:06,1.46,FALSE
10/08/2020 00:26:05,0.31,FALSE
10/08/2020 00:26:04,1.64,FALSE
10/08/2020 00:26:03,1.79,FALSE
10/08/2020 00:26:02,1.90,FALSE
10/08/2020 00:26:01,0.43,FALSE
10/08/2020 00:26:00,0.90,FALSE
10/08/2020 00:25:59,1.42,FALSE
10/08/2020 00:25:58,0.33,FALSE
10/08/2020 00:25:57,1.39,FALSE
10/08/2020 00:25:56,0.79,FALSE
10/08/2020 00:25:55,1.60,FALSE
10/08/2020 00:25:54,0.77,FALSE
10/08/2020 00:25:53,1.01,FALSE
10/08/2020 00:25:52,0.59,FALSE
10/08/2020 00:25:51,1.26,FALSE
10/08/2020 00:25:50,1.01,FALSE
10/08/2020 00:25:49,0.61,FALSE
10/08/2020 00:25:48,0.44,FALSE
10/08/2020 00:25:47,0.80,FALSE
10/08/2020 00:25:46,0.40,FALSE
10/08/2020 00:25:45,0.85,FALSE
10/08/2020 00:25:44,1.10,FALSE
10/08/2020 00:25:43,0.35,FALSE
10/08/2020 00:25:42,1.08,FALSE
10/08/2020 00:25:41,0.38,FALSE
10/08/2020 00:25:40,1.58,FALSE
10/08/2020 00:25:39,1.14,FALSE
10/08/2020 00:25:38,1.46,FALSE
10/08/2020 00:25:37,0.02,TRUE
10/08/2020 00:25:36,0.56,FALSE
10/08/2020 00:25:35,0.97,FALSE
10/08/2020 00:25:34,1.37,FALSE
10/08/2020 00:25:33,0.37,FALSE
10/08/2020 00:25:32,0.31,FALSE
10/08/2020 00:25:31,0.56,FALSE
10/08/2020 00:25:30,0.59,FALSE
10/08/2020 00:25:29,0.35,FALSE
10/08/2020 00:25:28,0.56,FALSE
10/08/2020 00:25:27,0.59,FALSE
10/08/2020 00:25:26,0.37,FALSE
10/08/2020 00:25:25,0.77,FALSE
10/08/2020 00:25:24,1.44,FALSE
10/08/2020 00:25:23,1.39,FALSE
10/08/2020 00:25:22,0.77,FALSE
10/08/2020 00:25:21,1.56,FALSE
10/08/2020 00:25:20,0.71,FALSE
10/08/2020 00:25:19,0.41,FALSE
10/08/2020 00:25:18,0.79,FALSE
10/08/2020 00:25:17,1.30,FALSE
10/08/2020 00:25:16,0.66,FALSE
10/08/2020 00:25:15,1.01,FALSE
10/08/2020 00:25:14,0.52,FALSE
10/08/2020 00:25:13,2.68,TRUE
10/08/2020 00:25:12,1.43,FALSE
10/08/2020 00:25:11,0.93,FALSE
10/08/2020 00:25:10,1.92,FALSE
10/08/2020 00:25:09,1.86,FALSE
10/08/2020 00:25:08,0.74,FALSE
10/08/2020 00:25:07,0.93,FALSE
10/08/2020 00:25:06,1.60,FALSE
10/08/2020 00:25:05,1.71,FALSE
10/08/2020 00:25:04,1.99,FALSE
10/08/2020 00:25:03,0.79,FALSE
10/08/2020 00:25:02,1.81,FALSE
10/08/2020 00:25:01,0.69,FALSE
10/08/2020 00:25:00,1.90,FALSE
10/08/2020 00:24:59,1.16,FALSE
10/08/2020 00:24:58,0.57,FALSE
10/08/2020 00:24:57,1.54,FALSE
10/08/2020 00:24:56,0.36,FALSE
10/08/2020 00:24:55,1.32,FALSE
10/08/2020 00:24:54,0.62,FALSE
10/08/2020 00:24:53,1.97,FALSE
10/08/2020 00:24:52,0.50,FALSE
10/08/2020 00:24:51,0.39,FALSE
10/08/2020 00:24:50,0.61,FALSE
10/08/2020 00:24:49,1.47,FALSE
10/08/2020 00:24:48,0.85,FALSE
10/08/2020 00:24:47,1.17,FALSE
10/08/2020 00:24:46,0.67,FALSE
10/08/2020 00:24:45,0.95,FALSE
10/08/2020 00:24:44,1.11,FALSE
10/08/2020 00:24:43,1.29,FALSE
10/08/2020 00:24:42,1.86,FALSE
10/08/2020 00:24:41,0.43,FALSE
10/08/2020 00:24:40,1.74,FALSE
10/08/2020 00:24:39,1.30,FALSE
10/08/2020 00:24:38,1.92,FALSE
10/08/2020 00:24:37,1.02,FALSE
10/08/2020 00:24:36,0.65,FALSE
10/08/2020 00:24:35,1.25,FALSE
10/08/2020 00:24:34,0.70,FALSE
10/08/2020 00:24:33,0.64,FALSE
10/08/2020 00:24:32,1.29,FALSE
10/08/2020 00:24:31,0.38,FALSE
10/08/2020 00:24:30,0.53,FALSE
10/08/2020 00:24:29,1.87,FALSE
10/08/2020 00:24:28,1.79,FALSE
10/08/2020 00:24:27,1.82,FALSE
10/08/2020 00:24:26,-1.08,TRUE
10/08/2020 00:24:25,1.00,FALSE
10/08/2020 00:24:24,1.52,FALSE
10/08/2020 00:24:23,0.83,FALSE
10/08/2020 00:24:22,1.07,FALSE
10/08/2020 00:24:21,1.89,FALSE
10/08/2020 00:24:20,1.79,FALSE
10/08/2020 00:24:19,0.91,FALSE
10/08/2020 00:24:18,1.49,FALSE
10/08/2020 00:24:17,0.75,FALSE
10/08/2020 00:24:16,1.78,FALSE
10/08/2020 00:24:15,1.26,FALSE
10/08/2020 00:24:14,0.78,FALSE
10/08/2020 00:24:13,0.46,FALSE
10/08/2020 00:24:12,0.34,FALSE
10/08/2020 00:24:11,1.23,FALSE
10/08/2020 00:24:10,0.97,FALSE
10/08/2020 00:24:09,0.41,FALSE
10/08/2020 00:24:08,1.62,FALSE
10/08/2020 00:24:07,0.88,FALSE
10/08/2020 00:24:06,1.65,FALSE
10/08/2020 00:24:05,1.56,FALSE
10/08/2020 00:24:04,1.51,FALSE
10/08/2020 00:24:03,1.44,FALSE
10/08/2020 00:24:02,0.58,FALSE
10/08/2020 00:24:01,1.17,FALSE
10/08/2020 00:24:00,0.68,FALSE
10/08/2020 00:23:59,1.71,FALSE
10/08/2020 00:23:58,0.47,FALSE
10/08/2020 00:23:57,1.61,FALSE
10/08/2020 00:23:56,0.42,FALSE
10/08/2020 00:23:55,1.81,FALSE
10/08/2020 00:23:54,1.39,FALSE
10/08/2020 00:23:53,0.61,FALSE
10/08/2020 00:23:52,0.34,FALSE
10/08/2020 00:23:51,1.41,FALSE
10/08/2020 00:23:50,1.63,FALSE
10/08/2020 00:23:49,1.50,FALSE
10/08/2020 00:23:48,1.15,FALSE
10/08/2020 00:23:47,0.89,FALSE
10/08/2020 00:23:46,1.53,FALSE
10/08/2020 00:23:45,0.53,FALSE
10/08/2020 00:23:44,0.98,FALSE
10/08/2020 00:23:43,0.68,FALSE
10/08/2020 00:23:42,1.32,FALSE
10/08/2020 00:23:41,0.42,FALSE
10/08/2020 00:23:40,1.28,FALSE
10/08/2020 00:23:39,0.86,FALSE
10/08/2020 00:23:38,1.16,FALSE
10/08/2020 00:23:37,1.54,FALSE
10/08/2020 00:23:36,1.68,FALSE
10/08/2020 00:23:35,1.47,FALSE
10/08/2020 00:23:34,0.57,FALSE
10/08/2020 00:23:33,1.09,FALSE
10/08/2020 00:23:32,1.79,FALSE
10/08/2020 00:23:31,1.25,FALSE
10/08/2020 00:23:30,1.97,FALSE
10/08/2020 00:23:29,0.88,FALSE
10/08/2020 00:23:28,1.93,FALSE
10/08/2020 00:23:27,0.89,FALSE
10/08/2020 00:23:26,1.20,FALSE
10/08/2020 00:23:25,1.90,FALSE
10/08/2020 00:23:24,1.90,FALSE
10/08/2020 00:23:23,1.00,FALSE
10/08/2020 00:23:22,0.41,FALSE
10/08/2020 00:23:21,1.80,FALSE
10/08/2020 00:23:20,1.22,FALSE
10/08/2020 00:23:19,1.93,FALSE
10/08/2020 00:23:18,1.00,FALSE
10/08/2020 00:23:17,0.41,FALSE
10/08/2020 00:23:16,1.88,FALSE
10/08/2020 00:23:15,1.58,FALSE
10/08/2020 00:23:14,0.86,FALSE
10/08/2020 00:23:13,1.67,FALSE
10/08/2020 00:23:12,1.28,FALSE
10/08/2020 00:23:11,1.22,FALSE
10/08/2020 00:23:10,1.35,FALSE
10/08/2020 00:23:09,0.63,FALSE
10/08/2020 00:23:08,1.09,FALSE
10/08/2020 00:23:08,1.10,FALSE
10/08/2020 00:23:07,0.74,FALSE
10/08/2020 00:23:06,0.71,FALSE
10/08/2020 00:23:05,1.42,FALSE
10/08/2020 00:23:04,0.68,FALSE
10/08/2020 00:23:03,1.04,FALSE
10/08/2020 00:23:02,1.44,FALSE
10/08/2020 00:23:01,0.88,FALSE
10/08/2020 00:23:00,1.29,FALSE
10/08/2020 00:22:59,0.43,FALSE
10/08/2020 00:22:58,1.76,FALSE
10/08/2020 00:22:57,1.68,FALSE
10/08/2020 00:22:56,1.88,FALSE
10/08/2020 00:22:55,1.89,FALSE
10/08/2020 00:22:54,1.89,FALSE
10/08/2020 00:22:53,1.94,FALSE
10/08/2020 00:22:52,1.78,FALSE
10/08/2020 00:22:51,1.43,FALSE
10/08/2020 00:22:50,1.48,FALSE
10/08/2020 00:22:49,1.29,FALSE
10/08/2020 00:22:48,1.59,FALSE
10/08/2020 00:22:47,0.67,FALSE
10/08/2020 00:22:46,0.57,FALSE
10/08/2020 00:22:45,1.66,FALSE
10/08/2020 00:22:44,0.43,FALSE
10/08/2020 00:22:43,1.38,FALSE
10/08/2020 00:22:42,1.35,FALSE
10/08/2020 00:22:41,0.82,FALSE
10/08/2020 00:22:40,1.14,FALSE
10/08/2020 00:22:39,0.80,FALSE
10/08/2020 00:22:38,0.80,FALSE
10/08/2020 00:22:37,0.77,FALSE
10/08/2020 00:22:36,1.64,FALSE
10/08/2020 00:22:35,0.37,FALSE
10/08/2020 00:22:34,0.68,FALSE
10/08/2020 00:22:33,0.38,FALSE
10/08/2020 00:22:32,0.81,FALSE
10/08/2020 00:22:31,1.23,FALSE
10/08/2020 00:22:30,0.32,FALSE
10/08/2020 00:22:29,0.55,FALSE
10/08/2020 00:22:28,0.59,FALSE
10/08/2020 00:22:27,1.03,FALSE
10/08/2020 00:22:26,1.80,FALSE
10/08/2020 00:22:25,-0.58,TRUE
10/08/2020 00:22:24,0.93,FALSE
10/08/2020 00:22:23,1.68,FALSE
10/08/2020 00:22:22,1.33,FALSE
10/08/2020 00:22:21,1.87,FALSE
10/08/2020 00:22:20,0.78,FALSE
10/08/2020 00:22:19,0.36,FALSE
10/08/2020 00:22:18,1.27,FALSE
10/08/2020 00:22:17,1.24,FALSE
10/08/2020 00:22:16,0.65,FALSE
10/08/2020 00:22:15,0.45,FALSE
10/08/2020 00:22:14,1.06,FALSE
10/08/2020 00:22:13,1.42,FALSE
10/08/2020 00:22:12,0.96,FALSE
10/08/2020 00:22:11,1.67,FALSE
10/08/2020 00:22:10,0.64,FALSE
10/08/2020 00:22:09,0.36,FALSE
10/08/2020 00:22:08,1.00,FALSE
10/08/2020 00:22:07,0.38,FALSE
10/08/2020 00:22:06,0.76,FALSE
10/08/2020 00:22:05,1.39,FALSE
10/08/2020 00:22:04,1.44,FALSE
10/08/2020 00:22:03,1.57,FALSE
10/08/2020 00:22:02,1.70,FALSE
10/08/2020 00:22:01,0.39,FALSE
10/08/2020 00:22:00,1.81,FALSE
10/08/2020 00:21:59,1.33,FALSE
10/08/2020 00:21:58,1.21,FALSE
10/08/2020 00:21:57,1.76,FALSE
10/08/2020 00:21:56,0.47,FALSE
10/08/2020 00:21:55,1.51,FALSE
10/08/2020 00:21:54,0.69,FALSE
10/08/2020 00:21:53,1.77,FALSE
10/08/2020 00:21:52,1.88,FALSE
10/08/2020 00:21:51,1.93,FALSE
10/08/2020 00:21:50,1.10,FALSE
10/08/2020 00:21:49,0.50,FALSE
10/08/2020 00:21:48,0.97,FALSE
10/08/2020 00:21:47,0.74,FALSE
10/08/2020 00:21:46,1.84,FALSE
10/08/2020 00:21:45,1.75,FALSE
10/08/2020 00:21:44,0.74,FALSE
10/08/2020 00:21:43,1.80,FALSE
10/08/2020 00:21:42,1.45,FALSE
10/08/2020 00:21:41,0.42,FALSE
10/08/2020 00:21:40,1.18,FALSE
10/08/2020 00:21:39,0.60,FALSE
10/08/2020 00:21:38,1.80,FALSE
10/08/2020 00:21:37,1.00,FALSE
10/08/2020 00:21:36,1.37,FALSE
10/08/2020 00:21:35,0.86,FALSE
10/08/2020 00:21:34,1.02,FALSE
10/08/2020 00:21:33,0.47,FALSE
10/08/2020 00:21:32,0.72,FALSE
10/08/2020 00:21:31,0.93,FALSE
10/08/2020 00:21:30,1.01,FALSE
10/08/2020 00:21:29,0.98,FALSE
10/08/2020 00:21:28,0.54,FALSE
10/08/2020 00:21:27,1.91,FALSE
10/08/2020 00:21:26,0.81,FALSE
10/08/2020 00:21:25,0.81,FALSE
10/08/2020 00:21:24,0.36,FALSE
10/08/2020 00:21:23,1.24,FALSE
10/08/2020 00:21:22,1.35,FALSE
10/08/2020 00:21:21,0.91,FALSE
10/08/2020 00:21:20,0.36,FALSE
10/08/2020 00:21:19,0.50,FALSE
10/08/2020 00:21:18,0.48,FALSE
10/08/2020 00:21:17,1.46,FALSE
10/08/2020 00:21:16,0.41,FALSE
10/08/2020 00:21:15,0.39,FALSE
10/08/2020 00:21:14,0.68,FALSE
10/08/2020 00:21:13,1.92,FALSE
10/08/2020 00:21:12,1.36,FALSE
10/08/2020 00:21:11,3.09,TRUE
10/08/2020 00:21:10,0.44,FALSE
10/08/2020 00:21:09,1.40,FALSE
10/08/2020 00:21:08,0.41,FALSE
10/08/2020 00:21:07,0.49,FALSE
10/08/2020 00:21:06,0.78,FALSE
10/08/2020 00:21:05,0.89,FALSE
10/08/2020 00:21:04,0.53,FALSE
10/08/2020 00:21:03,1.35,FALSE
10/08/2020 00:21:02,1.89,FALSE
10/08/2020 00:21:01,1.88,FALSE
10/08/2020 00:21:00,1.15,FALSE
10/08/2020 00:20:59,0.95,FALSE
10/08/2020 00:20:58,1.84,FALSE
10/08/2020 00:20:57,1.62,FALSE
10/08/2020 00:20:56,1.56,FALSE
10/08/2020 00:20:55,0.91,FALSE
10/08/2020 00:20:54,1.41,FALSE
10/08/2020 00:20:53,1.85,FALSE
10/08/2020 00:20:52,1.32,FALSE
10/08/2020 00:20:51,1.26,FALSE
10/08/2020 00:20:50,0.78,FALSE
10/08/2020 00:20:49,1.09,FALSE
10/08/2020 00:20:48,1.70,FALSE
10/08/2020 00:20:47,0.41,FALSE
10/08/2020 00:20:46,1.82,FALSE
10/08/2020 00:20:45,1.63,FALSE
10/08/2020 00:20:44,0.92,FALSE
10/08/2020 00:20:43,0.59,FALSE
10/08/2020 00:20:42,1.11,FALSE
10/08/2020 00:20:41,0.61,FALSE
10/08/2020 00:20:40,0.91,FALSE
10/08/2020 00:20:39,0.86,FALSE
10/08/2020 00:20:38,1.19,FALSE
10/08/2020 00:20:37,1.42,FALSE
10/08/2020 00:20:36,1.75,FALSE
10/08/2020 00:20:35,0.57,FALSE
10/08/2020 00:20:34,1.82,FALSE
10/08/2020 00:20:33,0.75,FALSE
10/08/2020 00:20:32,1.45,FALSE
10/08/2020 00:20:31,0.60,FALSE
10/08/2020 00:20:30,0.91,FALSE
10/08/2020 00:20:29,0.35,FALSE
10/08/2020 00:20:28,0.82,FALSE
10/08/2020 00:20:27,-1.20,TRUE
10/08/2020 00:20:26,1.56,FALSE
10/08/2020 00:20:25,0.94,FALSE
10/08/2020 00:20:24,0.85,FALSE
10/08/2020 00:20:23,1.91,FALSE
10/08/2020 00:20:22,0.35,FALSE
10/08/2020 00:20:21,0.55,FALSE
10/08/2020 00:20:20,0.35,FALSE
10/08/2020 00:20:19,1.90,FALSE
10/08/2020 00:20:18,1.10,FALSE
10/08/2020 00:20:17,1.44,FALSE
10/08/2020 00:20:16,1.01,FALSE
10/08/2020 00:20:15,1.03,FALSE
10/08/2020 00:20:14,0.46,FALSE
10/08/2020 00:20:13,1.70,FALSE
10/08/2020 00:20:12,0.54,FALSE
10/08/2020 00:20:11,1.24,FALSE
10/08/2020 00:20:10,0.49,FALSE
10/08/2020 00:20:09,0.30,FALSE
10/08/2020 00:20:08,1.82,FALSE
10/08/2020 00:20:07,1.61,FALSE
10/08/2020 00:20:06,1.91,FALSE
10/08/2020 00:20:05,1.42,FALSE
10/08/2020 00:20:04,1.50,FALSE
10/08/2020 00:20:03,1.84,FALSE
10/08/2020 00:20:02,0.43,FALSE
10/08/2020 00:20:01,1.99,FALSE
10/08/2020 00:20:00,1.26,FALSE
10/08/2020 00:19:59,1.51,FALSE
10/08/2020 00:19:58,1.18,FALSE
10/08/2020 00:19:57,0.93,FALSE
10/08/2020 00:19:56,1.81,FALSE
10/08/2020 00:19:55,1.38,FALSE
10/08/2020 00:19:54,0.74,FALSE
10/08/2020 00:19:53,0.84,FALSE
10/08/2020 00:19:52,0.48,FALSE
10/08/2020 00:19:51,0.74,FALSE
10/08/2020 00:19:50,0.99,FALSE
10/08/2020 00:19:49,0.69,FALSE
10/08/2020 00:19:49,1.09,FALSE
10/08/2020 00:19:48,0.40,FALSE
10/08/2020 00:19:47,0.49,FALSE
10/08/2020 00:19:46,0.47,FALSE
10/08/2020 00:19:45,1.70,FALSE
10/08/2020 00:19:44,0.61,FALSE
10/08/2020 00:19:43,1.38,FALSE
10/08/2020 00:19:42,0.74,FALSE
10/08/2020 00:19:41,1.82,FALSE
10/08/2020 00:19:40,1.60,FALSE
10/08/2020 00:19:39,0.94,FALSE
10/08/2020 00:19:38,1.14,FALSE
10/08/2020 00:19:37,1.07,FALSE
10/08/2020 00:19:36,0.47,FALSE
10/08/2020 00:19:35,1.62,FALSE
10/08/2020 00:19:34,1.82,FALSE
10/08/2020 00:19:33,1.61,FALSE
10/08/2020 00:19:32,1.52,FALSE
10/08/2020 00:19:31,1.67,FALSE
10/08/2020 00:19:30,1.17,FALSE
10/08/2020 00:19:29,0.79,FALSE
10/08/2020 00:19:28,0.47,FALSE
10/08/2020 00:19:27,1.68,FALSE
10/08/2020 00:19:26,1.45,FALSE
10/08/2020 00:19:25,1.18,FALSE
10/08/2020 00:19:24,1.00,FALSE
10/08/2020 00:19:23,0.43,FALSE
10/08/2020 00:19:22,1.74,FALSE
10/08/2020 00:19:21,0.57,FALSE
10/08/2020 00:19:20,0.43,FALSE
10/08/2020 00:19:19,0.97,FALSE
10/08/2020 00:19:18,0.91,FALSE
10/08/2020 00:19:17,0.76,FALSE
10/08/2020 00:19:16,0.67,FALSE
10/08/2020 00:19:15,1.63,FALSE
10/08/2020 00:19:14,1.46,FALSE
10/08/2020 00:19:13,0.54,FALSE
10/08/2020 00:19:12,1.95,FALSE
10/08/2020 00:19:11,1.64,FALSE
10/08/2020 00:19:10,1.08,FALSE
10/08/2020 00:19:09,0.52,FALSE
10/08/2020 00:19:08,1.04,FALSE
10/08/2020 00:19:07,1.03,FALSE
10/08/2020 00:19:06,1.73,FALSE
10/08/2020 00:19:05,1.15,FALSE
10/08/2020 00:19:04,0.94,FALSE
10/08/2020 00:19:03,1.02,FALSE
10/08/2020 00:19:02,0.96,FALSE
10/08/2020 00:19:01,1.22,FALSE
10/08/2020 00:19:00,0.34,FALSE
10/08/2020 00:18:59,0.31,FALSE
10/08/2020 00:18:58,0.48,FALSE
10/08/2020 00:18:57,1.94,FALSE
10/08/2020 00:18:56,1.99,FALSE
10/08/2020 00:18:55,0.42,FALSE
10/08/2020 00:18:54,1.91,FALSE
10/08/2020 00:18:53,0.32,FALSE
10/08/2020 00:18:52,1.19,FALSE
10/08/2020 00:18:51,1.43,FALSE
10/08/2020 00:18:50,1.11,FALSE
10/08/2020 00:18:49,1.30,FALSE
10/08/2020 00:18:48,0.69,FALSE
10/08/2020 00:18:47,0.33,FALSE
10/08/2020 00:18:46,0.80,FALSE
10/08/2020 00:18:45,1.12,FALSE
10/08/2020 00:18:44,1.03,FALSE
10/08/2020 00:18:43,0.93,FALSE
10/08/2020 00:18:42,1.32,FALSE
10/08/2020 00:18:41,1.73,FALSE
10/08/2020 00:18:40,1.45,FALSE
10/08/2020 00:18:39,0.35,FALSE
10/08/2020 00:18:38,1.58,FALSE
10/08/2020 00:18:37,1.69,FALSE
10/08/2020 00:18:36,1.00,FALSE
10/08/2020 00:18:35,1.38,FALSE
10/08/2020 00:18:34,1.77,FALSE
10/08/2020 00:18:33,0.62,FALSE
10/08/2020 00:18:32,0.42,FALSE
10/08/2020 00:18:31,1.56,FALSE
10/08/2020 00:18:30,1.35,FALSE
10/08/2020 00:18:29,1.86,FALSE
10/08/2020 00:18:28,0.99,FALSE
10/08/2020 00:18:27,1.89,FALSE
10/08/2020 00:18:26,1.95,FALSE
10/08/2020 00:18:25,1.25,FALSE
10/08/2020 00:18:24,0.78,FALSE
10/08/2020 00:18:23,1.48,FALSE
10/08/2020 00:18:22,-1.00,TRUE
10/08/2020 00:18:21,0.67,FALSE
10/08/2020 00:18:20,1.74,FALSE
10/08/2020 00:18:19,1.31,FALSE
10/08/2020 00:18:18,1.81,FALSE
10/08/2020 00:18:17,0.41,FALSE
10/08/2020 00:18:16,1.21,FALSE
10/08/2020 00:18:15,0.92,FALSE
10/08/2020 00:18:14,1.62,FALSE
10/08/2020 00:18:13,0.94,FALSE
10/08/2020 00:18:12,1.76,FALSE
10/08/2020 00:18:11,0.46,FALSE
10/08/2020 00:18:10,1.14,FALSE
10/08/2020 00:18:09,0.54,FALSE
10/08/2020 00:18:08,1.13,FALSE
10/08/2020 00:18:07,1.56,FALSE
10/08/2020 00:18:06,1.80,FALSE
10/08/2020 00:18:05,1.73,FALSE
10/08/2020 00:18:04,0.82,FALSE
10/08/2020 00:18:03,0.43,FALSE
10/08/2020 00:18:02,1.71,FALSE
10/08/2020 00:18:01,1.09,FALSE
10/08/2020 00:18:00,0.91,FALSE
10/08/2020 00:17:59,1.01,FALSE
10/08/2020 00:17:58,0.34,FALSE
10/08/2020 00:17:57,1.60,FALSE
10/08/2020 00:17:56,0.70,FALSE
10/08/2020 00:17:55,1.80,FALSE
10/08/2020 00:17:54,3.66,TRUE
10/08/2020 00:17:53,0.60,FALSE
10/08/2020 00:17:52,1.15,FALSE
10/08/2020 00:17:51,0.78,FALSE
10/08/2020 00:17:50,1.83,FALSE
10/08/2020 00:17:49,0.66,FALSE
10/08/2020 00:17:48,0.96,FALSE
10/08/2020 00:17:47,1.18,FALSE
10/08/2020 00:17:46,1.63,FALSE
10/08/2020 00:17:45,0.72,FALSE
10/08/2020 00:17:44,1.18,FALSE
10/08/2020 00:17:43,0.79,FALSE
10/08/2020 00:17:42,0.84,FALSE
10/08/2020 00:17:41,1.37,FALSE
10/08/2020 00:17:40,1.67,FALSE
10/08/2020 00:17:39,1.30,FALSE
10/08/2020 00:17:38,1.88,FALSE
10/08/2020 00:17:37,1.68,FALSE
10/08/2020 00:17:36,0.91,FALSE
10/08/2020 00:17:35,1.63,FALSE
10/08/2020 00:17:34,0.66,FALSE
10/08/2020 00:17:33,1.46,FALSE
10/08/2020 00:17:32,1.90,FALSE
10/08/2020 00:17:31,1.89,FALSE
10/08/2020 00:17:30,1.84,FALSE
10/08/2020 00:17:29,0.45,FALSE
10/08/2020 00:17:28,1.90,FALSE
10/08/2020 00:17:27,1.31,FALSE
10/08/2020 00:17:26,1.49,FALSE
10/08/2020 00:17:25,1.39,FALSE
10/08/2020 00:17:24,1.12,FALSE
10/08/2020 00:17:23,1.86,FALSE
10/08/2020 00:17:22,1.16,FALSE
10/08/2020 00:17:21,0.36,FALSE
10/08/2020 00:17:20,1.01,FALSE
10/08/2020 00:17:19,0.84,FALSE
10/08/2020 00:17:18,0.37,FALSE
10/08/2020 00:17:17,1.42,FALSE
10/08/2020 00:17:16,0.45,FALSE
10/08/2020 00:17:15,1.75,FALSE
10/08/2020 00:17:14,1.76,FALSE
10/08/2020 00:17:13,0.62,FALSE
10/08/2020 00:17:12,1.11,FALSE
10/08/2020 00:17:11,1.39,FALSE
10/08/2020 00:17:10,1.03,FALSE
10/08/2020 00:17:09,1.52,FALSE
10/08/2020 00:17:08,1.84,FALSE
10/08/2020 00:17:07,1.49,FALSE
10/08/2020 00:17:06,1.55,FALSE
10/08/2020 00:17:05,-0.24,TRUE
10/08/2020 00:17:04,0.55,FALSE
10/08/2020 00:17:03,0.65,FALSE
10/08/2020 00:17:02,1.50,FALSE
10/08/2020 00:17:01,0.33,FALSE
10/08/2020 00:17:00,1.31,FALSE
10/08/2020 00:16:59,0.50,FALSE
10/08/2020 00:16:58,0.71,FALSE
10/08/2020 00:16:57,1.28,FALSE
10/08/2020 00:16:56,0.54,FALSE
10/08/2020 00:16:55,1.25,FALSE
10/08/2020 00:16:54,1.31,FALSE
10/08/2020 00:16:53,0.89,FALSE
10/08/2020 00:16:52,0.41,FALSE
10/08/2020 00:16:51,1.27,FALSE
10/08/2020 00:16:50,1.94,FALSE
10/08/2020 00:16:49,0.69,FALSE
10/08/2020 00:16:48,1.82,FALSE
10/08/2020 00:16:47,0.78,FALSE
10/08/2020 00:16:46,0.71,FALSE
10/08/2020 00:16:45,0.90,FALSE
10/08/2020 00:16:44,1.99,FALSE
10/08/2020 00:16:43,0.54,FALSE
10/08/2020 00:16:42,1.48,FALSE
10/08/2020 00:16:41,1.78,FALSE
10/08/2020 00:16:40,1.94,FALSE
10/08/2020 00:16:39,1.60,FALSE
10/08/2020 00:16:38,1.77,FALSE
10/08/2020 00:16:37,0.45,FALSE
10/08/2020 00:16:36,0.53,FALSE
10/08/2020 00:16:35,1.20,FALSE
10/08/2020 00:16:34,1.10,FALSE
10/08/2020 00:16:33,1.96,FALSE
10/08/2020 00:16:32,0.84,FALSE
10/08/2020 00:16:31,0.63,FALSE
10/08/2020 00:16:30,1.05,FALSE
10/08/2020 00:16:30,0.87,FALSE
10/08/2020 00:16:29,1.39,FALSE
10/08/2020 00:16:28,1.12,FALSE
10/08/2020 00:16:27,1.70,FALSE
10/08/2020 00:16:26,0.70,FALSE
10/08/2020 00:16:25,1.79,FALSE
10/08/2020 00:16:24,1.95,FALSE
10/08/2020 00:16:23,1.40,FALSE
10/08/2020 00:16:22,-0.39,TRUE
10/08/2020 00:16:21,1.21,FALSE
10/08/2020 00:16:20,1.82,FALSE
10/08/2020 00:16:19,1.29,FALSE
10/08/2020 00:16:18,0.62,FALSE
10/08/2020 00:16:17,0.99,FALSE
10/08/2020 00:16:16,0.47,FALSE
10/08/2020 00:16:15,1.10,FALSE
10/08/2020 00:16:14,0.69,FALSE
10/08/2020 00:16:13,1.72,FALSE
10/08/2020 00:16:12,1.42,FALSE
10/08/2020 00:16:11,0.46,FALSE
10/08/2020 00:16:10,0.87,FALSE
10/08/2020 00:16:09,0.80,FALSE
10/08/2020 00:16:08,1.03,FALSE
10/08/2020 00:16:07,0.81,FALSE
10/08/2020 00:16:06,1.18,FALSE
10/08/2020 00:16:05,0.57,FALSE
10/08/2020 00:16:04,0.99,FALSE
10/08/2020 00:16:03,1.73,FALSE
10/08/2020 00:16:02,1.44,FALSE
10/08/2020 00:16:01,1.39,FALSE
10/08/2020 00:16:00,1.70,FALSE
10/08/2020 00:15:59,1.97,FALSE
10/08/2020 00:15:58,1.99,FALSE
10/08/2020 00:15:57,1.42,FALSE
10/08/2020 00:15:56,0.87,FALSE
10/08/2020 00:15:55,0.88,FALSE
10/08/2020 00:15:54,1.36,FALSE
10/08/2020 00:15:53,0.90,FALSE
10/08/2020 00:15:52,1.86,FALSE
10/08/2020 00:15:51,1.55,FALSE
10/08/2020 00:15:50,1.66,FALSE
10/08/2020 00:15:49,1.99,FALSE
10/08/2020 00:15:48,1.78,FALSE
10/08/2020 00:15:47,0.62,FALSE
10/08/2020 00:15:46,1.40,FALSE
10/08/2020 00:15:45,1.96,FALSE
10/08/2020 00:15:44,1.95,FALSE
10/08/2020 00:15:43,0.58,FALSE
10/08/2020 00:15:42,1.40,FALSE
10/08/2020 00:15:41,0.50,FALSE
10/08/2020 00:15:40,1.28,FALSE
10/08/2020 00:15:39,1.20,FALSE
10/08/2020 00:15:38,2.37,TRUE
10/08/2020 00:15:37,0.75,FALSE
10/08/2020 00:15:36,1.05,FALSE
10/08/2020 00:15:35,1.55,FALSE
10/08/2020 00:15:34,1.25,FALSE
10/08/2020 00:15:33,1.87,FALSE
10/08/2020 00:15:32,1.56,FALSE
10/08/2020 00:15:31,1.43,FALSE
10/08/2020 00:15:30,0.39,FALSE
10/08/2020 00:15:29,0.51,FALSE
10/08/2020 00:15:28,0.84,FALSE
10/08/2020 00:15:27,1.93,FALSE
10/08/2020 00:15:26,0.87,FALSE
10/08/2020 00:15:25,0.41,FALSE
10/08/2020 00:15:24,1.56,FALSE
10/08/2020 00:15:23,1.86,FALSE
10/08/2020 00:15:22,1.97,FALSE
10/08/2020 00:15:21,1.87,FALSE
10/08/2020 00:15:20,1.30,FALSE
10/08/2020 00:15:19,0.67,FALSE
10/08/2020 00:15:18,0.63,FALSE
10/08/2020 00:15:17,0.62,FALSE
10/08/2020 00:15:16,1.83,FALSE
10/08/2020 00:15:15,0.76,FALSE
10/08/2020 00:15:14,1.00,FALSE
10/08/2020 00:15:13,-0.81,TRUE
10/08/2020 00:15:12,1.10,FALSE
10/08/2020 00:15:11,1.72,FALSE
10/08/2020 00:15:10,0.41,FALSE
10/08/2020 00:15:09,1.95,FALSE
10/08/2020 00:15:08,1.03,FALSE
10/08/2020 00:15:07,1.21,FALSE
10/08/2020 00:15:06,0.60,FALSE
10/08/2020 00:15:05,1.06,FALSE
10/08/2020 00:15:04,0.67,FALSE
10/08/2020 00:15:03,0.69,FALSE
10/08/2020 00:15:02,1.35,FALSE
10/08/2020 00:15:01,1.38,FALSE
10/08/2020 00:15:00,1.02,FALSE
10/08/2020 00:14:59,1.41,FALSE
10/08/2020 00:14:58,0.48,FALSE
10/08/2020 00:14:57,0.33,FALSE
10/08/2020 00:14:56,0.90,FALSE
10/08/2020 00:14:55,1.77,FALSE
10/08/2020 00:14:54,1.80,FALSE
10/08/2020 00:14:53,1.43,FALSE
10/08/2020 00:14:52,1.94,FALSE
10/08/2020 00:14:51,0.67,FALSE
10/08/2020 00:14:50,0.97,FALSE
10/08/2020 00:14:49,0.35,FALSE
10/08/2020 00:14:48,0.49,FALSE
10/08/2020 00:14:47,1.31,FALSE
10/08/2020 00:14:46,1.82,FALSE
10/08/2020 00:14:45,1.62,FALSE
10/08/2020 00:14:44,1.05,FALSE
10/08/2020 00:14:43,1.14,FALSE
10/08/2020 00:14:42,1.55,FALSE
10/08/2020 00:14:41,1.96,FALSE
10/08/2020 00:14:40,0.90,FALSE
10/08/2020 00:14:39,1.87,FALSE
10/08/2020 00:14:38,0.79,FALSE
10/08/2020 00:14:37,1.92,FALSE
10/08/2020 00:14:36,1.96,FALSE
10/08/2020 00:14:35,0.35,FALSE
10/08/2020 00:14:34,0.57,FALSE
10/08/2020 00:14:33,0.96,FALSE
10/08/2020 00:14:32,1.33,FALSE
10/08/2020 00:14:31,1.99,FALSE
10/08/2020 00:14:30,1.34,FALSE
10/08/2020 00:14:29,0.94,FALSE
10/08/2020 00:14:28,1.87,FALSE
10/08/2020 00:14:27,0.74,FALSE
10/08/2020 00:14:26,1.45,FALSE
10/08/2020 00:14:25,1.23,FALSE
10/08/2020 00:14:24,1.91,FALSE
10/08/2020 00:14:23,0.37,FALSE
10/08/2020 00:14:22,0.31,FALSE
10/08/2020 00:14:21,1.17,FALSE
10/08/2020 00:14:20,1.59,FALSE
10/08/2020 00:14:19,0.37,FALSE
10/08/2020 00:14:18,0.49,FALSE
10/08/2020 00:14:17,1.95,FALSE
10/08/2020 00:14:16,1.26,FALSE
10/08/2020 00:14:15,1.47,FALSE
10/08/2020 00:14:14,3.00,TRUE
10/08/2020 00:14:13,0.32,FALSE
10/08/2020 00:14:12,1.84,FALSE
10/08/2020 00:14:11,1.47,FALSE
10/08/2020 00:14:10,0.77,FALSE
10/08/2020 00:14:09,1.54,FALSE
10/08/2020 00:14:08,1.14,FALSE
10/08/2020 00:14:07,0.09,TRUE
10/08/2020 00:14:06,1.62,FALSE
10/08/2020 00:14:05,1.87,FALSE
10/08/2020 00:14:04,1.94,FALSE
10/08/2020 00:14:03,0.67,FALSE
10/08/2020 00:14:02,1.29,FALSE
10/08/2020 00:14:01,0.87,FALSE
10/08/2020 00:14:00,0.84,FALSE
10/08/2020 00:13:59,1.10,FALSE
10/08/2020 00:13:58,1.56,FALSE
10/08/2020 00:13:57,0.31,FALSE
10/08/2020 00:13:56,1.65,FALSE
10/08/2020 00:13:55,0.79,FALSE
10/08/2020 00:13:54,0.72,FALSE
10/08/2020 00:13:53,1.90,FALSE
10/08/2020 00:13:52,0.68,FALSE
10/08/2020 00:13:51,0.95,FALSE
10/08/2020 00:13:50,0.50,FALSE
10/08/2020 00:13:49,1.05,FALSE
10/08/2020 00:13:48,0.36,FALSE
10/08/2020 00:13:47,1.35,FALSE
10/08/2020 00:13:46,1.55,FALSE
10/08/2020 00:13:45,0.33,FALSE
10/08/2020 00:13:44,1.69,FALSE
10/08/2020 00:13:43,1.13,FALSE
10/08/2020 00:13:42,1.61,FALSE
10/08/2020 00:13:41,1.22,FALSE
10/08/2020 00:13:40,0.75,FALSE
10/08/2020 00:13:39,1.59,FALSE
10/08/2020 00:13:38,1.38,FALSE
10/08/2020 00:13:37,0.37,FALSE
10/08/2020 00:13:36,2.00,FALSE
10/08/2020 00:13:35,1.21,FALSE
10/08/2020 00:13:34,0.97,FALSE
10/08/2020 00:13:33,1.56,FALSE
10/08/2020 00:13:32,1.74,FALSE
10/08/2020 00:13:31,0.44,FALSE
10/08/2020 00:13:30,1.09,FALSE
10/08/2020 00:13:29,1.20,FALSE
10/08/2020 00:13:28,0.72,FALSE
10/08/2020 00:13:27,1.75,FALSE
10/08/2020 00:13:26,1.47,FALSE
10/08/2020 00:13:25,1.29,FALSE
10/08/2020 00:13:24,1.72,FALSE
10/08/2020 00:13:23,1.25,FALSE
10/08/2020 00:13:22,1.42,FALSE
10/08/2020 00:13:21,0.69,FALSE
10/08/2020 00:13:20,1.97,FALSE
10/08/2020 00:13:19,1.34,FALSE
10/08/2020 00:13:18,1.84,FALSE
10/08/2020 00:13:17,1.29,FALSE
10/08/2020 00:13:16,1.26,FALSE
10/08/2020 00:13:15,1.88,FALSE
10/08/2020 00:13:14,1.73,FALSE
10/08/2020 00:13:13,1.34,FALSE
10/08/2020 00:13:12,1.91,FALSE
10/08/2020 00:13:11,0.38,FALSE
10/08/2020 00:13:11,1.96,FALSE
10/08/2020 00:13:10,1.33,FALSE
10/08/2020 00:13:09,1.86,FALSE
10/08/2020 00:13:08,0.69,FALSE
10/08/2020 00:13:07,1.35,FALSE
10/08/2020 00:13:06,1.23,FALSE
10/08/2020 00:13:05,0.63,FALSE
10/08/2020 00:13:04,1.40,FALSE
10/08/2020 00:13:03,1.59,FALSE
10/08/2020 00:13:02,0.99,FALSE
10/08/2020 00:13:01,1.10,FALSE
10/08/2020 00:13:00,1.52,FALSE
10/08/2020 00:12:59,1.49,FALSE
10/08/2020 00:12:58,1.54,FALSE
10/08/2020 00:12:57,1.41,FALSE
10/08/2020 00:12:56,0.94,FALSE
10/08/2020 00:12:55,1.10,FALSE
10/08/2020 00:12:54,1.85,FALSE
10/08/2020 00:12:53,1.44,FALSE
10/08/2020 00:12:52,1.54,FALSE
10/08/2020 00:12:51,1.70,FALSE
10/08/2020 00:12:50,1.08,FALSE
10/08/2020 00:12:49,1.90,FALSE
10/08/2020 00:12:48,1.21,FALSE
10/08/2020 00:12:47,1.12,FALSE
10/08/2020 00:12:46,1.36,FALSE
10/08/2020 00:12:45,1.91,FALSE
10/08/2020 00:12:44,1.70,FALSE
10/08/2020 00:12:43,1.84,FALSE
10/08/2020 00:12:42,1.56,FALSE
10/08/2020 00:12:41,0.86,FALSE
10/08/2020 00:12:40,2.55,TRUE
10/08/2020 00:12:39,1.27,FALSE
10/08/2020 00:12:38,0.67,FALSE
10/08/2020 00:12:37,1.64,FALSE
10/08/2020 00:12:36,1.72,FALSE
10/08/2020 00:12:35,0.33,FALSE
10/08/2020 00:12:34,0.83,FALSE
10/08/2020 00:12:33,0.76,FALSE
10/08/2020 00:12:32,0.91,FALSE
10/08/2020 00:12:31,1.57,FALSE
10/08/2020 00:12:30,1.23,FALSE
10/08/2020 00:12:29,1.56,FALSE
10/08/2020 00:12:28,1.54,FALSE
10/08/2020 00:12:27,1.09,FALSE
10/08/2020 00:12:26,0.64,FALSE
10/08/2020 00:12:25,1.15,FALSE
10/08/2020 00:12:24,1.71,FALSE
10/08/2020 00:12:23,1.13,FALSE
10/08/2020 00:12:22,0.90,FALSE
10/08/2020 00:12:21,0.96,FALSE
10/08/2020 00:12:20,1.70,FALSE
10/08/2020 00:12:19,1.31,FALSE
10/08/2020 00:12:18,1.35,FALSE
10/08/2020 00:12:17,0.46,FALSE
10/08/2020 00:12:16,0.83,FALSE
10/08/2020 00:12:15,1.50,FALSE
10/08/2020 00:12:14,0.37,FALSE
10/08/2020 00:12:13,-0.99,TRUE
10/08/2020 00:12:12,0.34,FALSE
10/08/2020 00:12:11,1.74,FALSE
10/08/2020 00:12:10,0.65,FALSE
10/08/2020 00:12:09,1.10,FALSE
10/08/2020 00:12:08,0.35,FALSE
10/08/2020 00:12:07,0.47,FALSE
10/08/2020 00:12:06,1.93,FALSE
10/08/2020 00:12:05,0.90,FALSE
10/08/2020 00:12:04,0.79,FALSE
10/08/2020 00:12:03,0.62,FALSE
10/08/2020 00:12:02,1.81,FALSE
10/08/2020 00:12:01,1.40,FALSE
10/08/2020 00:12:00,1.17,FALSE
10/08/2020 00:11:59,0.77,FALSE
10/08/2020 00:11:58,1.89,FALSE
10/08/2020 00:11:57,1.86,FALSE
10/08/2020 00:11:56,1.59,FALSE
10/08/2020 00:11:55,1.64,FALSE
10/08/2020 00:11:54,0.89,FALSE
10/08/2020 00:11:53,0.84,FALSE
10/08/2020 00:11:52,1.02,FALSE
10/08/2020 00:11:51,1.08,FALSE
10/08/2020 00:11:50,1.73,FALSE
10/08/2020 00:11:49,0.84,FALSE
10/08/2020 00:11:48,0.38,FALSE
10/08/2020 00:11:47,1.87,FALSE
10/08/2020 00:11:46,1.25,FALSE
10/08/2020 00:11:45,1.06,FALSE
10/08/2020 00:11:44,0.45,FALSE
10/08/2020 00:11:43,1.41,FALSE
10/08/2020 00:11:42,1.53,FALSE
10/08/2020 00:11:41,1.80,FALSE
10/08/2020 00:11:40,1.85,FALSE
10/08/2020 00:11:39,0.73,FALSE
10/08/2020 00:11:38,1.58,FALSE
10/08/2020 00:11:37,0.72,FALSE
10/08/2020 00:11:36,0.92,FALSE
10/08/2020 00:11:35,0.34,FALSE
10/08/2020 00:11:34,1.82,FALSE
10/08/2020 00:11:33,0.37,FALSE
10/08/2020 00:11:32,1.46,FALSE
10/08/2020 00:11:31,1.47,FALSE
10/08/2020 00:11:30,0.63,FALSE
10/08/2020 00:11:29,0.57,FALSE
10/08/2020 00:11:28,1.10,FALSE
10/08/2020 00:11:27,0.96,FALSE
10/08/2020 00:11:26,1.74,FALSE
10/08/2020 00:11:25,0.38,FALSE
10/08/2020 00:11:24,0.83,FALSE
10/08/2020 00:11:23,1.99,FALSE
10/08/2020 00:11:22,0.78,FALSE
10/08/2020 00:11:21,1.13,FALSE
10/08/2020 00:11:20,1.95,FALSE
10/08/2020 00:11:19,0.98,FALSE
10/08/2020 00:11:18,0.75,FALSE
10/08/2020 00:11:17,1.62,FALSE
10/08/2020 00:11:16,1.84,FALSE
10/08/2020 00:11:15,1.06,FALSE
10/08/2020 00:11:14,1.54,FALSE
10/08/2020 00:11:13,0.48,FALSE
10/08/2020 00:11:12,1.77,FALSE
10/08/2020 00:11:11,0.34,FALSE
10/08/2020 00:11:10,1.93,FALSE
10/08/2020 00:11:09,1.80,FALSE
10/08/2020 00:11:08,1.86,FALSE
10/08/2020 00:11:07,3.16,TRUE
10/08/2020 00:11:06,1.34,FALSE
10/08/2020 00:11:05,1.66,FALSE
10/08/2020 00:11:04,1.56,FALSE
10/08/2020 00:11:03,0.71,FALSE
10/08/2020 00:11:02,1.74,FALSE
10/08/2020 00:11:01,3.09,TRUE
10/08/2020 00:11:00,0.82,FALSE
10/08/2020 00:10:59,1.07,FALSE
10/08/2020 00:10:58,0.68,FALSE
10/08/2020 00:10:57,1.11,FALSE
10/08/2020 00:10:56,1.71,FALSE
10/08/2020 00:10:55,1.08,FALSE
10/08/2020 00:10:54,1.30,FALSE
10/08/2020 00:10:53,1.02,FALSE
10/08/2020 00:10:52,1.50,FALSE
10/08/2020 00:10:51,1.17,FALSE
10/08/2020 00:10:50,1.16,FALSE
10/08/2020 00:10:49,1.59,FALSE
10/08/2020 00:10:48,1.90,FALSE
10/08/2020 00:10:47,0.95,FALSE
10/08/2020 00:10:46,0.45,FALSE
10/08/2020 00:10:45,0.91,FALSE
10/08/2020 00:10:44,0.56,FALSE
10/08/2020 00:10:43,2.75,TRUE
10/08/2020 00:10:42,0.98,FALSE
10/08/2020 00:10:41,0.73,FALSE
10/08/2020 00:10:40,0.39,FALSE
10/08/2020 00:10:39,1.68,FALSE
10/08/2020 00:10:38,1.95,FALSE
10/08/2020 00:10:37,1.69,FALSE
10/08/2020 00:10:36,0.33,FALSE
10/08/2020 00:10:35,0.73,FALSE
10/08/2020 00:10:34,0.64,FALSE
10/08/2020 00:10:33,0.38,FALSE
10/08/2020 00:10:32,1.43,FALSE
10/08/2020 00:10:31,1.90,FALSE
10/08/2020 00:10:30,1.14,FALSE
10/08/2020 00:10:29,1.96,FALSE
10/08/2020 00:10:28,0.40,FALSE
10/08/2020 00:10:27,0.31,FALSE
10/08/2020 00:10:26,1.05,FALSE
10/08/2020 00:10:25,1.61,FALSE
10/08/2020 00:10:24,1.70,FALSE
10/08/2020 00:10:23,1.62,FALSE
10/08/2020 00:10:22,1.62,FALSE
10/08/2020 00:10:21,1.35,FALSE
10/08/2020 00:10:20,0.58,FALSE
10/08/2020 00:10:19,1.14,FALSE
10/08/2020 00:10:18,0.93,FALSE
10/08/2020 00:10:17,0.36,FALSE
10/08/2020 00:10:16,0.63,FALSE
10/08/2020 00:10:15,0.74,FALSE
10/08/2020 00:10:14,1.33,FALSE
10/08/2020 00:10:13,0.82,FALSE
10/08/2020 00:10:12,0.47,FALSE
10/08/2020 00:10:11,1.82,FALSE
10/08/2020 00:10:10,1.65,FALSE
10/08/2020 00:10:09,1.80,FALSE
10/08/2020 00:10:08,0.66,FALSE
10/08/2020 00:10:07,1.75,FALSE
10/08/2020 00:10:06,1.76,FALSE
10/08/2020 00:10:05,1.05,FALSE
10/08/2020 00:10:04,1.33,FALSE
10/08/2020 00:10:03,1.40,FALSE
10/08/2020 00:10:02,0.90,FALSE
10/08/2020 00:10:01,1.05,FALSE
10/08/2020 00:10:00,1.71,FALSE
10/08/2020 00:09:59,0.73,FALSE
10/08/2020 00:09:58,1.15,FALSE
10/08/2020 00:09:57,1.75,FALSE
10/08/2020 00:09:56,1.11,FALSE
10/08/2020 00:09:55,1.65,FALSE
10/08/2020 00:09:54,0.38,FALSE
10/08/2020 00:09:53,1.58,FALSE
10/08/2020 00:09:52,0.86,FALSE
10/08/2020 00:09:52,0.69,FALSE
10/08/2020 00:09:51,1.66,FALSE
10/08/2020 00:09:50,0.94,FALSE
10/08/2020 00:09:49,0.99,FALSE
10/08/2020 00:09:48,0.70,FALSE
10/08/2020 00:09:47,1.68,FALSE
10/08/2020 00:09:46,0.44,FALSE
10/08/2020 00:09:45,1.40,FALSE
10/08/2020 00:09:44,1.80,FALSE
10/08/2020 00:09:43,0.82,FALSE
10/08/2020 00:09:42,0.59,FALSE
10/08/2020 00:09:41,1.12,FALSE
10/08/2020 00:09:40,1.75,FALSE
10/08/2020 00:09:39,1.94,FALSE
10/08/2020 00:09:38,1.02,FALSE
10/08/2020 00:09:37,1.77,FALSE
10/08/2020 00:09:36,1.18,FALSE
10/08/2020 00:09:35,1.13,FALSE
10/08/2020 00:09:34,0.83,FALSE
10/08/2020 00:09:33,0.52,FALSE
10/08/2020 00:09:32,1.34,FALSE
10/08/2020 00:09:31,0.55,FALSE
10/08/2020 00:09:30,0.70,FALSE
10/08/2020 00:09:29,1.12,FALSE
10/08/2020 00:09:28,1.71,FALSE
10/08/2020 00:09:27,1.50,FALSE
10/08/2020 00:09:26,1.50,FALSE
10/08/2020 00:09:25,0.81,FALSE
10/08/2020 00:09:24,1.18,FALSE
10/08/2020 00:09:23,1.07,FALSE
10/08/2020 00:09:22,1.59,FALSE
10/08/2020 00:09:21,1.41,FALSE
10/08/2020 00:09:20,0.33,FALSE
10/08/2020 00:09:19,0.41,FALSE
10/08/2020 00:09:18,0.87,FALSE
10/08/2020 00:09:17,1.48,FALSE
10/08/2020 00:09:16,0.60,FALSE
10/08/2020 00:09:15,1.34,FALSE
10/08/2020 00:09:14,1.97,FALSE
10/08/2020 00:09:13,1.60,FALSE
10/08/2020 00:09:12,1.23,FALSE
10/08/2020 00:09:11,1.99,FALSE
10/08/2020 00:09:10,1.33,FALSE
10/08/2020 00:09:09,0.77,FALSE
10/08/2020 00:09:08,1.22,FALSE
10/08/2020 00:09:07,0.82,FALSE
10/08/2020 00:09:06,0.47,FALSE
10/08/2020 00:09:05,0.85,FALSE
10/08/2020 00:09:04,2.00,FALSE
10/08/2020 00:09:03,1.41,FALSE
10/08/2020 00:09:02,0.90,FALSE
10/08/2020 00:09:01,1.60,FALSE
10/08/2020 00:09:00,0.44,FALSE
10/08/2020 00:08:59,1.40,FALSE
10/08/2020 00:08:58,0.74,FALSE
10/08/2020 00:08:57,1.71,FALSE
10/08/2020 00:08:56,1.86,FALSE
10/08/2020 00:08:55,1.33,FALSE
10/08/2020 00:08:54,1.96,FALSE
10/08/2020 00:08:53,1.64,FALSE
10/08/2020 00:08:52,0.39,FALSE
10/08/2020 00:08:51,0.89,FALSE
10/08/2020 00:08:50,0.75,FALSE
10/08/2020 00:08:49,0.99,FALSE
10/08/2020 00:08:48,1.57,FALSE
10/08/2020 00:08:47,1.52,FALSE
10/08/2020 00:08:46,1.04,FALSE
10/08/2020 00:08:45,0.65,FALSE
10/08/2020 00:08:44,1.60,FALSE
10/08/2020 00:08:43,1.81,FALSE
10/08/2020 00:08:42,0.39,FALSE
10/08/2020 00:08:41,1.63,FALSE
10/08/2020 00:08:40,1.93,FALSE
10/08/2020 00:08:39,0.97,FALSE
10/08/2020 00:08:38,1.04,FALSE
10/08/2020 00:08:37,0.82,FALSE
10/08/2020 00:08:36,0.98,FALSE
10/08/2020 00:08:35,1.77,FALSE
10/08/2020 00:08:34,0.62,FALSE
10/08/2020 00:08:33,1.00,FALSE
10/08/2020 00:08:32,-0.95,TRUE
10/08/2020 00:08:31,0.42,FALSE
10/08/2020 00:08:30,1.93,FALSE
10/08/2020 00:08:29,1.47,FALSE
10/08/2020 00:08:28,1.63,FALSE
10/08/2020 00:08:27,1.36,FALSE
10/08/2020 00:08:26,1.16,FALSE
10/08/2020 00:08:25,0.38,FALSE
10/08/2020 00:08:24,1.94,FALSE
10/08/2020 00:08:23,0.87,FALSE
10/08/2020 00:08:22,0.38,FALSE
10/08/2020 00:08:21,1.41,FALSE
10/08/2020 00:08:20,2.00,FALSE
10/08/2020 00:08:19,1.96,FALSE
10/08/2020 00:08:18,1.88,FALSE
10/08/2020 00:08:17,0.59,FALSE
10/08/2020 00:08:16,1.85,FALSE
10/08/2020 00:08:15,1.61,FALSE
10/08/2020 00:08:14,1.57,FALSE
10/08/2020 00:08:13,1.84,FALSE
10/08/2020 00:08:12,1.62,FALSE
10/08/2020 00:08:11,1.91,FALSE
10/08/2020 00:08:10,1.81,FALSE
10/08/2020 00:08:09,0.85,FALSE
10/08/2020 00:08:08,1.08,FALSE
10/08/2020 00:08:07,0.82,FALSE
10/08/2020 00:08:06,0.40,FALSE
10/08/2020 00:08:05,1.74,FALSE
10/08/2020 00:08:04,0.65,FALSE
10/08/2020 00:08:03,0.65,FALSE
10/08/2020 00:08:02,1.70,FALSE
10/08/2020 00:08:01,1.36,FALSE
10/08/2020 00:08:00,1.06,FALSE
10/08/2020 00:07:59,0.37,FALSE
10/08/2020 00:07:58,1.19,FALSE
10/08/2020 00:07:57,0.84,FALSE
10/08/2020 00:07:56,0.79,FALSE
10/08/2020 00:07:55,0.72,FALSE
10/08/2020 00:07:54,0.89,FALSE
10/08/2020 00:07:53,1.84,FALSE
10/08/2020 00:07:52,1.08,FALSE
10/08/2020 00:07:51,1.43,FALSE
10/08/2020 00:07:50,1.37,FALSE
10/08/2020 00:07:49,1.02,FALSE
10/08/2020 00:07:48,0.66,FALSE
10/08/2020 00:07:47,0.99,FALSE
10/08/2020 00:07:46,0.38,FALSE
10/08/2020 00:07:45,1.67,FALSE
10/08/2020 00:07:44,1.70,FALSE
10/08/2020 00:07:43,1.90,FALSE
10/08/2020 00:07:42,1.10,FALSE
10/08/2020 00:07:41,1.20,FALSE
10/08/2020 00:07:40,1.80,FALSE
10/08/2020 00:07:39,1.50,FALSE
10/08/2020 00:07:38,1.74,FALSE
10/08/2020 00:07:37,1.11,FALSE
10/08/2020 00:07:36,1.69,FALSE
10/08/2020 00:07:35,0.41,FALSE
10/08/2020 00:07:34,1.72,FALSE
10/08/2020 00:07:33,0.49,FALSE
10/08/2020 00:07:32,1.52,FALSE
10/08/2020 00:07:31,0.82,FALSE
10/08/2020 00:07:30,0.68,FALSE
10/08/2020 00:07:29,1.69,FALSE
10/08/2020 00:07:28,1.35,FALSE
10/08/2020 00:07:27,1.69,FALSE
10/08/2020 00:07:26,1.52,FALSE
10/08/2020 00:07:25,1.63,FALSE
10/08/2020 00:07:24,0.86,FALSE
10/08/2020 00:07:23,0.42,FALSE
10/08/2020 00:07:22,1.13,FALSE
10/08/2020 00:07:21,0.88,FALSE
10/08/2020 00:07:20,1.86,FALSE
10/08/2020 00:07:19,1.33,FALSE
10/08/2020 00:07:18,1.01,FALSE
10/08/2020 00:07:17,1.23,FALSE
10/08/2020 00:07:16,0.67,FALSE
10/08/2020 00:07:15,1.18,FALSE
10/08/2020 00:07:14,1.86,FALSE
10/08/2020 00:07:13,1.14,FALSE
10/08/2020 00:07:12,1.78,FALSE
10/08/2020 00:07:11,0.91,FALSE
10/08/2020 00:07:10,1.44,FALSE
10/08/2020 00:07:09,0.66,FALSE
10/08/2020 00:07:08,1.23,FALSE
10/08/2020 00:07:07,1.30,FALSE
10/08/2020 00:07:06,0.92,FALSE
10/08/2020 00:07:05,2.63,TRUE
10/08/2020 00:07:04,0.86,FALSE
10/08/2020 00:07:03,1.56,FALSE
10/08/2020 00:07:02,0.77,FALSE
10/08/2020 00:07:01,0.73,FALSE
10/08/2020 00:07:00,1.84,FALSE
10/08/2020 00:06:59,1.66,FALSE
10/08/2020 00:06:58,1.44,FALSE
10/08/2020 00:06:57,1.55,FALSE
10/08/2020 00:06:56,1.28,FALSE
10/08/2020 00:06:55,0.56,FALSE
10/08/2020 00:06:54,0.89,FALSE
10/08/2020 00:06:53,1.04,FALSE
10/08/2020 00:06:52,0.76,FALSE
10/08/2020 00:06:51,1.23,FALSE
10/08/2020 00:06:50,0.67,FALSE
10/08/2020 00:06:49,1.76,FALSE
10/08/2020 00:06:48,1.15,FALSE
10/08/2020 00:06:47,0.83,FALSE
10/08/2020 00:06:46,0.63,FALSE
10/08/2020 00:06:45,0.52,FALSE
10/08/2020 00:06:44,0.77,FALSE
10/08/2020 00:06:43,1.25,FALSE
10/08/2020 00:06:42,0.36,FALSE
10/08/2020 00:06:41,0.84,FALSE
10/08/2020 00:06:40,0.40,FALSE
10/08/2020 00:06:39,1.91,FALSE
10/08/2020 00:06:38,1.33,FALSE
10/08/2020 00:06:37,1.87,FALSE
10/08/2020 00:06:36,1.50,FALSE
10/08/2020 00:06:35,0.73,FALSE
10/08/2020 00:06:34,0.90,FALSE
10/08/2020 00:06:33,1.74,FALSE
10/08/2020 00:06:33,1.84,FALSE
10/08/2020 00:06:32,0.41,FALSE
10/08/2020 00:06:31,1.43,FALSE
10/08/2020 00:06:30,1.66,FALSE
10/08/2020 00:06:29,1.04,FALSE
10/08/2020 00:06:28,1.47,FALSE
10/08/2020 00:06:27,1.11,FALSE
10/08/2020 00:06:26,1.82,FALSE
10/08/2020 00:06:25,1.15,FALSE
10/08/2020 00:06:24,0.34,FALSE
10/08/2020 00:06:23,1.57,FALSE
10/08/2020 00:06:22,1.80,FALSE
10/08/2020 00:06:21,0.87,FALSE
10/08/2020 00:06:20,0.47,FALSE
10/08/2020 00:06:19,0.69,FALSE
10/08/2020 00:06:18,1.57,FALSE
10/08/2020 00:06:17,0.58,FALSE
10/08/2020 00:06:16,1.83,FALSE
10/08/2020 00:06:15,1.29,FALSE
10/08/2020 00:06:14,1.21,FALSE
10/08/2020 00:06:13,0.31,FALSE
10/08/2020 00:06:12,1.06,FALSE
10/08/2020 00:06:11,1.45,FALSE
10/08/2020 00:06:10,1.35,FALSE
10/08/2020 00:06:09,0.44,FALSE
10/08/2020 00:06:08,1.58,FALSE
10/08/2020 00:06:07,0.83,FALSE
10/08/2020 00:06:06,0.58,FALSE
10/08/2020 00:06:05,1.82,FALSE
10/08/2020 00:06:04,0.86,FALSE
10/08/2020 00:06:03,0.62,FALSE
10/08/2020 00:06:02,0.79,FALSE
10/08/2020 00:06:01,0.52,FALSE
10/08/2020 00:06:00,0.42,FALSE
10/08/2020 00:05:59,1.19,FALSE
10/08/2020 00:05:58,1.86,FALSE
10/08/2020 00:05:57,0.91,FALSE
10/08/2020 00:05:56,0.95,FALSE
10/08/2020 00:05:55,1.50,FALSE
10/08/2020 00:05:54,0.89,FALSE
10/08/2020 00:05:53,1.78,FALSE
10/08/2020 00:05:52,1.16,FALSE
10/08/2020 00:05:51,1.75,FALSE
10/08/2020 00:05:50,1.06,FALSE
10/08/2020 00:05:49,1.01,FALSE
10/08/2020 00:05:48,1.43,FALSE
10/08/2020 00:05:47,1.09,FALSE
10/08/2020 00:05:46,0.63,FALSE
10/08/2020 00:05:45,0.40,FALSE
10/08/2020 00:05:44,1.74,FALSE
10/08/2020 00:05:43,1.74,FALSE
10/08/2020 00:05:42,0.90,FALSE
10/08/2020 00:05:41,0.40,FALSE
10/08/2020 00:05:40,0.81,FALSE
10/08/2020 00:05:39,1.42,FALSE
10/08/2020 00:05:38,0.61,FALSE
10/08/2020 00:05:37,1.50,FALSE
10/08/2020 00:05:36,0.62,FALSE
10/08/2020 00:05:35,0.43,FALSE
10/08/2020 00:05:34,1.86,FALSE
10/08/2020 00:05:33,1.64,FALSE
10/08/2020 00:05:32,1.67,FALSE
10/08/2020 00:05:31,0.58,FALSE
10/08/2020 00:05:30,1.28,FALSE
10/08/2020 00:05:29,1.35,FALSE
10/08/2020 00:05:28,0.43,FALSE
10/08/2020 00:05:27,1.63,FALSE
10/08/2020 00:05:26,1.10,FALSE
10/08/2020 00:05:25,1.28,FALSE
10/08/2020 00:05:24,0.59,FALSE
10/08/2020 00:05:23,0.54,FALSE
10/08/2020 00:05:22,0.97,FALSE
10/08/2020 00:05:21,0.63,FALSE
10/08/2020 00:05:20,1.46,FALSE
10/08/2020 00:05:19,0.85,FALSE
10/08/2020 00:05:18,1.56,FALSE
10/08/2020 00:05:17,0.32,FALSE
10/08/2020 00:05:16,1.06,FALSE
10/08/2020 00:05:15,1.03,FALSE
10/08/2020 00:05:14,1.97,FALSE
10/08/2020 00:05:13,1.99,FALSE
10/08/2020 00:05:12,1.89,FALSE
10/08/2020 00:05:11,0.50,FALSE
10/08/2020 00:05:10,1.33,FALSE
10/08/2020 00:05:09,1.46,FALSE
10/08/2020 00:05:08,0.53,FALSE
10/08/2020 00:05:07,0.63,FALSE
10/08/2020 00:05:06,1.96,FALSE
10/08/2020 00:05:05,1.17,FALSE
10/08/2020 00:05:04,0.29,TRUE
10/08/2020 00:05:03,1.08,FALSE
10/08/2020 00:05:02,1.54,FALSE
10/08/2020 00:05:01,0.36,FALSE
10/08/2020 00:05:00,0.42,FALSE
10/08/2020 00:04:59,1.23,FALSE
10/08/2020 00:04:58,1.96,FALSE
10/08/2020 00:04:57,1.30,FALSE
10/08/2020 00:04:56,1.83,FALSE
10/08/2020 00:04:55,1.52,FALSE
10/08/2020 00:04:54,1.28,FALSE
10/08/2020 00:04:53,0.91,FALSE
10/08/2020 00:04:52,1.56,FALSE
10/08/2020 00:04:51,0.59,FALSE
10/08/2020 00:04:50,1.20,FALSE
10/08/2020 00:04:49,1.01,FALSE
10/08/2020 00:04:48,0.99,FALSE
10/08/2020 00:04:47,1.74,FALSE
10/08/2020 00:04:46,0.42,FALSE
10/08/2020 00:04:45,1.25,FALSE
10/08/2020 00:04:44,1.89,FALSE
10/08/2020 00:04:43,0.56,FALSE
10/08/2020 00:04:42,0.60,FALSE
10/08/2020 00:04:41,1.62,FALSE
10/08/2020 00:04:40,1.39,FALSE
10/08/2020 00:04:39,1.84,FALSE
10/08/2020 00:04:38,0.93,FALSE
10/08/2020 00:04:37,1.60,FALSE
10/08/2020 00:04:36,0.53,FALSE
10/08/2020 00:04:35,0.74,FALSE
10/08/2020 00:04:34,3.05,TRUE
10/08/2020 00:04:33,0.62,FALSE
10/08/2020 00:04:32,1.77,FALSE
10/08/2020 00:04:31,0.70,FALSE
10/08/2020 00:04:30,0.30,FALSE
10/08/2020 00:04:29,0.41,FALSE
10/08/2020 00:04:28,1.26,FALSE
10/08/2020 00:04:27,1.55,FALSE
10/08/2020 00:04:26,0.89,FALSE
10/08/2020 00:04:25,0.78,FALSE
10/08/2020 00:04:24,1.80,FALSE
10/08/2020 00:04:23,0.51,FALSE
10/08/2020 00:04:22,1.30,FALSE
10/08/2020 00:04:21,1.80,FALSE
10/08/2020 00:04:20,0.64,FALSE
10/08/2020 00:04:19,1.05,FALSE
10/08/2020 00:04:18,1.24,FALSE
10/08/2020 00:04:17,1.48,FALSE
10/08/2020 00:04:16,0.86,FALSE
10/08/2020 00:04:15,1.02,FALSE
10/08/2020 00:04:14,1.20,FALSE
10/08/2020 00:04:13,1.26,FALSE
10/08/2020 00:04:12,0.59,FALSE
10/08/2020 00:04:11,1.93,FALSE
10/08/2020 00:04:10,0.53,FALSE
10/08/2020 00:04:09,1.40,FALSE
10/08/2020 00:04:08,1.51,FALSE
10/08/2020 00:04:07,0.97,FALSE
10/08/2020 00:04:06,1.69,FALSE
10/08/2020 00:04:05,1.93,FALSE
10/08/2020 00:04:04,0.55,FALSE
10/08/2020 00:04:03,1.32,FALSE
10/08/2020 00:04:02,1.27,FALSE
10/08/2020 00:04:01,1.40,FALSE
10/08/2020 00:04:00,0.46,FALSE
10/08/2020 00:03:59,1.59,FALSE
10/08/2020 00:03:58,0.53,FALSE
10/08/2020 00:03:57,1.21,FALSE
10/08/2020 00:03:56,0.91,FALSE
10/08/2020 00:03:55,1.45,FALSE
10/08/2020 00:03:54,1.33,FALSE
10/08/2020 00:03:53,1.99,FALSE
10/08/2020 00:03:52,1.79,FALSE
10/08/2020 00:03:51,0.97,FALSE
10/08/2020 00:03:50,1.94,FALSE
10/08/2020 00:03:49,1.88,FALSE
10/08/2020 00:03:48,1.60,FALSE
10/08/2020 00:03:47,0.44,FALSE
10/08/2020 00:03:46,1.96,FALSE
10/08/2020 00:03:45,0.66,FALSE
10/08/2020 00:03:44,1.05,FALSE
10/08/2020 00:03:43,1.60,FALSE
10/08/2020 00:03:42,0.90,FALSE
10/08/2020 00:03:41,0.88,FALSE
10/08/2020 00:03:40,1.96,FALSE
10/08/2020 00:03:39,1.64,FALSE
10/08/2020 00:03:38,1.29,FALSE
10/08/2020 00:03:37,1.36,FALSE
10/08/2020 00:03:36,0.50,FALSE
10/08/2020 00:03:35,1.52,FALSE
10/08/2020 00:03:34,1.03,FALSE
10/08/2020 00:03:33,1.66,FALSE
10/08/2020 00:03:32,1.19,FALSE
10/08/2020 00:03:31,0.77,FALSE
10/08/2020 00:03:30,0.56,FALSE
10/08/2020 00:03:29,0.55,FALSE
10/08/2020 00:03:28,1.49,FALSE
10/08/2020 00:03:27,1.03,FALSE
10/08/2020 00:03:26,0.75,FALSE
10/08/2020 00:03:25,0.77,FALSE
10/08/2020 00:03:24,1.11,FALSE
10/08/2020 00:03:23,0.42,FALSE
10/08/2020 00:03:22,0.78,FALSE
10/08/2020 00:03:21,1.50,FALSE
10/08/2020 00:03:20,0.48,FALSE
10/08/2020 00:03:19,1.60,FALSE
10/08/2020 00:03:18,1.22,FALSE
10/08/2020 00:03:17,0.98,FALSE
10/08/2020 00:03:16,0.82,FALSE
10/08/2020 00:03:15,1.38,FALSE
10/08/2020 00:03:14,1.56,FALSE
10/08/2020 00:03:14,0.66,FALSE
10/08/2020 00:03:13,0.97,FALSE
10/08/2020 00:03:12,1.51,FALSE
10/08/2020 00:03:11,0.70,FALSE
10/08/2020 00:03:10,0.32,FALSE
10/08/2020 00:03:09,0.89,FALSE
10/08/2020 00:03:08,1.66,FALSE
10/08/2020 00:03:07,1.31,FALSE
10/08/2020 00:03:06,1.67,FALSE
10/08/2020 00:03:05,1.24,FALSE
10/08/2020 00:03:04,1.07,FALSE
10/08/2020 00:03:03,0.57,FALSE
10/08/2020 00:03:02,1.58,FALSE
10/08/2020 00:03:01,1.81,FALSE
10/08/2020 00:03:00,0.77,FALSE
10/08/2020 00:02:59,0.47,FALSE
10/08/2020 00:02:58,1.66,FALSE
10/08/2020 00:02:57,1.77,FALSE
10/08/2020 00:02:56,1.38,FALSE
10/08/2020 00:02:55,1.12,FALSE
10/08/2020 00:02:54,1.75,FALSE
10/08/2020 00:02:53,0.99,FALSE
10/08/2020 00:02:52,0.31,FALSE
10/08/2020 00:02:51,1.94,FALSE
10/08/2020 00:02:50,1.22,FALSE
10/08/2020 00:02:49,1.43,FALSE
10/08/2020 00:02:48,1.88,FALSE
10/08/2020 00:02:47,1.23,FALSE
10/08/2020 00:02:46,1.61,FALSE
10/08/2020 00:02:45,1.97,FALSE
10/08/2020 00:02:44,1.50,FALSE
10/08/2020 00:02:43,0.36,FALSE
10/08/2020 00:02:42,0.78,FALSE
10/08/2020 00:02:41,0.95,FALSE
10/08/2020 00:02:40,1.90,FALSE
10/08/2020 00:02:39,1.30,FALSE
10/08/2020 00:02:38,1.36,FALSE
10/08/2020 00:02:37,0.69,FALSE
10/08/2020 00:02:36,0.95,FALSE
10/08/2020 00:02:35,0.31,FALSE
10/08/2020 00:02:34,1.62,FALSE
10/08/2020 00:02:33,0.44,FALSE
10/08/2020 00:02:32,1.54,FALSE
10/08/2020 00:02:31,1.38,FALSE
10/08/2020 00:02:30,1.93,FALSE
10/08/2020 00:02:29,1.64,FALSE
10/08/2020 00:02:28,1.99,FALSE
10/08/2020 00:02:27,1.89,FALSE
10/08/2020 00:02:26,0.90,FALSE
10/08/2020 00:02:25,1.90,FALSE
10/08/2020 00:02:24,1.38,FALSE
10/08/2020 00:02:23,0.35,FALSE
10/08/2020 00:02:22,0.47,FALSE
10/08/2020 00:02:21,1.04,FALSE
10/08/2020 00:02:20,0.51,FALSE
10/08/2020 00:02:19,1.75,FALSE
10/08/2020 00:02:18,1.82,FALSE
10/08/2020 00:02:17,1.36,FALSE
10/08/2020 00:02:16,0.38,FALSE
10/08/2020 00:02:15,2.00,FALSE
10/08/2020 00:02:14,0.39,FALSE
10/08/2020 00:02:13,1.28,FALSE
10/08/2020 00:02:12,0.38,FALSE
10/08/2020 00:02:11,1.75,FALSE
10/08/2020 00:02:10,0.75,FALSE
10/08/2020 00:02:09,0.83,FALSE
10/08/2020 00:02:08,0.46,FALSE
10/08/2020 00:02:07,0.72,FALSE
10/08/2020 00:02:06,0.35,FALSE
10/08/2020 00:02:05,1.15,FALSE
10/08/2020 00:02:04,1.26,FALSE
10/08/2020 00:02:03,0.56,FALSE
10/08/2020 00:02:02,0.71,FALSE
10/08/2020 00:02:01,0.96,FALSE
10/08/2020 00:02:00,1.66,FALSE
10/08/2020 00:01:59,0.50,FALSE
10/08/2020 00:01:58,0.43,FALSE
10/08/2020 00:01:57,1.57,FALSE
10/08/2020 00:01:56,1.76,FALSE
10/08/2020 00:01:55,0.94,FALSE
10/08/2020 00:01:54,1.43,FALSE
10/08/2020 00:01:53,0.67,FALSE
10/08/2020 00:01:52,1.47,FALSE
10/08/2020 00:01:51,1.77,FALSE
10/08/2020 00:01:50,0.53,FALSE
10/08/2020 00:01:49,1.44,FALSE
10/08/2020 00:01:48,0.46,FALSE
10/08/2020 00:01:47,0.30,FALSE
10/08/2020 00:01:46,1.78,FALSE
10/08/2020 00:01:45,1.52,FALSE
10/08/2020 00:01:44,1.17,FALSE
10/08/2020 00:01:43,0.35,FALSE
10/08/2020 00:01:42,1.54,FALSE
10/08/2020 00:01:41,0.99,FALSE
10/08/2020 00:01:40,1.97,FALSE
10/08/2020 00:01:39,0.55,FALSE
10/08/2020 00:01:38,0.34,FALSE
10/08/2020 00:01:37,1.92,FALSE
10/08/2020 00:01:36,1.49,FALSE
10/08/2020 00:01:35,0.34,FALSE
10/08/2020 00:01:34,0.78,FALSE
10/08/2020 00:01:33,1.98,FALSE
10/08/2020 00:01:32,0.78,FALSE
10/08/2020 00:01:31,0.67,FALSE
10/08/2020 00:01:30,0.56,FALSE
10/08/2020 00:01:29,1.35,FALSE
10/08/2020 00:01:28,2.44,TRUE
10/08/2020 00:01:27,0.49,FALSE
10/08/2020 00:01:26,0.98,FALSE
10/08/2020 00:01:25,1.03,FALSE
10/08/2020 00:01:24,1.17,FALSE
10/08/2020 00:01:23,1.87,FALSE
10/08/2020 00:01:22,1.43,FALSE
10/08/2020 00:01:21,1.94,FALSE
10/08/2020 00:01:20,1.38,FALSE
10/08/2020 00:01:19,0.44,FALSE
10/08/2020 00:01:18,0.54,FALSE
10/08/2020 00:01:17,1.26,FALSE
10/08/2020 00:01:16,1.14,FALSE
10/08/2020 00:01:15,1.12,FALSE
10/08/2020 00:01:14,0.93,FALSE
10/08/2020 00:01:13,1.71,FALSE
10/08/2020 00:01:12,0.85,FALSE
10/08/2020 00:01:11,0.76,FALSE
10/08/2020 00:01:10,0.44,FALSE
10/08/2020 00:01:09,1.68,FALSE
10/08/2020 00:01:08,0.76,FALSE
10/08/2020 00:01:07,0.73,FALSE
10/08/2020 00:01:06,0.86,FALSE
10/08/2020 00:01:05,0.63,FALSE
10/08/2020 00:01:04,1.21,FALSE
10/08/2020 00:01:03,0.86,FALSE
10/08/2020 00:01:02,0.31,FALSE
10/08/2020 00:01:01,0.82,FALSE
10/08/2020 00:01:00,1.37,FALSE
10/08/2020 00:00:59,1.13,FALSE
10/08/2020 00:00:58,0.58,FALSE
10/08/2020 00:00:57,0.49,FALSE
10/08/2020 00:00:56,1.23,FALSE
10/08/2020 00:00:55,1.48,FALSE
10/08/2020 00:00:54,0.87,FALSE
10/08/2020 00:00:53,1.52,FALSE
10/08/2020 00:00:52,0.85,FALSE
10/08/2020 00:00:51,1.11,FALSE
10/08/2020 00:00:50,1.33,FALSE
10/08/2020 00:00:49,1.29,FALSE
10/08/2020 00:00:48,1.08,FALSE
10/08/2020 00:00:47,1.73,FALSE
10/08/2020 00:00:46,1.79,FALSE
10/08/2020 00:00:45,0.83,FALSE
10/08/2020 00:00:44,1.78,FALSE
10/08/2020 00:00:43,0.47,FALSE
10/08/2020 00:00:42,1.34,FALSE
10/08/2020 00:00:41,0.77,FALSE
10/08/2020 00:00:40,0.36,FALSE
10/08/2020 00:00:39,1.82,FALSE
10/08/2020 00:00:38,0.65,FALSE
10/08/2020 00:00:37,1.91,FALSE
10/08/2020 00:00:36,1.60,FALSE
10/08/2020 00:00:35,1.92,FALSE
10/08/2020 00:00:34,0.91,FALSE
10/08/2020 00:00:33,1.69,FALSE
10/08/2020 00:00:32,0.86,FALSE
10/08/2020 00:00:31,1.22,FALSE
10/08/2020 00:00:30,0.57,FALSE
10/08/2020 00:00:29,1.79,FALSE
10/08/2020 00:00:28,0.30,FALSE
10/08/2020 00:00:27,0.71,FALSE
10/08/2020 00:00:26,0.72,FALSE
10/08/2020 00:00:25,0.75,FALSE
10/08/2020 00:00:24,0.61,FALSE
10/08/2020 00:00:23,0.78,FALSE
10/08/2020 00:00:22,1.38,FALSE
10/08/2020 00:00:21,1.35,FALSE
10/08/2020 00:00:20,0.31,FALSE
10/08/2020 00:00:19,1.94,FALSE
10/08/2020 00:00:18,0.96,FALSE
10/08/2020 00:00:17,1.05,FALSE
10/08/2020 00:00:16,1.15,FALSE
10/08/2020 00:00:15,1.66,FALSE
10/08/2020 00:00:14,1.10,FALSE
10/08/2020 00:00:13,0.42,FALSE
10/08/2020 00:00:12,1.38,FALSE
10/08/2020 00:00:11,1.10,FALSE
10/08/2020 00:00:10,1.42,FALSE
10/08/2020 00:00:09,1.49,FALSE
10/08/2020 00:00:08,1.43,FALSE
10/08/2020 00:00:07,1.25,FALSE
10/08/2020 00:00:06,1.67,FALSE
10/08/2020 00:00:05,0.98,FALSE
10/08/2020 00:00:04,0.88,FALSE
10/08/2020 00:00:03,1.79,FALSE
10/08/2020 00:00:02,1.36,FALSE
10/08/2020 00:00:01,1.22,FALSE
10/08/2020 00:00:00,0.69,FALSE
09/08/2020 23:59:59,1.11,FALSE
09/08/2020 23:59:58,1.61,FALSE
09/08/2020 23:59:57,1.66,FALSE
09/08/2020 23:59:56,0.86,FALSE
09/08/2020 23:59:55,1.49,FALSE
09/08/2020 23:59:55,1.67,FALSE
09/08/2020 23:59:54,1.27,FALSE
09/08/2020 23:59:53,1.50,FALSE
09/08/2020 23:59:52,0.35,FALSE
09/08/2020 23:59:51,0.35,FALSE
09/08/2020 23:59:50,0.11,TRUE
09/08/2020 23:59:49,1.94,FALSE
09/08/2020 23:59:48,1.74,FALSE
09/08/2020 23:59:47,0.85,FALSE
09/08/2020 23:59:46,0.72,FALSE
09/08/2020 23:59:45,1.19,FALSE
09/08/2020 23:59:44,0.54,FALSE
09/08/2020 23:59:43,1.80,FALSE
09/08/2020 23:59:42,1.43,FALSE
09/08/2020 23:59:41,0.52,FALSE
09/08/2020 23:59:40,0.90,FALSE
09/08/2020 23:59:39,1.07,FALSE
09/08/2020 23:59:38,1.46,FALSE
09/08/2020 23:59:37,1.06,FALSE
09/08/2020 23:59:36,0.32,FALSE
09/08/2020 23:59:35,0.46,FALSE
09/08/2020 23:59:34,0.41,FALSE
09/08/2020 23:59:33,0.72,FALSE
09/08/2020 23:59:32,0.37,FALSE
09/08/2020 23:59:31,0.99,FALSE
09/08/2020 23:59:30,0.51,FALSE
09/08/2020 23:59:29,1.32,FALSE
09/08/2020 23:59:28,1.19,FALSE
09/08/2020 23:59:27,1.99,FALSE
09/08/2020 23:59:26,1.07,FALSE
09/08/2020 23:59:25,1.39,FALSE
09/08/2020 23:59:24,1.43,FALSE
09/08/2020 23:59:23,0.55,FALSE
09/08/2020 23:59:22,1.88,FALSE
09/08/2020 23:59:21,1.45,FALSE
09/08/2020 23:59:20,0.57,FALSE
09/08/2020 23:59:19,1.17,FALSE
09/08/2020 23:59:18,0.91,FALSE
09/08/2020 23:59:17,0.73,FALSE
09/08/2020 23:59:16,0.36,FALSE
09/08/2020 23:59:15,0.59,FALSE
09/08/2020 23:59:14,0.97,FALSE
09/08/2020 23:59:13,1.43,FALSE
09/08/2020 23:59:12,0.79,FALSE
09/08/2020 23:59:11,0.94,FALSE
09/08/2020 23:59:10,1.83,FALSE
09/08/2020 23:59:09,0.86,FALSE
09/08/2020 23:59:08,1.58,FALSE
09/08/2020 23:59:07,1.81,FALSE
09/08/2020 23:59:06,1.78,FALSE
09/08/2020 23:59:05,1.41,FALSE
09/08/2020 23:59:04,0.50,FALSE
09/08/2020 23:59:03,1.10,FALSE
09/08/2020 23:59:02,1.91,FALSE
09/08/2020 23:59:01,1.38,FALSE
09/08/2020 23:59:00,1.23,FALSE
09/08/2020 23:58:59,0.56,FALSE
09/08/2020 23:58:58,1.73,FALSE
09/08/2020 23:58:57,1.03,FALSE
09/08/2020 23:58:56,1.08,FALSE
09/08/2020 23:58:55,1.67,FALSE
09/08/2020 23:58:54,0.58,FALSE
09/08/2020 23:58:53,1.23,FALSE
09/08/2020 23:58:52,1.68,FALSE
09/08/2020 23:58:51,0.58,FALSE
09/08/2020 23:58:50,1.92,FALSE
09/08/2020 23:58:49,0.73,FALSE
09/08/2020 23:58:48,1.31,FALSE
09/08/2020 23:58:47,1.07,FALSE
09/08/2020 23:58:46,1.76,FALSE
09/08/2020 23:58:45,1.03,FALSE
09/08/2020 23:58:44,1.63,FALSE
09/08/2020 23:58:43,0.34,FALSE
09/08/2020 23:58:42,0.90,FALSE
09/08/2020 23:58:41,0.65,FALSE
09/08/2020 23:58:40,0.94,FALSE
09/08/2020 23:58:39,1.15,FALSE
09/08/2020 23:58:38,0.35,FALSE
09/08/2020 23:58:37,1.04,FALSE
09/08/2020 23:58:36,0.34,FALSE
09/08/2020 23:58:35,0.62,FALSE
09/08/2020 23:58:34,0.59,FALSE
09/08/2020 23:58:33,1.55,FALSE
09/08/2020 23:58:32,0.68,FALSE
09/08/2020 23:58:31,1.52,FALSE
09/08/2020 23:58:30,1.61,FALSE
09/08/2020 23:58:29,1.28,FALSE
09/08/2020 23:58:28,0.84,FALSE
09/08/2020 23:58:27,1.87,FALSE
09/08/2020 23:58:26,1.68,FALSE
09/08/2020 23:58:25,1.53,FALSE
09/08/2020 23:58:24,1.99,FALSE
09/08/2020 23:58:23,1.09,FALSE
09/08/2020 23:58:22,0.71,FALSE
09/08/2020 23:58:21,1.72,FALSE
09/08/2020 23:58:20,1.00,FALSE
09/08/2020 23:58:19,1.89,FALSE
09/08/2020 23:58:18,0.74,FALSE
09/08/2020 23:58:17,1.03,FALSE
09/08/2020 23:58:16,1.42,FALSE
09/08/2020 23:58:15,0.48,FALSE
09/08/2020 23:58:14,1.09,FALSE
09/08/2020 23:58:13,0.95,FALSE
09/08/2020 23:58:12,1.07,FALSE
09/08/2020 23:58:11,0.97,FALSE
09/08/2020 23:58:10,1.31,FALSE
09/08/2020 23:58:09,1.14,FALSE
09/08/2020 23:58:08,1.42,FALSE
09/08/2020 23:58:07,1.18,FALSE
09/08/2020 23:58:06,1.87,FALSE
09/08/2020 23:58:05,1.12,FALSE
09/08/2020 23:58:04,1.59,FALSE
09/08/2020 23:58:03,1.47,FALSE
09/08/2020 23:58:02,0.63,FALSE
09/08/2020 23:58:01,1.33,FALSE
09/08/2020 23:58:00,0.37,FALSE
09/08/2020 23:57:59,1.85,FALSE
09/08/2020 23:57:58,1.48,FALSE
09/08/2020 23:57:57,0.69,FALSE
09/08/2020 23:57:56,0.77,FALSE
09/08/2020 23:57:55,0.81,FALSE
09/08/2020 23:57:54,1.49,FALSE
09/08/2020 23:57:53,1.43,FALSE
09/08/2020 23:57:52,0.44,FALSE
09/08/2020 23:57:51,0.92,FALSE
09/08/2020 23:57:50,1.83,FALSE
09/08/2020 23:57:49,0.79,FALSE
09/08/2020 23:57:48,1.74,FALSE
09/08/2020 23:57:47,1.05,FALSE
09/08/2020 23:57:46,1.00,FALSE
09/08/2020 23:57:45,1.99,FALSE
09/08/2020 23:57:44,1.12,FALSE
09/08/2020 23:57:43,0.79,FALSE
09/08/2020 23:57:42,0.70,FALSE
09/08/2020 23:57:41,1.85,FALSE
09/08/2020 23:57:40,0.41,FALSE
09/08/2020 23:57:39,1.09,FALSE
09/08/2020 23:57:38,0.80,FALSE
09/08/2020 23:57:37,1.44,FALSE
09/08/2020 23:57:36,0.92,FALSE
09/08/2020 23:57:35,1.58,FALSE
09/08/2020 23:57:34,1.61,FALSE
09/08/2020 23:57:33,1.33,FALSE
09/08/2020 23:57:32,1.07,FALSE
09/08/2020 23:57:31,1.23,FALSE
09/08/2020 23:57:30,0.78,FALSE
09/08/2020 23:57:29,0.58,FALSE
09/08/2020 23:57:28,1.75,FALSE
09/08/2020 23:57:27,1.74,FALSE
09/08/2020 23:57:26,1.10,FALSE
09/08/2020 23:57:25,1.62,FALSE
09/08/2020 23:57:24,0.30,FALSE
09/08/2020 23:57:23,1.11,FALSE
09/08/2020 23:57:22,1.13,FALSE
09/08/2020 23:57:21,0.48,FALSE
09/08/2020 23:57:20,1.27,FALSE
09/08/2020 23:57:19,1.00,FALSE
09/08/2020 23:57:18,0.44,FALSE
09/08/2020 23:57:17,1.08,FALSE
09/08/2020 23:57:16,0.52,FALSE
09/08/2020 23:57:15,1.86,FALSE
09/08/2020 23:57:14,0.52,FALSE
09/08/2020 23:57:13,0.53,FALSE
09/08/2020 23:57:12,1.16,FALSE
09/08/2020 23:57:11,1.36,FALSE
09/08/2020 23:57:10,0.45,FALSE
09/08/2020 23:57:09,1.99,FALSE
09/08/2020 23:57:08,1.38,FALSE
09/08/2020 23:57:07,0.48,FALSE
09/08/2020 23:57:06,1.29,FALSE
09/08/2020 23:57:05,1.63,FALSE
09/08/2020 23:57:04,1.92,FALSE
09/08/2020 23:57:03,1.36,FALSE
09/08/2020 23:57:02,0.47,FALSE
09/08/2020 23:57:01,0.32,FALSE
09/08/2020 23:57:00,2.81,TRUE
09/08/2020 23:56:59,1.99,FALSE
09/08/2020 23:56:58,1.44,FALSE
09/08/2020 23:56:57,1.66,FALSE
09/08/2020 23:56:56,1.56,FALSE
09/08/2020 23:56:55,1.17,FALSE
09/08/2020 23:56:54,1.42,FALSE
09/08/2020 23:56:53,1.45,FALSE
09/08/2020 23:56:52,0.33,FALSE
09/08/2020 23:56:51,1.56,FALSE
09/08/2020 23:56:50,1.38,FALSE
09/08/2020 23:56:49,1.73,FALSE
09/08/2020 23:56:48,1.51,FALSE
09/08/2020 23:56:47,0.74,FALSE
09/08/2020 23:56:46,0.52,FALSE
09/08/2020 23:56:45,1.55,FALSE
09/08/2020 23:56:44,1.00,FALSE
09/08/2020 23:56:43,0.47,FALSE
09/08/2020 23:56:42,1.03,FALSE
09/08/2020 23:56:41,1.83,FALSE
09/08/2020 23:56:40,1.38,FALSE
09/08/2020 23:56:39,0.53,FALSE
09/08/2020 23:56:38,0.44,FALSE
09/08/2020 23:56:37,1.46,FALSE
09/08/2020 23:56:36,0.41,FALSE
09/08/2020 23:56:36,2.59,TRUE
09/08/2020 23:56:35,1.23,FALSE
09/08/2020 23:56:34,1.01,FALSE
09/08/2020 23:56:33,1.87,FALSE
09/08/2020 23:56:32,0.74,FALSE
09/08/2020 23:56:31,0.46,FALSE
09/08/2020 23:56:30,0.84,FALSE
09/08/2020 23:56:29,1.18,FALSE
09/08/2020 23:56:28,1.77,FALSE
09/08/2020 23:56:27,0.57,FALSE
09/08/2020 23:56:26,0.49,FALSE
09/08/2020 23:56:25,0.75,FALSE
09/08/2020 23:56:24,-1.28,TRUE
09/08/2020 23:56:23,1.39,FALSE
09/08/2020 23:56:22,0.73,FALSE
09/08/2020 23:56:21,1.24,FALSE
09/08/2020 23:56:20,0.44,FALSE
09/08/2020 23:56:19,1.44,FALSE
09/08/2020 23:56:18,0.46,FALSE
09/08/2020 23:56:17,0.76,FALSE
09/08/2020 23:56:16,0.78,FALSE
09/08/2020 23:56:15,0.68,FALSE
09/08/2020 23:56:14,0.87,FALSE
09/08/2020 23:56:13,0.54,FALSE
09/08/2020 23:56:12,0.36,FALSE
09/08/2020 23:56:11,1.22,FALSE
09/08/2020 23:56:10,0.83,FALSE
09/08/2020 23:56:09,1.36,FALSE
09/08/2020 23:56:08,0.68,FALSE
09/08/2020 23:56:07,1.56,FALSE
09/08/2020 23:56:06,1.47,FALSE
09/08/2020 23:56:05,0.66,FALSE
09/08/2020 23:56:04,1.69,FALSE
09/08/2020 23:56:03,0.82,FALSE
09/08/2020 23:56:02,1.99,FALSE
09/08/2020 23:56:01,1.34,FALSE
09/08/2020 23:56:00,0.65,FALSE
09/08/2020 23:55:59,0.52,FALSE
09/08/2020 23:55:58,0.33,FALSE
09/08/2020 23:55:57,0.60,FALSE
09/08/2020 23:55:56,1.05,FALSE
09/08/2020 23:55:55,1.98,FALSE
09/08/2020 23:55:54,1.75,FALSE
09/08/2020 23:55:53,1.89,FALSE
09/08/2020 23:55:52,1.18,FALSE
09/08/2020 23:55:51,0.72,FALSE
09/08/2020 23:55:50,1.40,FALSE
09/08/2020 23:55:49,1.60,FALSE
09/08/2020 23:55:48,0.97,FALSE
09/08/2020 23:55:47,1.98,FALSE
09/08/2020 23:55:46,0.95,FALSE
09/08/2020 23:55:45,1.58,FALSE
09/08/2020 23:55:44,0.98,FALSE
09/08/2020 23:55:43,1.09,FALSE
09/08/2020 23:55:42,0.85,FALSE
09/08/2020 23:55:41,0.62,FALSE
09/08/2020 23:55:40,1.55,FALSE
09/08/2020 23:55:39,1.86,FALSE
09/08/2020 23:55:38,1.31,FALSE
09/08/2020 23:55:37,1.12,FALSE
09/08/2020 23:55:36,0.40,FALSE
09/08/2020 23:55:35,1.61,FALSE
09/08/2020 23:55:34,1.55,FALSE
09/08/2020 23:55:33,1.56,FALSE
09/08/2020 23:55:32,1.96,FALSE
09/08/2020 23:55:31,1.08,FALSE
09/08/2020 23:55:30,1.95,FALSE
09/08/2020 23:55:29,1.23,FALSE
09/08/2020 23:55:28,0.58,FALSE
09/08/2020 23:55:27,1.01,FALSE
09/08/2020 23:55:26,1.34,FALSE
09/08/2020 23:55:25,0.60,FALSE
09/08/2020 23:55:24,1.29,FALSE
09/08/2020 23:55:23,1.18,FALSE
09/08/2020 23:55:22,1.89,FALSE
09/08/2020 23:55:21,1.24,FALSE
09/08/2020 23:55:20,1.52,FALSE
09/08/2020 23:55:19,1.24,FALSE
09/08/2020 23:55:18,1.96,FALSE
09/08/2020 23:55:17,1.52,FALSE
09/08/2020 23:55:16,1.75,FALSE
09/08/2020 23:55:15,0.74,FALSE
09/08/2020 23:55:14,1.33,FALSE
09/08/2020 23:55:13,0.85,FALSE
09/08/2020 23:55:12,0.33,FALSE
09/08/2020 23:55:11,1.63,FALSE
09/08/2020 23:55:10,1.88,FALSE
09/08/2020 23:55:09,0.88,FALSE
09/08/2020 23:55:08,1.66,FALSE
09/08/2020 23:55:07,1.54,FALSE
09/08/2020 23:55:06,0.69,FALSE
09/08/2020 23:55:05,0.48,FALSE
09/08/2020 23:55:04,1.62,FALSE
09/08/2020 23:55:03,0.39,FALSE
09/08/2020 23:55:02,0.35,FALSE
09/08/2020 23:55:01,1.75,FALSE
09/08/2020 23:55:00,1.17,FALSE
09/08/2020 23:54:59,0.35,FALSE
09/08/2020 23:54:58,0.77,FALSE
09/08/2020 23:54:57,1.53,FALSE
09/08/2020 23:54:56,0.34,FALSE
09/08/2020 23:54:55,1.33,FALSE
09/08/2020 23:54:54,1.39,FALSE
09/08/2020 23:54:53,1.04,FALSE
09/08/2020 23:54:52,0.66,FALSE
09/08/2020 23:54:51,0.69,FALSE
09/08/2020 23:54:50,0.58,FALSE
09/08/2020 23:54:49,0.49,FALSE
09/08/2020 23:54:48,1.41,FALSE
09/08/2020 23:54:47,0.95,FALSE
09/08/2020 23:54:46,0.31,FALSE
09/08/2020 23:54:45,0.96,FALSE
09/08/2020 23:54:44,1.53,FALSE
09/08/2020 23:54:43,0.99,FALSE
09/08/2020 23:54:42,1.66,FALSE
09/08/2020 23:54:41,0.63,FALSE
09/08/2020 23:54:40,1.09,FALSE
09/08/2020 23:54:39,1.81,FALSE
09/08/2020 23:54:38,0.51,FALSE
09/08/2020 23:54:37,1.22,FALSE
09/08/2020 23:54:36,0.62,FALSE
09/08/2020 23:54:35,1.95,FALSE
09/08/2020 23:54:34,0.35,FALSE
09/08/2020 23:54:33,0.58,FALSE
09/08/2020 23:54:32,1.19,FALSE
09/08/2020 23:54:31,0.38,FALSE
09/08/2020 23:54:30,0.99,FALSE
09/08/2020 23:54:29,1.13,FALSE
09/08/2020 23:54:28,0.65,FALSE
09/08/2020 23:54:27,0.92,FALSE
09/08/2020 23:54:26,1.88,FALSE
09/08/2020 23:54:25,0.66,FALSE
09/08/2020 23:54:24,1.47,FALSE
09/08/2020 23:54:23,1.48,FALSE
09/08/2020 23:54:22,0.96,FALSE
09/08/2020 23:54:21,1.77,FALSE
09/08/2020 23:54:20,0.65,FALSE
09/08/2020 23:54:19,0.85,FALSE
09/08/2020 23:54:18,1.89,FALSE
09/08/2020 23:54:17,1.32,FALSE
09/08/2020 23:54:16,1.54,FALSE
09/08/2020 23:54:15,0.32,FALSE
09/08/2020 23:54:14,1.07,FALSE
09/08/2020 23:54:13,1.36,FALSE
09/08/2020 23:54:12,0.64,FALSE
09/08/2020 23:54:11,1.82,FALSE
09/08/2020 23:54:10,1.37,FALSE
09/08/2020 23:54:09,1.13,FALSE
09/08/2020 23:54:08,0.44,FALSE
09/08/2020 23:54:07,1.80,FALSE
09/08/2020 23:54:06,1.47,FALSE
09/08/2020 23:54:05,1.06,FALSE
09/08/2020 23:54:04,1.40,FALSE
09/08/2020 23:54:03,1.10,FALSE
09/08/2020 23:54:02,0.94,FALSE
09/08/2020 23:54:01,0.84,FALSE
09/08/2020 23:54:00,0.43,FALSE
09/08/2020 23:53:59,0.77,FALSE
09/08/2020 23:53:58,1.54,FALSE
09/08/2020 23:53:57,0.95,FALSE
09/08/2020 23:53:56,0.58,FALSE
09/08/2020 23:53:55,1.79,FALSE
09/08/2020 23:53:54,1.32,FALSE
09/08/2020 23:53:53,1.76,FALSE
09/08/2020 23:53:52,1.93,FALSE
09/08/2020 23:53:51,0.53,FALSE
09/08/2020 23:53:50,1.54,FALSE
09/08/2020 23:53:49,1.72,FALSE
09/08/2020 23:53:48,0.85,FALSE
09/08/2020 23:53:47,1.18,FALSE
09/08/2020 23:53:46,0.99,FALSE
09/08/2020 23:53:45,1.76,FALSE
09/08/2020 23:53:44,1.39,FALSE
09/08/2020 23:53:43,1.62,FALSE
09/08/2020 23:53:42,2.00,FALSE
09/08/2020 23:53:41,0.91,FALSE
09/08/2020 23:53:40,1.91,FALSE
09/08/2020 23:53:39,1.41,FALSE
09/08/2020 23:53:38,1.46,FALSE
09/08/2020 23:53:37,0.90,FALSE
09/08/2020 23:53:36,1.15,FALSE
09/08/2020 23:53:35,1.58,FALSE
09/08/2020 23:53:34,1.22,FALSE
09/08/2020 23:53:33,1.00,FALSE
09/08/2020 23:53:32,0.85,FALSE
09/08/2020 23:53:31,0.39,FALSE
09/08/2020 23:53:30,1.36,FALSE
09/08/2020 23:53:29,0.58,FALSE
09/08/2020 23:53:28,1.70,FALSE
09/08/2020 23:53:27,1.20,FALSE
09/08/2020 23:53:26,1.63,FALSE
09/08/2020 23:53:25,1.66,FALSE
09/08/2020 23:53:24,1.94,FALSE
09/08/2020 23:53:23,1.23,FALSE
09/08/2020 23:53:22,1.86,FALSE
09/08/2020 23:53:21,1.12,FALSE
09/08/2020 23:53:20,1.91,FALSE
09/08/2020 23:53:19,0.53,FALSE
09/08/2020 23:53:18,0.49,FALSE
09/08/2020 23:53:17,1.92,FALSE
09/08/2020 23:53:17,1.27,FALSE
09/08/2020 23:53:16,1.26,FALSE
09/08/2020 23:53:15,1.31,FALSE
09/08/2020 23:53:14,1.15,FALSE
09/08/2020 23:53:13,0.94,FALSE
09/08/2020 23:53:12,1.42,FALSE
09/08/2020 23:53:11,1.61,FALSE
09/08/2020 23:53:10,0.68,FALSE
09/08/2020 23:53:09,1.34,FALSE
09/08/2020 23:53:08,1.14,FALSE
09/08/2020 23:53:07,1.26,FALSE
09/08/2020 23:53:06,0.44,FALSE
09/08/2020 23:53:05,1.89,FALSE
09/08/2020 23:53:04,1.96,FALSE
09/08/2020 23:53:03,1.71,FALSE
09/08/2020 23:53:02,1.37,FALSE
09/08/2020 23:53:01,0.45,FALSE
09/08/2020 23:53:00,0.71,FALSE
09/08/2020 23:52:59,0.37,FALSE
09/08/2020 23:52:58,1.40,FALSE
09/08/2020 23:52:57,1.64,FALSE
09/08/2020 23:52:56,1.90,FALSE
09/08/2020 23:52:55,0.84,FALSE
09/08/2020 23:52:54,1.29,FALSE
09/08/2020 23:52:53,1.37,FALSE
09/08/2020 23:52:52,1.66,FALSE
09/08/2020 23:52:51,0.77,FALSE
09/08/2020 23:52:50,1.66,FALSE
09/08/2020 23:52:49,0.75,FALSE
09/08/2020 23:52:48,1.07,FALSE
09/08/2020 23:52:47,1.13,FALSE
09/08/2020 23:52:46,0.83,FALSE
09/08/2020 23:52:45,1.87,FALSE
09/08/2020 23:52:44,0.73,FALSE
09/08/2020 23:52:43,1.32,FALSE
09/08/2020 23:52:42,0.84,FALSE
09/08/2020 23:52:41,0.61,FALSE
09/08/2020 23:52:40,0.63,FALSE
09/08/2020 23:52:39,1.44,FALSE
09/08/2020 23:52:38,0.32,FALSE
09/08/2020 23:52:37,1.27,FALSE
09/08/2020 23:52:36,1.26,FALSE
09/08/2020 23:52:35,0.59,FALSE
09/08/2020 23:52:34,0.88,FALSE
09/08/2020 23:52:33,1.82,FALSE
09/08/2020 23:52:32,1.65,FALSE
09/08/2020 23:52:31,1.75,FALSE
09/08/2020 23:52:30,1.45,FALSE
09/08/2020 23:52:29,1.76,FALSE
09/08/2020 23:52:28,0.83,FALSE
09/08/2020 23:52:27,1.15,FALSE
09/08/2020 23:52:26,1.26,FALSE
09/08/2020 23:52:25,1.84,FALSE
09/08/2020 23:52:24,1.24,FALSE
09/08/2020 23:52:23,0.39,FALSE
09/08/2020 23:52:22,0.37,FALSE
09/08/2020 23:52:21,0.57,FALSE
09/08/2020 23:52:20,0.73,FALSE
09/08/2020 23:52:19,0.35,FALSE
09/08/2020 23:52:18,1.61,FALSE
09/08/2020 23:52:17,1.82,FALSE
09/08/2020 23:52:16,0.57,FALSE
09/08/2020 23:52:15,1.86,FALSE
09/08/2020 23:52:14,0.75,FALSE
09/08/2020 23:52:13,0.43,FALSE
09/08/2020 23:52:12,0.32,FALSE
09/08/2020 23:52:11,0.84,FALSE
09/08/2020 23:52:10,0.91,FALSE
09/08/2020 23:52:09,1.82,FALSE
09/08/2020 23:52:08,1.80,FALSE
09/08/2020 23:52:07,0.99,FALSE
09/08/2020 23:52:06,0.60,FALSE
09/08/2020 23:52:05,1.15,FALSE
09/08/2020 23:52:04,1.91,FALSE
09/08/2020 23:52:03,1.77,FALSE
09/08/2020 23:52:02,1.87,FALSE
09/08/2020 23:52:01,0.99,FALSE
09/08/2020 23:52:00,1.28,FALSE
09/08/2020 23:51:59,1.86,FALSE
09/08/2020 23:51:58,1.34,FALSE
09/08/2020 23:51:57,1.07,FALSE
09/08/2020 23:51:56,0.43,FALSE
09/08/2020 23:51:55,1.68,FALSE
09/08/2020 23:51:54,1.01,FALSE
09/08/2020 23:51:53,0.75,FALSE
09/08/2020 23:51:52,0.71,FALSE
09/08/2020 23:51:51,1.38,FALSE
09/08/2020 23:51:50,0.78,FALSE
09/08/2020 23:51:49,1.91,FALSE
09/08/2020 23:51:48,0.75,FALSE
09/08/2020 23:51:47,-0.91,TRUE
09/08/2020 23:51:46,3.60,TRUE
09/08/2020 23:51:45,-0.54,TRUE
09/08/2020 23:51:44,-0.46,TRUE
09/08/2020 23:51:43,3.20,TRUE
09/08/2020 23:51:42,3.15,TRUE
09/08/2020 23:51:41,2.13,TRUE
09/08/2020 23:51:40,0.32,FALSE
09/08/2020 23:51:39,0.97,FALSE
09/08/2020 23:51:38,1.28,FALSE
09/08/2020 23:51:37,1.75,FALSE
09/08/2020 23:51:36,0.82,FALSE
09/08/2020 23:51:35,0.50,FALSE
09/08/2020 23:51:34,1.67,FALSE
09/08/2020 23:51:33,1.77,FALSE
09/08/2020 23:51:32,0.44,FALSE
09/08/2020 23:51:31,0.75,FALSE
09/08/2020 23:51:30,1.54,FALSE
09/08/2020 23:51:29,1.90,FALSE
09/08/2020 23:51:28,1.08,FALSE
09/08/2020 23:51:27,1.12,FALSE
09/08/2020 23:51:26,1.34,FALSE
09/08/2020 23:51:25,1.89,FALSE
09/08/2020 23:51:24,1.60,FALSE
09/08/2020 23:51:23,0.73,FALSE
09/08/2020 23:51:22,0.70,FALSE
09/08/2020 23:51:21,1.31,FALSE
09/08/2020 23:51:20,0.77,FALSE
09/08/2020 23:51:19,-0.71,TRUE
09/08/2020 23:51:18,0.30,FALSE
09/08/2020 23:51:17,1.53,FALSE
09/08/2020 23:51:16,0.57,FALSE
09/08/2020 23:51:15,0.76,FALSE
09/08/2020 23:51:14,1.94,FALSE
09/08/2020 23:51:13,1.30,FALSE
09/08/2020 23:51:12,1.71,FALSE
09/08/2020 23:51:11,0.70,FALSE
09/08/2020 23:51:10,1.60,FALSE
09/08/2020 23:51:09,1.35,FALSE
09/08/2020 23:51:08,1.31,FALSE
09/08/2020 23:51:07,1.07,FALSE
09/08/2020 23:51:06,1.57,FALSE
09/08/2020 23:51:05,0.53,FALSE
09/08/2020 23:51:04,1.04,FALSE
09/08/2020 23:51:03,0.41,FALSE
09/08/2020 23:51:02,0.53,FALSE
09/08/2020 23:51:01,1.81,FALSE
09/08/2020 23:51:00,0.64,FALSE
09/08/2020 23:50:59,1.52,FALSE
09/08/2020 23:50:58,0.64,FALSE
09/08/2020 23:50:57,1.89,FALSE
09/08/2020 23:50:56,1.66,FALSE
09/08/2020 23:50:55,1.12,FALSE
09/08/2020 23:50:54,1.32,FALSE
09/08/2020 23:50:53,1.70,FALSE
09/08/2020 23:50:52,1.38,FALSE
09/08/2020 23:50:51,1.97,FALSE
09/08/2020 23:50:50,1.97,FALSE
09/08/2020 23:50:49,0.36,FALSE
09/08/2020 23:50:48,1.06,FALSE
09/08/2020 23:50:47,0.34,FALSE
09/08/2020 23:50:46,1.11,FALSE
09/08/2020 23:50:45,1.01,FALSE
09/08/2020 23:50:44,1.39,FALSE
09/08/2020 23:50:43,0.44,FALSE
09/08/2020 23:50:42,1.21,FALSE
09/08/2020 23:50:41,0.97,FALSE
09/08/2020 23:50:40,0.71,FALSE
09/08/2020 23:50:39,0.34,FALSE
09/08/2020 23:50:38,1.60,FALSE
09/08/2020 23:50:37,0.71,FALSE
09/08/2020 23:50:36,0.51,FALSE
09/08/2020 23:50:35,0.35,FALSE
09/08/2020 23:50:34,1.03,FALSE
09/08/2020 23:50:33,1.94,FALSE
09/08/2020 23:50:32,1.88,FALSE
09/08/2020 23:50:31,0.44,FALSE
09/08/2020 23:50:30,0.72,FALSE
09/08/2020 23:50:29,0.93,FALSE
09/08/2020 23:50:28,0.40,FALSE
09/08/2020 23:50:27,1.54,FALSE
09/08/2020 23:50:26,1.14,FALSE
09/08/2020 23:50:25,1.34,FALSE
09/08/2020 23:50:24,1.78,FALSE
09/08/2020 23:50:23,0.51,FALSE
09/08/2020 23:50:22,1.52,FALSE
09/08/2020 23:50:21,0.33,FALSE
09/08/2020 23:50:20,1.59,FALSE
09/08/2020 23:50:19,1.32,FALSE
09/08/2020 23:50:18,1.75,FALSE
09/08/2020 23:50:17,1.19,FALSE
09/08/2020 23:50:16,1.14,FALSE
09/08/2020 23:50:15,0.93,FALSE
09/08/2020 23:50:14,1.14,FALSE
09/08/2020 23:50:13,1.98,FALSE
09/08/2020 23:50:12,1.48,FALSE
09/08/2020 23:50:11,1.84,FALSE
09/08/2020 23:50:10,1.13,FALSE
09/08/2020 23:50:09,1.20,FALSE
09/08/2020 23:50:08,1.22,FALSE
09/08/2020 23:50:07,0.85,FALSE
09/08/2020 23:50:06,0.71,FALSE
09/08/2020 23:50:05,1.18,FALSE
09/08/2020 23:50:04,1.95,FALSE
09/08/2020 23:50:03,0.80,FALSE
09/08/2020 23:50:02,1.69,FALSE
09/08/2020 23:50:01,1.66,FALSE
09/08/2020 23:50:00,1.84,FALSE
09/08/2020 23:49:59,1.96,FALSE
09/08/2020 23:49:58,1.35,FALSE
09/08/2020 23:49:58,1.93,FALSE
09/08/2020 23:49:57,1.61,FALSE
09/08/2020 23:49:56,0.74,FALSE
09/08/2020 23:49:55,0.46,FALSE
09/08/2020 23:49:54,0.55,FALSE
09/08/2020 23:49:53,1.18,FALSE
09/08/2020 23:49:52,0.96,FALSE
09/08/2020 23:49:51,0.87,FALSE
09/08/2020 23:49:50,0.88,FALSE
09/08/2020 23:49:49,1.71,FALSE
09/08/2020 23:49:48,1.54,FALSE
09/08/2020 23:49:47,1.86,FALSE
09/08/2020 23:49:46,1.00,FALSE
09/08/2020 23:49:45,1.63,FALSE
09/08/2020 23:49:44,1.48,FALSE
09/08/2020 23:49:43,1.81,FALSE
09/08/2020 23:49:42,1.23,FALSE
09/08/2020 23:49:41,1.41,FALSE
09/08/2020 23:49:40,1.81,FALSE
09/08/2020 23:49:39,1.01,FALSE
09/08/2020 23:49:38,1.23,FALSE
09/08/2020 23:49:37,-0.78,TRUE
09/08/2020 23:49:36,1.20,FALSE
09/08/2020 23:49:35,1.70,FALSE
09/08/2020 23:49:34,1.46,FALSE
09/08/2020 23:49:33,1.23,FALSE
09/08/2020 23:49:32,0.44,FALSE
09/08/2020 23:49:31,1.86,FALSE
09/08/2020 23:49:30,1.17,FALSE
09/08/2020 23:49:29,0.31,FALSE
09/08/2020 23:49:28,0.71,FALSE
09/08/2020 23:49:27,1.43,FALSE
09/08/2020 23:49:26,0.56,FALSE
09/08/2020 23:49:25,1.25,FALSE
09/08/2020 23:49:24,1.40,FALSE
09/08/2020 23:49:23,1.00,FALSE
09/08/2020 23:49:22,1.34,FALSE
09/08/2020 23:49:21,1.98,FALSE
09/08/2020 23:49:20,1.63,FALSE
09/08/2020 23:49:19,0.66,FALSE
09/08/2020 23:49:18,1.19,FALSE
09/08/2020 23:49:17,1.89,FALSE
09/08/2020 23:49:16,1.23,FALSE
09/08/2020 23:49:15,1.26,FALSE
09/08/2020 23:49:14,0.62,FALSE
09/08/2020 23:49:13,0.40,FALSE
09/08/2020 23:49:12,1.52,FALSE
09/08/2020 23:49:11,1.17,FALSE
09/08/2020 23:49:10,1.87,FALSE
09/08/2020 23:49:09,1.57,FALSE
09/08/2020 23:49:08,0.70,FALSE
09/08/2020 23:49:07,1.22,FALSE
09/08/2020 23:49:06,1.69,FALSE
09/08/2020 23:49:05,0.79,FALSE
09/08/2020 23:49:04,1.15,FALSE
09/08/2020 23:49:03,1.64,FALSE
09/08/2020 23:49:02,1.88,FALSE
09/08/2020 23:49:01,1.39,FALSE
09/08/2020 23:49:00,0.77,FALSE
09/08/2020 23:48:59,1.51,FALSE
09/08/2020 23:48:58,1.19,FALSE
09/08/2020 23:48:57,1.04,FALSE
09/08/2020 23:48:56,0.36,FALSE
09/08/2020 23:48:55,1.77,FALSE
09/08/2020 23:48:54,0.79,FALSE
09/08/2020 23:48:53,1.38,FALSE
09/08/2020 23:48:52,0.85,FALSE
09/08/2020 23:48:51,1.40,FALSE
09/08/2020 23:48:50,0.53,FALSE
09/08/2020 23:48:49,1.69,FALSE
09/08/2020 23:48:48,0.55,FALSE
09/08/2020 23:48:47,0.52,FALSE
09/08/2020 23:48:46,0.44,FALSE
09/08/2020 23:48:45,0.99,FALSE
09/08/2020 23:48:44,0.87,FALSE
09/08/2020 23:48:43,1.02,FALSE
09/08/2020 23:48:42,0.72,FALSE
09/08/2020 23:48:41,1.04,FALSE
09/08/2020 23:48:40,1.05,FALSE
09/08/2020 23:48:39,0.65,FALSE
09/08/2020 23:48:38,1.30,FALSE
09/08/2020 23:48:37,0.98,FALSE
09/08/2020 23:48:36,0.57,FALSE
09/08/2020 23:48:35,0.48,FALSE
09/08/2020 23:48:34,0.77,FALSE
09/08/2020 23:48:33,1.62,FALSE
09/08/2020 23:48:32,0.50,FALSE
09/08/2020 23:48:31,0.47,FALSE
09/08/2020 23:48:30,1.67,FALSE
09/08/2020 23:48:29,0.83,FALSE
09/08/2020 23:48:28,1.64,FALSE
09/08/2020 23:48:27,1.50,FALSE
09/08/2020 23:48:26,1.09,FALSE
09/08/2020 23:48:25,0.70,FALSE
09/08/2020 23:48:24,1.22,FALSE
09/08/2020 23:48:23,1.69,FALSE
09/08/2020 23:48:22,1.96,FALSE
09/08/2020 23:48:21,0.73,FALSE
09/08/2020 23:48:20,0.91,FALSE
09/08/2020 23:48:19,0.78,FALSE
09/08/2020 23:48:18,1.79,FALSE
09/08/2020 23:48:17,1.03,FALSE
09/08/2020 23:48:16,3.44,TRUE
09/08/2020 23:48:15,0.16,TRUE
09/08/2020 23:48:14,1.96,FALSE
09/08/2020 23:48:13,0.66,FALSE
09/08/2020 23:48:12,1.10,FALSE
09/08/2020 23:48:11,0.41,FALSE
09/08/2020 23:48:10,1.10,FALSE
09/08/2020 23:48:09,1.74,FALSE
09/08/2020 23:48:08,0.51,FALSE
09/08/2020 23:48:07,0.74,FALSE
09/08/2020 23:48:06,0.36,FALSE
09/08/2020 23:48:05,0.89,FALSE
09/08/2020 23:48:04,1.09,FALSE
09/08/2020 23:48:03,0.55,FALSE
09/08/2020 23:48:02,1.13,FALSE
09/08/2020 23:48:01,0.50,FALSE
09/08/2020 23:48:00,0.52,FALSE
09/08/2020 23:47:59,1.72,FALSE
09/08/2020 23:47:58,0.33,FALSE
09/08/2020 23:47:57,1.16,FALSE
09/08/2020 23:47:56,1.34,FALSE
09/08/2020 23:47:55,1.84,FALSE
09/08/2020 23:47:54,1.82,FALSE
09/08/2020 23:47:53,0.54,FALSE
09/08/2020 23:47:52,1.26,FALSE
09/08/2020 23:47:51,1.85,FALSE
09/08/2020 23:47:50,1.11,FALSE
09/08/2020 23:47:49,0.95,FALSE
09/08/2020 23:47:48,1.65,FALSE
09/08/2020 23:47:47,0.74,FALSE
09/08/2020 23:47:46,0.47,FALSE
09/08/2020 23:47:45,1.25,FALSE
09/08/2020 23:47:44,1.89,FALSE
09/08/2020 23:47:43,0.72,FALSE
09/08/2020 23:47:42,0.58,FALSE
09/08/2020 23:47:41,0.38,FALSE
09/08/2020 23:47:40,0.52,FALSE
09/08/2020 23:47:39,1.09,FALSE
09/08/2020 23:47:38,0.99,FALSE
09/08/2020 23:47:37,1.98,FALSE
09/08/2020 23:47:36,1.31,FALSE
09/08/2020 23:47:35,1.43,FALSE
09/08/2020 23:47:34,0.36,FALSE
09/08/2020 23:47:33,0.87,FALSE
09/08/2020 23:47:32,1.22,FALSE
09/08/2020 23:47:31,1.78,FALSE
09/08/2020 23:47:30,0.38,FALSE
09/08/2020 23:47:29,1.85,FALSE
09/08/2020 23:47:28,0.86,FALSE
09/08/2020 23:47:27,0.87,FALSE
09/08/2020 23:47:26,1.62,FALSE
09/08/2020 23:47:25,1.53,FALSE
09/08/2020 23:47:24,0.59,FALSE
09/08/2020 23:47:23,1.96,FALSE
09/08/2020 23:47:22,0.76,FALSE
09/08/2020 23:47:21,0.57,FALSE
09/08/2020 23:47:20,1.82,FALSE
09/08/2020 23:47:19,1.29,FALSE
09/08/2020 23:47:18,0.47,FALSE
09/08/2020 23:47:17,1.66,FALSE
09/08/2020 23:47:16,0.32,FALSE
09/08/2020 23:47:15,1.15,FALSE
09/08/2020 23:47:14,1.66,FALSE
09/08/2020 23:47:13,0.87,FALSE
09/08/2020 23:47:12,0.66,FALSE
09/08/2020 23:47:11,1.09,FALSE
09/08/2020 23:47:10,0.84,FALSE
09/08/2020 23:47:09,1.57,FALSE
09/08/2020 23:47:08,0.90,FALSE
09/08/2020 23:47:07,0.61,FALSE
09/08/2020 23:47:06,0.36,FALSE
09/08/2020 23:47:05,1.98,FALSE
09/08/2020 23:47:04,1.62,FALSE
09/08/2020 23:47:03,1.28,FALSE
09/08/2020 23:47:02,0.48,FALSE
09/08/2020 23:47:01,0.53,FALSE
09/08/2020 23:47:00,0.95,FALSE
09/08/2020 23:46:59,1.79,FALSE
09/08/2020 23:46:58,0.99,FALSE
09/08/2020 23:46:57,1.51,FALSE
09/08/2020 23:46:56,1.73,FALSE
09/08/2020 23:46:55,1.45,FALSE
09/08/2020 23:46:54,1.34,FALSE
09/08/2020 23:46:53,0.75,FALSE
09/08/2020 23:46:52,0.41,FALSE
09/08/2020 23:46:51,1.81,FALSE
09/08/2020 23:46:50,1.63,FALSE
09/08/2020 23:46:49,1.28,FALSE
09/08/2020 23:46:48,1.48,FALSE
09/08/2020 23:46:47,0.34,FALSE
09/08/2020 23:46:46,0.49,FALSE
09/08/2020 23:46:45,0.80,FALSE
09/08/2020 23:46:44,0.53,FALSE
09/08/2020 23:46:43,0.36,FALSE
09/08/2020 23:46:42,0.78,FALSE
09/08/2020 23:46:41,0.86,FALSE
09/08/2020 23:46:40,1.85,FALSE
09/08/2020 23:46:39,1.66,FALSE
09/08/2020 23:46:38,1.04,FALSE
09/08/2020 23:46:37,0.93,FALSE
09/08/2020 23:46:36,0.34,FALSE
09/08/2020 23:46:35,1.95,FALSE
09/08/2020 23:46:34,1.38,FALSE
09/08/2020 23:46:33,0.68,FALSE
09/08/2020 23:46:32,1.09,FALSE
09/08/2020 23:46:31,1.60,FALSE
09/08/2020 23:46:30,0.71,FALSE
09/08/2020 23:46:29,0.37,FALSE
09/08/2020 23:46:28,1.35,FALSE
09/08/2020 23:46:27,1.95,FALSE
09/08/2020 23:46:26,1.23,FALSE
09/08/2020 23:46:25,1.79,FALSE
09/08/2020 23:46:24,1.49,FALSE
09/08/2020 23:46:23,0.98,FALSE
09/08/2020 23:46:22,0.31,FALSE
09/08/2020 23:46:21,1.12,FALSE
09/08/2020 23:46:20,1.06,FALSE
09/08/2020 23:46:19,0.81,FALSE
09/08/2020 23:46:18,1.41,FALSE
09/08/2020 23:46:17,1.25,FALSE
09/08/2020 23:46:16,0.73,FALSE
09/08/2020 23:46:15,0.46,FALSE
09/08/2020 23:46:14,0.53,FALSE
09/08/2020 23:46:13,1.96,FALSE
09/08/2020 23:46:12,0.83,FALSE
09/08/2020 23:46:11,1.07,FALSE
09/08/2020 23:46:10,1.17,FALSE
09/08/2020 23:46:09,1.84,FALSE
09/08/2020 23:46:08,1.07,FALSE
09/08/2020 23:46:07,1.96,FALSE
09/08/2020 23:46:06,1.91,FALSE
09/08/2020 23:46:05,1.64,FALSE
09/08/2020 23:46:04,0.52,FALSE
09/08/2020 23:46:03,0.74,FALSE
09/08/2020 23:46:02,1.40,FALSE
09/08/2020 23:46:01,0.56,FALSE
09/08/2020 23:46:00,0.56,FALSE
09/08/2020 23:45:59,1.61,FALSE
09/08/2020 23:45:58,1.14,FALSE
09/08/2020 23:45:57,1.14,FALSE
09/08/2020 23:45:56,1.67,FALSE
09/08/2020 23:45:55,1.70,FALSE
09/08/2020 23:45:54,0.51,FALSE
09/08/2020 23:45:53,1.83,FALSE
09/08/2020 23:45:52,1.04,FALSE
09/08/2020 23:45:51,0.27,TRUE
09/08/2020 23:45:50,0.47,FALSE
09/08/2020 23:45:49,1.84,FALSE
09/08/2020 23:45:48,0.41,FALSE
09/08/2020 23:45:47,1.76,FALSE
09/08/2020 23:45:46,1.43,FALSE
09/08/2020 23:45:45,1.11,FALSE
09/08/2020 23:45:44,0.49,FALSE
09/08/2020 23:45:43,1.97,FALSE
09/08/2020 23:45:42,0.84,FALSE
09/08/2020 23:45:41,0.88,FALSE
09/08/2020 23:45:40,1.33,FALSE
09/08/2020 23:45:39,1.16,FALSE
09/08/2020 23:45:38,0.37,FALSE
09/08/2020 23:45:37,0.34,FALSE
09/08/2020 23:45:36,1.48,FALSE
09/08/2020 23:45:35,1.60,FALSE
09/08/2020 23:45:34,1.31,FALSE
09/08/2020 23:45:33,0.51,FALSE
09/08/2020 23:45:32,1.96,FALSE
09/08/2020 23:45:31,1.22,FALSE
09/08/2020 23:45:30,1.13,FALSE
09/08/2020 23:45:29,1.87,FALSE
09/08/2020 23:45:28,1.85,FALSE
09/08/2020 23:45:27,1.25,FALSE
09/08/2020 23:45:26,1.85,FALSE
09/08/2020 23:45:25,1.83,FALSE
09/08/2020 23:45:24,0.63,FALSE
09/08/2020 23:45:23,0.59,FALSE
09/08/2020 23:45:22,0.55,FALSE
09/08/2020 23:45:21,1.12,FALSE
09/08/2020 23:45:20,0.97,FALSE
09/08/2020 23:45:19,1.09,FALSE
09/08/2020 23:45:18,1.30,FALSE
09/08/2020 23:45:17,1.23,FALSE
09/08/2020 23:45:16,1.16,FALSE
09/08/2020 23:45:15,1.23,FALSE
09/08/2020 23:45:14,0.84,FALSE
09/08/2020 23:45:13,0.71,FALSE
09/08/2020 23:45:12,1.98,FALSE
09/08/2020 23:45:11,1.05,FALSE
09/08/2020 23:45:10,1.50,FALSE
09/08/2020 23:45:09,1.91,FALSE
09/08/2020 23:45:08,1.43,FALSE
09/08/2020 23:45:07,0.37,FALSE
09/08/2020 23:45:06,0.76,FALSE
09/08/2020 23:45:05,1.94,FALSE
09/08/2020 23:45:04,1.18,FALSE
09/08/2020 23:45:03,1.81,FALSE
09/08/2020 23:45:02,1.55,FALSE
09/08/2020 23:45:01,0.46,FALSE
09/08/2020 23:45:00,3.31,TRUE
