aggregated_time,poids_value,is_anomaly
10/08/2020 00:33:10,3.45,FALSE
10/08/2020 00:33:09,3.97,FALSE
10/08/2020 00:33:08,1.68,FALSE
10/08/2020 00:33:07,2.01,FALSE
10/08/2020 00:33:06,1.07,FALSE
10/08/2020 00:33:05,1.48,FALSE
10/08/2020 00:33:05,4.76,FALSE
10/08/2020 00:33:04,4.51,FALSE
10/08/2020 00:33:03,2.66,FALSE
10/08/2020 00:33:02,4.33,FALSE
10/08/2020 00:33:01,4.09,FALSE
10/08/2020 00:33:00,3.74,FALSE
10/08/2020 00:32:59,4.66,FALSE
10/08/2020 00:32:58,2.88,FALSE
10/08/2020 00:32:57,2.60,FALSE
10/08/2020 00:32:56,8.82,TRUE
10/08/2020 00:32:55,4.72,FALSE
10/08/2020 00:32:54,2.59,FALSE
10/08/2020 00:32:53,1.90,FALSE
10/08/2020 00:32:52,3.82,FALSE
10/08/2020 00:32:51,1.51,FALSE
10/08/2020 00:32:50,4.56,FALSE
10/08/2020 00:32:49,-1.84,TRUE
10/08/2020 00:32:48,1.10,FALSE
10/08/2020 00:32:47,3.05,FALSE
10/08/2020 00:32:46,4.34,FALSE
10/08/2020 00:32:45,1.85,FALSE
10/08/2020 00:32:44,3.96,FALSE
10/08/2020 00:32:43,4.79,FALSE
10/08/2020 00:32:42,3.05,FALSE
10/08/2020 00:32:41,3.16,FALSE
10/08/2020 00:32:40,1.25,FALSE
10/08/2020 00:32:39,3.37,FALSE
10/08/2020 00:32:38,2.65,FALSE
10/08/2020 00:32:37,3.23,FALSE
10/08/2020 00:32:36,4.72,FALSE
10/08/2020 00:32:35,2.28,FALSE
10/08/2020 00:32:34,4.83,FALSE
10/08/2020 00:32:33,3.18,FALSE
10/08/2020 00:32:32,3.43,FALSE
10/08/2020 00:32:31,3.74,FALSE
10/08/2020 00:32:30,4.61,FALSE
10/08/2020 00:32:29,4.67,FALSE
10/08/2020 00:32:28,3.43,FALSE
10/08/2020 00:32:27,3.39,FALSE
10/08/2020 00:32:26,2.86,FALSE
10/08/2020 00:32:25,2.90,FALSE
10/08/2020 00:32:24,4.91,FALSE
10/08/2020 00:32:23,2.47,FALSE
10/08/2020 00:32:22,3.45,FALSE
10/08/2020 00:32:21,4.02,FALSE
10/08/2020 00:32:20,3.71,FALSE
10/08/2020 00:32:19,4.42,FALSE
10/08/2020 00:32:18,3.38,FALSE
10/08/2020 00:32:17,3.09,FALSE
10/08/2020 00:32:16,2.42,FALSE
10/08/2020 00:32:15,1.56,FALSE
10/08/2020 00:32:14,4.12,FALSE
10/08/2020 00:32:13,4.34,FALSE
10/08/2020 00:32:12,3.53,FALSE
10/08/2020 00:32:11,2.39,FALSE
10/08/2020 00:32:10,2.21,FALSE
10/08/2020 00:32:09,3.45,FALSE
10/08/2020 00:32:08,1.95,FALSE
10/08/2020 00:32:07,4.88,FALSE
10/08/2020 00:32:06,1.48,FALSE
10/08/2020 00:32:05,4.13,FALSE
10/08/2020 00:32:04,2.82,FALSE
10/08/2020 00:32:03,2.46,FALSE
10/08/2020 00:32:02,4.46,FALSE
10/08/2020 00:32:01,1.21,FALSE
10/08/2020 00:32:00,2.26,FALSE
10/08/2020 00:31:59,1.11,FALSE
10/08/2020 00:31:58,4.67,FALSE
10/08/2020 00:31:57,1.53,FALSE
10/08/2020 00:31:56,3.44,FALSE
10/08/2020 00:31:55,4.55,FALSE
10/08/2020 00:31:54,3.62,FALSE
10/08/2020 00:31:53,4.25,FALSE
10/08/2020 00:31:52,2.76,FALSE
10/08/2020 00:31:51,3.18,FALSE
10/08/2020 00:31:50,4.65,FALSE
10/08/2020 00:31:49,1.51,FALSE
10/08/2020 00:31:48,1.47,FALSE
10/08/2020 00:31:47,4.08,FALSE
10/08/2020 00:31:46,2.74,FALSE
10/08/2020 00:31:45,1.11,FALSE
10/08/2020 00:31:44,2.51,FALSE
10/08/2020 00:31:43,3.61,FALSE
10/08/2020 00:31:42,1.39,FALSE
10/08/2020 00:31:41,3.39,FALSE
10/08/2020 00:31:40,2.48,FALSE
10/08/2020 00:31:39,3.14,FALSE
10/08/2020 00:31:38,4.86,FALSE
10/08/2020 00:31:37,4.57,FALSE
10/08/2020 00:31:36,3.20,FALSE
10/08/2020 00:31:35,3.08,FALSE
10/08/2020 00:31:34,1.36,FALSE
10/08/2020 00:31:33,1.22,FALSE
10/08/2020 00:31:32,1.55,FALSE
10/08/2020 00:31:31,4.51,FALSE
10/08/2020 00:31:30,3.50,FALSE
10/08/2020 00:31:29,0.60,TRUE
10/08/2020 00:31:28,4.04,FALSE
10/08/2020 00:31:27,2.14,FALSE
10/08/2020 00:31:26,4.16,FALSE
10/08/2020 00:31:25,1.18,FALSE
10/08/2020 00:31:24,3.84,FALSE
10/08/2020 00:31:23,1.14,FALSE
10/08/2020 00:31:22,4.91,FALSE
10/08/2020 00:31:21,2.16,FALSE
10/08/2020 00:31:20,4.01,FALSE
10/08/2020 00:31:19,7.15,TRUE
10/08/2020 00:31:18,1.13,FALSE
10/08/2020 00:31:17,1.24,FALSE
10/08/2020 00:31:16,3.95,FALSE
10/08/2020 00:31:15,2.19,FALSE
10/08/2020 00:31:14,3.93,FALSE
10/08/2020 00:31:13,3.72,FALSE
10/08/2020 00:31:12,4.62,FALSE
10/08/2020 00:31:11,4.63,FALSE
10/08/2020 00:31:10,4.83,FALSE
10/08/2020 00:31:09,3.58,FALSE
10/08/2020 00:31:08,2.48,FALSE
10/08/2020 00:31:07,4.17,FALSE
10/08/2020 00:31:06,1.83,FALSE
10/08/2020 00:31:05,1.62,FALSE
10/08/2020 00:31:04,2.04,FALSE
10/08/2020 00:31:03,1.08,FALSE
10/08/2020 00:31:02,1.28,FALSE
10/08/2020 00:31:01,3.84,FALSE
10/08/2020 00:31:00,4.83,FALSE
10/08/2020 00:30:59,4.78,FALSE
10/08/2020 00:30:58,3.04,FALSE
10/08/2020 00:30:57,1.37,FALSE
10/08/2020 00:30:56,1.78,FALSE
10/08/2020 00:30:55,1.23,FALSE
10/08/2020 00:30:54,2.83,FALSE
10/08/2020 00:30:53,4.49,FALSE
10/08/2020 00:30:52,4.01,FALSE
10/08/2020 00:30:51,3.56,FALSE
10/08/2020 00:30:50,1.85,FALSE
10/08/2020 00:30:49,3.55,FALSE
10/08/2020 00:30:48,4.69,FALSE
10/08/2020 00:30:47,4.29,FALSE
10/08/2020 00:30:46,3.42,FALSE
10/08/2020 00:30:45,3.18,FALSE
10/08/2020 00:30:44,1.64,FALSE
10/08/2020 00:30:43,2.76,FALSE
10/08/2020 00:30:42,1.75,FALSE
10/08/2020 00:30:41,2.81,FALSE
10/08/2020 00:30:40,3.46,FALSE
10/08/2020 00:30:39,2.83,FALSE
10/08/2020 00:30:38,2.15,FALSE
10/08/2020 00:30:37,3.30,FALSE
10/08/2020 00:30:36,3.33,FALSE
10/08/2020 00:30:35,2.05,FALSE
10/08/2020 00:30:34,2.85,FALSE
10/08/2020 00:30:33,1.05,FALSE
10/08/2020 00:30:32,1.15,FALSE
10/08/2020 00:30:31,2.01,FALSE
10/08/2020 00:30:30,3.85,FALSE
10/08/2020 00:30:29,1.20,FALSE
10/08/2020 00:30:28,4.05,FALSE
10/08/2020 00:30:27,1.93,FALSE
10/08/2020 00:30:26,3.19,FALSE
10/08/2020 00:30:25,4.45,FALSE
10/08/2020 00:30:24,3.17,FALSE
10/08/2020 00:30:23,1.37,FALSE
10/08/2020 00:30:22,3.99,FALSE
10/08/2020 00:30:21,4.09,FALSE
10/08/2020 00:30:20,4.59,FALSE
10/08/2020 00:30:19,1.82,FALSE
10/08/2020 00:30:18,3.28,FALSE
10/08/2020 00:30:17,4.72,FALSE
10/08/2020 00:30:16,4.26,FALSE
10/08/2020 00:30:15,1.63,FALSE
10/08/2020 00:30:14,1.59,FALSE
10/08/2020 00:30:13,2.41,FALSE
10/08/2020 00:30:12,-0.45,TRUE
10/08/2020 00:30:11,2.39,FALSE
10/08/2020 00:30:10,4.68,FALSE
10/08/2020 00:30:09,4.81,FALSE
10/08/2020 00:30:08,1.26,FALSE
10/08/2020 00:30:07,3.03,FALSE
10/08/2020 00:30:06,1.71,FALSE
10/08/2020 00:30:05,1.14,FALSE
10/08/2020 00:30:04,-0.91,TRUE
10/08/2020 00:30:03,3.92,FALSE
10/08/2020 00:30:02,1.60,FALSE
10/08/2020 00:30:01,1.28,FALSE
10/08/2020 00:30:00,4.51,FALSE
10/08/2020 00:29:59,4.91,FALSE
10/08/2020 00:29:58,1.26,FALSE
10/08/2020 00:29:57,1.09,FALSE
10/08/2020 00:29:56,2.05,FALSE
10/08/2020 00:29:55,3.51,FALSE
10/08/2020 00:29:54,2.58,FALSE
10/08/2020 00:29:53,2.16,FALSE
10/08/2020 00:29:52,4.44,FALSE
10/08/2020 00:29:51,3.36,FALSE
10/08/2020 00:29:50,8.29,TRUE
10/08/2020 00:29:49,2.29,FALSE
10/08/2020 00:29:48,1.67,FALSE
10/08/2020 00:29:47,4.41,FALSE
10/08/2020 00:29:46,1.97,FALSE
10/08/2020 00:29:46,1.01,FALSE
10/08/2020 00:29:45,2.61,FALSE
10/08/2020 00:29:44,3.09,FALSE
10/08/2020 00:29:43,2.01,FALSE
10/08/2020 00:29:42,2.43,FALSE
10/08/2020 00:29:41,3.47,FALSE
10/08/2020 00:29:40,4.63,FALSE
10/08/2020 00:29:39,1.10,FALSE
10/08/2020 00:29:38,1.07,FALSE
10/08/2020 00:29:37,3.57,FALSE
10/08/2020 00:29:36,1.43,FALSE
10/08/2020 00:29:35,2.33,FALSE
10/08/2020 00:29:34,2.57,FALSE
10/08/2020 00:29:33,7.16,TRUE
10/08/2020 00:29:32,4.85,FALSE
10/08/2020 00:29:31,1.44,FALSE
10/08/2020 00:29:30,2.37,FALSE
10/08/2020 00:29:29,3.10,FALSE
10/08/2020 00:29:28,3.88,FALSE
10/08/2020 00:29:27,2.39,FALSE
10/08/2020 00:29:26,3.96,FALSE
10/08/2020 00:29:25,4.91,FALSE
10/08/2020 00:29:24,4.98,FALSE
10/08/2020 00:29:23,3.76,FALSE
10/08/2020 00:29:22,1.22,FALSE
10/08/2020 00:29:21,1.87,FALSE
10/08/2020 00:29:20,1.40,FALSE
10/08/2020 00:29:19,3.41,FALSE
10/08/2020 00:29:18,0.02,TRUE
10/08/2020 00:29:17,3.48,FALSE
10/08/2020 00:29:16,1.48,FALSE
10/08/2020 00:29:15,2.75,FALSE
10/08/2020 00:29:14,2.84,FALSE
10/08/2020 00:29:13,3.58,FALSE
10/08/2020 00:29:12,3.60,FALSE
10/08/2020 00:29:11,3.78,FALSE
10/08/2020 00:29:10,1.97,FALSE
10/08/2020 00:29:09,4.81,FALSE
10/08/2020 00:29:08,3.97,FALSE
10/08/2020 00:29:07,4.33,FALSE
10/08/2020 00:29:06,4.89,FALSE
10/08/2020 00:29:05,3.03,FALSE
10/08/2020 00:29:04,2.98,FALSE
10/08/2020 00:29:03,4.60,FALSE
10/08/2020 00:29:02,1.47,FALSE
10/08/2020 00:29:01,3.11,FALSE
10/08/2020 00:29:00,1.77,FALSE
10/08/2020 00:28:59,1.56,FALSE
10/08/2020 00:28:58,3.90,FALSE
10/08/2020 00:28:57,4.48,FALSE
10/08/2020 00:28:56,4.07,FALSE
10/08/2020 00:28:55,1.72,FALSE
10/08/2020 00:28:54,1.45,FALSE
10/08/2020 00:28:53,4.16,FALSE
10/08/2020 00:28:52,3.57,FALSE
10/08/2020 00:28:51,2.70,FALSE
10/08/2020 00:28:50,2.29,FALSE
10/08/2020 00:28:49,2.25,FALSE
10/08/2020 00:28:48,1.82,FALSE
10/08/2020 00:28:47,4.65,FALSE
10/08/2020 00:28:46,2.95,FALSE
10/08/2020 00:28:45,2.76,FALSE
10/08/2020 00:28:44,2.14,FALSE
10/08/2020 00:28:43,2.67,FALSE
10/08/2020 00:28:42,1.18,FALSE
10/08/2020 00:28:41,4.57,FALSE
10/08/2020 00:28:40,1.12,FALSE
10/08/2020 00:28:39,1.28,FALSE
10/08/2020 00:28:38,1.22,FALSE
10/08/2020 00:28:37,4.43,FALSE
10/08/2020 00:28:36,3.51,FALSE
10/08/2020 00:28:35,1.80,FALSE
10/08/2020 00:28:34,2.60,FALSE
10/08/2020 00:28:33,2.80,FALSE
10/08/2020 00:28:32,1.51,FALSE
10/08/2020 00:28:31,3.35,FALSE
10/08/2020 00:28:30,2.95,FALSE
10/08/2020 00:28:29,3.63,FALSE
10/08/2020 00:28:28,3.02,FALSE
10/08/2020 00:28:27,2.80,FALSE
10/08/2020 00:28:26,2.89,FALSE
10/08/2020 00:28:25,4.78,FALSE
10/08/2020 00:28:24,3.40,FALSE
10/08/2020 00:28:23,1.99,FALSE
10/08/2020 00:28:22,3.13,FALSE
10/08/2020 00:28:21,2.80,FALSE
10/08/2020 00:28:20,5.32,TRUE
10/08/2020 00:28:19,4.55,FALSE
10/08/2020 00:28:18,4.66,FALSE
10/08/2020 00:28:17,4.41,FALSE
10/08/2020 00:28:16,2.64,FALSE
10/08/2020 00:28:15,4.61,FALSE
10/08/2020 00:28:14,1.83,FALSE
10/08/2020 00:28:13,3.55,FALSE
10/08/2020 00:28:12,2.29,FALSE
10/08/2020 00:28:11,1.51,FALSE
10/08/2020 00:28:10,4.33,FALSE
10/08/2020 00:28:09,2.76,FALSE
10/08/2020 00:28:08,1.42,FALSE
10/08/2020 00:28:07,3.03,FALSE
10/08/2020 00:28:06,3.89,FALSE
10/08/2020 00:28:05,3.40,FALSE
10/08/2020 00:28:04,4.87,FALSE
10/08/2020 00:28:03,3.93,FALSE
10/08/2020 00:28:02,4.70,FALSE
10/08/2020 00:28:01,4.38,FALSE
10/08/2020 00:28:00,3.22,FALSE
10/08/2020 00:27:59,2.90,FALSE
10/08/2020 00:27:58,1.90,FALSE
10/08/2020 00:27:57,4.65,FALSE
10/08/2020 00:27:56,2.76,FALSE
10/08/2020 00:27:55,4.31,FALSE
10/08/2020 00:27:54,2.49,FALSE
10/08/2020 00:27:53,1.52,FALSE
10/08/2020 00:27:52,1.69,FALSE
10/08/2020 00:27:51,1.90,FALSE
10/08/2020 00:27:50,4.71,FALSE
10/08/2020 00:27:49,2.41,FALSE
10/08/2020 00:27:48,4.08,FALSE
10/08/2020 00:27:47,4.09,FALSE
10/08/2020 00:27:46,4.01,FALSE
10/08/2020 00:27:45,1.83,FALSE
10/08/2020 00:27:44,2.88,FALSE
10/08/2020 00:27:43,2.81,FALSE
10/08/2020 00:27:42,4.92,FALSE
10/08/2020 00:27:41,1.73,FALSE
10/08/2020 00:27:40,3.64,FALSE
10/08/2020 00:27:39,4.30,FALSE
10/08/2020 00:27:38,4.21,FALSE
10/08/2020 00:27:37,2.31,FALSE
10/08/2020 00:27:36,4.27,FALSE
10/08/2020 00:27:35,3.13,FALSE
10/08/2020 00:27:34,2.22,FALSE
10/08/2020 00:27:33,1.86,FALSE
10/08/2020 00:27:32,2.59,FALSE
10/08/2020 00:27:31,3.44,FALSE
10/08/2020 00:27:30,3.36,FALSE
10/08/2020 00:27:29,-1.89,TRUE
10/08/2020 00:27:28,3.86,FALSE
10/08/2020 00:27:27,1.21,FALSE
10/08/2020 00:27:26,4.39,FALSE
10/08/2020 00:27:25,1.84,FALSE
10/08/2020 00:27:24,3.44,FALSE
10/08/2020 00:27:23,1.29,FALSE
10/08/2020 00:27:22,4.05,FALSE
10/08/2020 00:27:21,1.25,FALSE
10/08/2020 00:27:20,1.00,FALSE
10/08/2020 00:27:19,4.29,FALSE
10/08/2020 00:27:18,3.27,FALSE
10/08/2020 00:27:17,2.96,FALSE
10/08/2020 00:27:16,2.10,FALSE
10/08/2020 00:27:15,2.94,FALSE
10/08/2020 00:27:14,3.65,FALSE
10/08/2020 00:27:13,4.76,FALSE
10/08/2020 00:27:12,3.63,FALSE
10/08/2020 00:27:11,3.29,FALSE
10/08/2020 00:27:10,4.85,FALSE
10/08/2020 00:27:09,4.67,FALSE
10/08/2020 00:27:08,1.03,FALSE
10/08/2020 00:27:07,1.85,FALSE
10/08/2020 00:27:06,1.33,FALSE
10/08/2020 00:27:05,4.84,FALSE
10/08/2020 00:27:04,4.13,FALSE
10/08/2020 00:27:03,1.33,FALSE
10/08/2020 00:27:02,4.77,FALSE
10/08/2020 00:27:01,3.96,FALSE
10/08/2020 00:27:00,3.89,FALSE
10/08/2020 00:26:59,4.64,FALSE
10/08/2020 00:26:58,3.21,FALSE
10/08/2020 00:26:57,4.43,FALSE
10/08/2020 00:26:56,1.29,FALSE
10/08/2020 00:26:55,1.18,FALSE
10/08/2020 00:26:54,2.08,FALSE
10/08/2020 00:26:53,2.52,FALSE
10/08/2020 00:26:52,4.45,FALSE
10/08/2020 00:26:51,3.77,FALSE
10/08/2020 00:26:50,3.85,FALSE
10/08/2020 00:26:49,1.59,FALSE
10/08/2020 00:26:48,2.76,FALSE
10/08/2020 00:26:47,3.34,FALSE
10/08/2020 00:26:46,2.61,FALSE
10/08/2020 00:26:45,1.92,FALSE
10/08/2020 00:26:44,3.28,FALSE
10/08/2020 00:26:43,4.63,FALSE
10/08/2020 00:26:42,3.41,FALSE
10/08/2020 00:26:41,1.34,FALSE
10/08/2020 00:26:40,2.40,FALSE
10/08/2020 00:26:39,2.79,FALSE
10/08/2020 00:26:38,2.66,FALSE
10/08/2020 00:26:37,1.18,FALSE
10/08/2020 00:26:36,3.43,FALSE
10/08/2020 00:26:35,7.20,TRUE
10/08/2020 00:26:34,4.33,FALSE
10/08/2020 00:26:33,1.36,FALSE
10/08/2020 00:26:32,4.99,FALSE
10/08/2020 00:26:31,2.18,FALSE
10/08/2020 00:26:30,2.70,FALSE
10/08/2020 00:26:29,2.42,FALSE
10/08/2020 00:26:28,2.34,FALSE
10/08/2020 00:26:27,4.41,FALSE
10/08/2020 00:26:27,1.35,FALSE
10/08/2020 00:26:26,3.55,FALSE
10/08/2020 00:26:25,2.31,FALSE
10/08/2020 00:26:24,2.72,FALSE
10/08/2020 00:26:23,-1.29,TRUE
10/08/2020 00:26:22,1.28,FALSE
10/08/2020 00:26:21,4.45,FALSE
10/08/2020 00:26:20,1.68,FALSE
10/08/2020 00:26:19,2.03,FALSE
10/08/2020 00:26:18,4.76,FALSE
10/08/2020 00:26:17,3.02,FALSE
10/08/2020 00:26:16,3.29,FALSE
10/08/2020 00:26:15,3.94,FALSE
10/08/2020 00:26:14,2.36,FALSE
10/08/2020 00:26:13,1.85,FALSE
10/08/2020 00:26:12,2.56,FALSE
10/08/2020 00:26:11,2.84,FALSE
10/08/2020 00:26:10,2.29,FALSE
10/08/2020 00:26:09,4.71,FALSE
10/08/2020 00:26:08,4.93,FALSE
10/08/2020 00:26:07,1.11,FALSE
10/08/2020 00:26:06,2.18,FALSE
10/08/2020 00:26:05,4.74,FALSE
10/08/2020 00:26:04,3.46,FALSE
10/08/2020 00:26:03,3.62,FALSE
10/08/2020 00:26:02,3.63,FALSE
10/08/2020 00:26:01,3.16,FALSE
10/08/2020 00:26:00,3.34,FALSE
10/08/2020 00:25:59,4.02,FALSE
10/08/2020 00:25:58,1.45,FALSE
10/08/2020 00:25:57,2.85,FALSE
10/08/2020 00:25:56,1.14,FALSE
10/08/2020 00:25:55,3.40,FALSE
10/08/2020 00:25:54,4.07,FALSE
10/08/2020 00:25:53,2.97,FALSE
10/08/2020 00:25:52,3.16,FALSE
10/08/2020 00:25:51,3.85,FALSE
10/08/2020 00:25:50,2.71,FALSE
10/08/2020 00:25:49,2.35,FALSE
10/08/2020 00:25:48,1.87,FALSE
10/08/2020 00:25:47,4.71,FALSE
10/08/2020 00:25:46,2.78,FALSE
10/08/2020 00:25:45,4.32,FALSE
10/08/2020 00:25:44,2.26,FALSE
10/08/2020 00:25:43,3.29,FALSE
10/08/2020 00:25:42,4.81,FALSE
10/08/2020 00:25:41,3.29,FALSE
10/08/2020 00:25:40,4.58,FALSE
10/08/2020 00:25:39,4.17,FALSE
10/08/2020 00:25:38,2.23,FALSE
10/08/2020 00:25:37,0.40,TRUE
10/08/2020 00:25:36,2.68,FALSE
10/08/2020 00:25:35,1.80,FALSE
10/08/2020 00:25:34,1.63,FALSE
10/08/2020 00:25:33,4.85,FALSE
10/08/2020 00:25:32,3.54,FALSE
10/08/2020 00:25:31,1.23,FALSE
10/08/2020 00:25:30,4.36,FALSE
10/08/2020 00:25:29,3.65,FALSE
10/08/2020 00:25:28,2.82,FALSE
10/08/2020 00:25:27,1.26,FALSE
10/08/2020 00:25:26,2.21,FALSE
10/08/2020 00:25:25,3.06,FALSE
10/08/2020 00:25:24,1.41,FALSE
10/08/2020 00:25:23,3.29,FALSE
10/08/2020 00:25:22,4.19,FALSE
10/08/2020 00:25:21,1.14,FALSE
10/08/2020 00:25:20,2.86,FALSE
10/08/2020 00:25:19,3.83,FALSE
10/08/2020 00:25:18,3.65,FALSE
10/08/2020 00:25:17,1.86,FALSE
10/08/2020 00:25:16,1.84,FALSE
10/08/2020 00:25:15,1.38,FALSE
10/08/2020 00:25:14,4.77,FALSE
10/08/2020 00:25:13,8.58,TRUE
10/08/2020 00:25:12,2.36,FALSE
10/08/2020 00:25:11,2.67,FALSE
10/08/2020 00:25:10,1.04,FALSE
10/08/2020 00:25:09,3.69,FALSE
10/08/2020 00:25:08,1.87,FALSE
10/08/2020 00:25:07,4.12,FALSE
10/08/2020 00:25:06,3.58,FALSE
10/08/2020 00:25:05,1.28,FALSE
10/08/2020 00:25:04,2.68,FALSE
10/08/2020 00:25:03,2.45,FALSE
10/08/2020 00:25:02,3.12,FALSE
10/08/2020 00:25:01,4.23,FALSE
10/08/2020 00:25:00,4.77,FALSE
10/08/2020 00:24:59,2.65,FALSE
10/08/2020 00:24:58,4.43,FALSE
10/08/2020 00:24:57,4.65,FALSE
10/08/2020 00:24:56,2.97,FALSE
10/08/2020 00:24:55,2.72,FALSE
10/08/2020 00:24:54,1.17,FALSE
10/08/2020 00:24:53,2.16,FALSE
10/08/2020 00:24:52,3.92,FALSE
10/08/2020 00:24:51,3.40,FALSE
10/08/2020 00:24:50,4.57,FALSE
10/08/2020 00:24:49,4.61,FALSE
10/08/2020 00:24:48,4.17,FALSE
10/08/2020 00:24:47,4.35,FALSE
10/08/2020 00:24:46,4.57,FALSE
10/08/2020 00:24:45,4.47,FALSE
10/08/2020 00:24:44,4.47,FALSE
10/08/2020 00:24:43,3.67,FALSE
10/08/2020 00:24:42,3.79,FALSE
10/08/2020 00:24:41,2.46,FALSE
10/08/2020 00:24:40,2.16,FALSE
10/08/2020 00:24:39,3.26,FALSE
10/08/2020 00:24:38,2.22,FALSE
10/08/2020 00:24:37,1.03,FALSE
10/08/2020 00:24:36,1.02,FALSE
10/08/2020 00:24:35,3.36,FALSE
10/08/2020 00:24:34,1.11,FALSE
10/08/2020 00:24:33,4.12,FALSE
10/08/2020 00:24:32,4.64,FALSE
10/08/2020 00:24:31,2.31,FALSE
10/08/2020 00:24:30,4.44,FALSE
10/08/2020 00:24:29,3.27,FALSE
10/08/2020 00:24:28,1.21,FALSE
10/08/2020 00:24:27,3.55,FALSE
10/08/2020 00:24:26,0.51,TRUE
10/08/2020 00:24:25,4.15,FALSE
10/08/2020 00:24:24,4.95,FALSE
10/08/2020 00:24:23,2.69,FALSE
10/08/2020 00:24:22,4.37,FALSE
10/08/2020 00:24:21,2.05,FALSE
10/08/2020 00:24:20,2.01,FALSE
10/08/2020 00:24:19,1.35,FALSE
10/08/2020 00:24:18,1.41,FALSE
10/08/2020 00:24:17,4.88,FALSE
10/08/2020 00:24:16,3.77,FALSE
10/08/2020 00:24:15,1.32,FALSE
10/08/2020 00:24:14,4.00,FALSE
10/08/2020 00:24:13,2.98,FALSE
10/08/2020 00:24:12,2.75,FALSE
10/08/2020 00:24:11,3.37,FALSE
10/08/2020 00:24:10,1.34,FALSE
10/08/2020 00:24:09,3.69,FALSE
10/08/2020 00:24:08,1.62,FALSE
10/08/2020 00:24:07,4.94,FALSE
10/08/2020 00:24:06,3.25,FALSE
10/08/2020 00:24:05,4.87,FALSE
10/08/2020 00:24:04,1.70,FALSE
10/08/2020 00:24:03,1.58,FALSE
10/08/2020 00:24:02,2.55,FALSE
10/08/2020 00:24:01,2.90,FALSE
10/08/2020 00:24:00,3.73,FALSE
10/08/2020 00:23:59,2.69,FALSE
10/08/2020 00:23:58,3.92,FALSE
10/08/2020 00:23:57,3.67,FALSE
10/08/2020 00:23:56,1.34,FALSE
10/08/2020 00:23:55,3.57,FALSE
10/08/2020 00:23:54,1.97,FALSE
10/08/2020 00:23:53,1.75,FALSE
10/08/2020 00:23:52,4.93,FALSE
10/08/2020 00:23:51,2.61,FALSE
10/08/2020 00:23:50,4.64,FALSE
10/08/2020 00:23:49,4.44,FALSE
10/08/2020 00:23:48,1.42,FALSE
10/08/2020 00:23:47,3.01,FALSE
10/08/2020 00:23:46,2.67,FALSE
10/08/2020 00:23:45,4.18,FALSE
10/08/2020 00:23:44,1.76,FALSE
10/08/2020 00:23:43,3.02,FALSE
10/08/2020 00:23:42,2.37,FALSE
10/08/2020 00:23:41,1.27,FALSE
10/08/2020 00:23:40,4.10,FALSE
10/08/2020 00:23:39,3.63,FALSE
10/08/2020 00:23:38,4.41,FALSE
10/08/2020 00:23:37,2.88,FALSE
10/08/2020 00:23:36,2.04,FALSE
10/08/2020 00:23:35,4.72,FALSE
10/08/2020 00:23:34,1.23,FALSE
10/08/2020 00:23:33,2.03,FALSE
10/08/2020 00:23:32,4.14,FALSE
10/08/2020 00:23:31,4.81,FALSE
10/08/2020 00:23:30,2.59,FALSE
10/08/2020 00:23:29,3.76,FALSE
10/08/2020 00:23:28,3.30,FALSE
10/08/2020 00:23:27,2.87,FALSE
10/08/2020 00:23:26,3.57,FALSE
10/08/2020 00:23:25,2.93,FALSE
10/08/2020 00:23:24,3.97,FALSE
10/08/2020 00:23:23,3.42,FALSE
10/08/2020 00:23:22,4.01,FALSE
10/08/2020 00:23:21,4.35,FALSE
10/08/2020 00:23:20,3.42,FALSE
10/08/2020 00:23:19,2.33,FALSE
10/08/2020 00:23:18,1.56,FALSE
10/08/2020 00:23:17,4.03,FALSE
10/08/2020 00:23:16,4.56,FALSE
10/08/2020 00:23:15,1.71,FALSE
10/08/2020 00:23:14,4.56,FALSE
10/08/2020 00:23:13,2.99,FALSE
10/08/2020 00:23:12,2.98,FALSE
10/08/2020 00:23:11,2.03,FALSE
10/08/2020 00:23:10,2.50,FALSE
10/08/2020 00:23:09,4.80,FALSE
10/08/2020 00:23:08,2.83,FALSE
10/08/2020 00:23:08,3.53,FALSE
10/08/2020 00:23:07,3.14,FALSE
10/08/2020 00:23:06,3.91,FALSE
10/08/2020 00:23:05,2.42,FALSE
10/08/2020 00:23:04,1.49,FALSE
10/08/2020 00:23:03,4.50,FALSE
10/08/2020 00:23:02,1.88,FALSE
10/08/2020 00:23:01,2.58,FALSE
10/08/2020 00:23:00,2.30,FALSE
10/08/2020 00:22:59,4.46,FALSE
10/08/2020 00:22:58,4.81,FALSE
10/08/2020 00:22:57,1.91,FALSE
10/08/2020 00:22:56,1.41,FALSE
10/08/2020 00:22:55,1.78,FALSE
10/08/2020 00:22:54,4.47,FALSE
10/08/2020 00:22:53,4.44,FALSE
10/08/2020 00:22:52,2.19,FALSE
10/08/2020 00:22:51,1.14,FALSE
10/08/2020 00:22:50,2.41,FALSE
10/08/2020 00:22:49,1.93,FALSE
10/08/2020 00:22:48,2.94,FALSE
10/08/2020 00:22:47,3.20,FALSE
10/08/2020 00:22:46,4.84,FALSE
10/08/2020 00:22:45,3.10,FALSE
10/08/2020 00:22:44,3.76,FALSE
10/08/2020 00:22:43,4.15,FALSE
10/08/2020 00:22:42,4.49,FALSE
10/08/2020 00:22:41,3.44,FALSE
10/08/2020 00:22:40,2.46,FALSE
10/08/2020 00:22:39,2.42,FALSE
10/08/2020 00:22:38,3.81,FALSE
10/08/2020 00:22:37,4.48,FALSE
10/08/2020 00:22:36,4.37,FALSE
10/08/2020 00:22:35,2.05,FALSE
10/08/2020 00:22:34,2.07,FALSE
10/08/2020 00:22:33,3.08,FALSE
10/08/2020 00:22:32,4.25,FALSE
10/08/2020 00:22:31,3.62,FALSE
10/08/2020 00:22:30,4.91,FALSE
10/08/2020 00:22:29,1.75,FALSE
10/08/2020 00:22:28,2.15,FALSE
10/08/2020 00:22:27,4.98,FALSE
10/08/2020 00:22:26,4.14,FALSE
10/08/2020 00:22:25,-0.21,TRUE
10/08/2020 00:22:24,1.79,FALSE
10/08/2020 00:22:23,2.54,FALSE
10/08/2020 00:22:22,3.56,FALSE
10/08/2020 00:22:21,4.24,FALSE
10/08/2020 00:22:20,4.77,FALSE
10/08/2020 00:22:19,2.73,FALSE
10/08/2020 00:22:18,2.42,FALSE
10/08/2020 00:22:17,2.42,FALSE
10/08/2020 00:22:16,3.64,FALSE
10/08/2020 00:22:15,3.84,FALSE
10/08/2020 00:22:14,3.11,FALSE
10/08/2020 00:22:13,1.34,FALSE
10/08/2020 00:22:12,4.74,FALSE
10/08/2020 00:22:11,4.31,FALSE
10/08/2020 00:22:10,3.06,FALSE
10/08/2020 00:22:09,1.48,FALSE
10/08/2020 00:22:08,4.46,FALSE
10/08/2020 00:22:07,2.77,FALSE
10/08/2020 00:22:06,3.06,FALSE
10/08/2020 00:22:05,2.06,FALSE
10/08/2020 00:22:04,1.41,FALSE
10/08/2020 00:22:03,4.09,FALSE
10/08/2020 00:22:02,2.28,FALSE
10/08/2020 00:22:01,2.82,FALSE
10/08/2020 00:22:00,3.50,FALSE
10/08/2020 00:21:59,3.03,FALSE
10/08/2020 00:21:58,1.88,FALSE
10/08/2020 00:21:57,1.36,FALSE
10/08/2020 00:21:56,2.79,FALSE
10/08/2020 00:21:55,5.00,FALSE
10/08/2020 00:21:54,1.26,FALSE
10/08/2020 00:21:53,3.93,FALSE
10/08/2020 00:21:52,3.04,FALSE
10/08/2020 00:21:51,4.97,FALSE
10/08/2020 00:21:50,1.99,FALSE
10/08/2020 00:21:49,4.64,FALSE
10/08/2020 00:21:48,1.17,FALSE
10/08/2020 00:21:47,2.58,FALSE
10/08/2020 00:21:46,2.84,FALSE
10/08/2020 00:21:45,4.92,FALSE
10/08/2020 00:21:44,3.05,FALSE
10/08/2020 00:21:43,2.09,FALSE
10/08/2020 00:21:42,1.89,FALSE
10/08/2020 00:21:41,2.45,FALSE
10/08/2020 00:21:40,3.01,FALSE
10/08/2020 00:21:39,2.91,FALSE
10/08/2020 00:21:38,2.12,FALSE
10/08/2020 00:21:37,2.74,FALSE
10/08/2020 00:21:36,4.63,FALSE
10/08/2020 00:21:35,2.52,FALSE
10/08/2020 00:21:34,3.45,FALSE
10/08/2020 00:21:33,2.81,FALSE
10/08/2020 00:21:32,1.45,FALSE
10/08/2020 00:21:31,1.14,FALSE
10/08/2020 00:21:30,4.52,FALSE
10/08/2020 00:21:29,3.18,FALSE
10/08/2020 00:21:28,2.96,FALSE
10/08/2020 00:21:27,3.08,FALSE
10/08/2020 00:21:26,1.69,FALSE
10/08/2020 00:21:25,4.64,FALSE
10/08/2020 00:21:24,3.41,FALSE
10/08/2020 00:21:23,1.32,FALSE
10/08/2020 00:21:22,4.53,FALSE
10/08/2020 00:21:21,1.08,FALSE
10/08/2020 00:21:20,4.02,FALSE
10/08/2020 00:21:19,4.61,FALSE
10/08/2020 00:21:18,2.68,FALSE
10/08/2020 00:21:17,2.28,FALSE
10/08/2020 00:21:16,1.42,FALSE
10/08/2020 00:21:15,1.26,FALSE
10/08/2020 00:21:14,1.44,FALSE
10/08/2020 00:21:13,1.04,FALSE
10/08/2020 00:21:12,3.85,FALSE
10/08/2020 00:21:11,6.67,TRUE
10/08/2020 00:21:10,4.50,FALSE
10/08/2020 00:21:09,1.22,FALSE
10/08/2020 00:21:08,4.53,FALSE
10/08/2020 00:21:07,1.74,FALSE
10/08/2020 00:21:06,2.74,FALSE
10/08/2020 00:21:05,1.56,FALSE
10/08/2020 00:21:04,2.21,FALSE
10/08/2020 00:21:03,3.51,FALSE
10/08/2020 00:21:02,1.15,FALSE
10/08/2020 00:21:01,3.70,FALSE
10/08/2020 00:21:00,3.15,FALSE
10/08/2020 00:20:59,2.79,FALSE
10/08/2020 00:20:58,2.60,FALSE
10/08/2020 00:20:57,4.80,FALSE
10/08/2020 00:20:56,4.62,FALSE
10/08/2020 00:20:55,3.81,FALSE
10/08/2020 00:20:54,4.86,FALSE
10/08/2020 00:20:53,1.57,FALSE
10/08/2020 00:20:52,3.92,FALSE
10/08/2020 00:20:51,1.21,FALSE
10/08/2020 00:20:50,4.83,FALSE
10/08/2020 00:20:49,1.60,FALSE
10/08/2020 00:20:48,2.74,FALSE
10/08/2020 00:20:47,2.29,FALSE
10/08/2020 00:20:46,1.55,FALSE
10/08/2020 00:20:45,4.41,FALSE
10/08/2020 00:20:44,3.74,FALSE
10/08/2020 00:20:43,4.81,FALSE
10/08/2020 00:20:42,2.45,FALSE
10/08/2020 00:20:41,3.10,FALSE
10/08/2020 00:20:40,4.09,FALSE
10/08/2020 00:20:39,1.99,FALSE
10/08/2020 00:20:38,1.63,FALSE
10/08/2020 00:20:37,1.96,FALSE
10/08/2020 00:20:36,1.36,FALSE
10/08/2020 00:20:35,3.20,FALSE
10/08/2020 00:20:34,1.15,FALSE
10/08/2020 00:20:33,3.29,FALSE
10/08/2020 00:20:32,1.43,FALSE
10/08/2020 00:20:31,2.41,FALSE
10/08/2020 00:20:30,1.60,FALSE
10/08/2020 00:20:29,1.10,FALSE
10/08/2020 00:20:28,1.25,FALSE
10/08/2020 00:20:27,-1.44,TRUE
10/08/2020 00:20:26,3.34,FALSE
10/08/2020 00:20:25,3.24,FALSE
10/08/2020 00:20:24,3.23,FALSE
10/08/2020 00:20:23,2.15,FALSE
10/08/2020 00:20:22,2.48,FALSE
10/08/2020 00:20:21,3.00,FALSE
10/08/2020 00:20:20,1.15,FALSE
10/08/2020 00:20:19,1.79,FALSE
10/08/2020 00:20:18,2.45,FALSE
10/08/2020 00:20:17,2.56,FALSE
10/08/2020 00:20:16,1.85,FALSE
10/08/2020 00:20:15,2.09,FALSE
10/08/2020 00:20:14,4.17,FALSE
10/08/2020 00:20:13,4.57,FALSE
10/08/2020 00:20:12,3.81,FALSE
10/08/2020 00:20:11,2.89,FALSE
10/08/2020 00:20:10,2.36,FALSE
10/08/2020 00:20:09,3.61,FALSE
10/08/2020 00:20:08,1.68,FALSE
10/08/2020 00:20:07,4.47,FALSE
10/08/2020 00:20:06,2.34,FALSE
10/08/2020 00:20:05,2.71,FALSE
10/08/2020 00:20:04,1.05,FALSE
10/08/2020 00:20:03,3.57,FALSE
10/08/2020 00:20:02,2.09,FALSE
10/08/2020 00:20:01,2.38,FALSE
10/08/2020 00:20:00,1.17,FALSE
10/08/2020 00:19:59,2.20,FALSE
10/08/2020 00:19:58,1.16,FALSE
10/08/2020 00:19:57,2.33,FALSE
10/08/2020 00:19:56,4.70,FALSE
10/08/2020 00:19:55,1.98,FALSE
10/08/2020 00:19:54,1.69,FALSE
10/08/2020 00:19:53,2.01,FALSE
10/08/2020 00:19:52,4.10,FALSE
10/08/2020 00:19:51,3.36,FALSE
10/08/2020 00:19:50,1.46,FALSE
10/08/2020 00:19:49,3.15,FALSE
10/08/2020 00:19:49,4.73,FALSE
10/08/2020 00:19:48,1.63,FALSE
10/08/2020 00:19:47,1.71,FALSE
10/08/2020 00:19:46,3.45,FALSE
10/08/2020 00:19:45,3.34,FALSE
10/08/2020 00:19:44,4.39,FALSE
10/08/2020 00:19:43,2.01,FALSE
10/08/2020 00:19:42,3.82,FALSE
10/08/2020 00:19:41,1.83,FALSE
10/08/2020 00:19:40,4.00,FALSE
10/08/2020 00:19:39,3.13,FALSE
10/08/2020 00:19:38,3.05,FALSE
10/08/2020 00:19:37,4.02,FALSE
10/08/2020 00:19:36,1.40,FALSE
10/08/2020 00:19:35,4.51,FALSE
10/08/2020 00:19:34,4.30,FALSE
10/08/2020 00:19:33,4.00,FALSE
10/08/2020 00:19:32,2.15,FALSE
10/08/2020 00:19:31,3.29,FALSE
10/08/2020 00:19:30,1.43,FALSE
10/08/2020 00:19:29,4.62,FALSE
10/08/2020 00:19:28,3.68,FALSE
10/08/2020 00:19:27,2.17,FALSE
10/08/2020 00:19:26,2.01,FALSE
10/08/2020 00:19:25,3.16,FALSE
10/08/2020 00:19:24,2.53,FALSE
10/08/2020 00:19:23,4.75,FALSE
10/08/2020 00:19:22,3.61,FALSE
10/08/2020 00:19:21,3.65,FALSE
10/08/2020 00:19:20,2.95,FALSE
10/08/2020 00:19:19,3.53,FALSE
10/08/2020 00:19:18,3.27,FALSE
10/08/2020 00:19:17,2.27,FALSE
10/08/2020 00:19:16,3.92,FALSE
10/08/2020 00:19:15,2.68,FALSE
10/08/2020 00:19:14,4.14,FALSE
10/08/2020 00:19:13,4.09,FALSE
10/08/2020 00:19:12,4.80,FALSE
10/08/2020 00:19:11,1.16,FALSE
10/08/2020 00:19:10,2.81,FALSE
10/08/2020 00:19:09,1.96,FALSE
10/08/2020 00:19:08,4.85,FALSE
10/08/2020 00:19:07,4.26,FALSE
10/08/2020 00:19:06,2.86,FALSE
10/08/2020 00:19:05,4.46,FALSE
10/08/2020 00:19:04,2.27,FALSE
10/08/2020 00:19:03,4.92,FALSE
10/08/2020 00:19:02,3.45,FALSE
10/08/2020 00:19:01,1.63,FALSE
10/08/2020 00:19:00,2.28,FALSE
10/08/2020 00:18:59,3.59,FALSE
10/08/2020 00:18:58,4.55,FALSE
10/08/2020 00:18:57,2.14,FALSE
10/08/2020 00:18:56,1.15,FALSE
10/08/2020 00:18:55,2.40,FALSE
10/08/2020 00:18:54,1.33,FALSE
10/08/2020 00:18:53,1.96,FALSE
10/08/2020 00:18:52,2.10,FALSE
10/08/2020 00:18:51,1.57,FALSE
10/08/2020 00:18:50,2.65,FALSE
10/08/2020 00:18:49,1.28,FALSE
10/08/2020 00:18:48,1.65,FALSE
10/08/2020 00:18:47,1.31,FALSE
10/08/2020 00:18:46,4.26,FALSE
10/08/2020 00:18:45,1.92,FALSE
10/08/2020 00:18:44,1.53,FALSE
10/08/2020 00:18:43,2.66,FALSE
10/08/2020 00:18:42,1.76,FALSE
10/08/2020 00:18:41,2.57,FALSE
10/08/2020 00:18:40,1.84,FALSE
10/08/2020 00:18:39,4.30,FALSE
10/08/2020 00:18:38,1.64,FALSE
10/08/2020 00:18:37,3.89,FALSE
10/08/2020 00:18:36,1.08,FALSE
10/08/2020 00:18:35,3.14,FALSE
10/08/2020 00:18:34,4.27,FALSE
10/08/2020 00:18:33,2.83,FALSE
10/08/2020 00:18:32,3.37,FALSE
10/08/2020 00:18:31,4.19,FALSE
10/08/2020 00:18:30,4.87,FALSE
10/08/2020 00:18:29,3.78,FALSE
10/08/2020 00:18:28,4.01,FALSE
10/08/2020 00:18:27,4.04,FALSE
10/08/2020 00:18:26,2.63,FALSE
10/08/2020 00:18:25,4.16,FALSE
10/08/2020 00:18:24,1.11,FALSE
10/08/2020 00:18:23,2.73,FALSE
10/08/2020 00:18:22,-2.04,TRUE
10/08/2020 00:18:21,4.33,FALSE
10/08/2020 00:18:20,4.96,FALSE
10/08/2020 00:18:19,4.63,FALSE
10/08/2020 00:18:18,3.89,FALSE
10/08/2020 00:18:17,3.35,FALSE
10/08/2020 00:18:16,4.21,FALSE
10/08/2020 00:18:15,4.34,FALSE
10/08/2020 00:18:14,2.47,FALSE
10/08/2020 00:18:13,2.43,FALSE
10/08/2020 00:18:12,1.98,FALSE
10/08/2020 00:18:11,3.72,FALSE
10/08/2020 00:18:10,3.34,FALSE
10/08/2020 00:18:09,4.83,FALSE
10/08/2020 00:18:08,1.63,FALSE
10/08/2020 00:18:07,4.46,FALSE
10/08/2020 00:18:06,3.40,FALSE
10/08/2020 00:18:05,1.27,FALSE
10/08/2020 00:18:04,1.34,FALSE
10/08/2020 00:18:03,4.52,FALSE
10/08/2020 00:18:02,4.67,FALSE
10/08/2020 00:18:01,3.31,FALSE
10/08/2020 00:18:00,4.73,FALSE
10/08/2020 00:17:59,3.62,FALSE
10/08/2020 00:17:58,3.66,FALSE
10/08/2020 00:17:57,4.87,FALSE
10/08/2020 00:17:56,4.20,FALSE
10/08/2020 00:17:55,3.73,FALSE
10/08/2020 00:17:54,5.50,TRUE
10/08/2020 00:17:53,2.92,FALSE
10/08/2020 00:17:52,2.54,FALSE
10/08/2020 00:17:51,2.04,FALSE
10/08/2020 00:17:50,3.83,FALSE
10/08/2020 00:17:49,2.26,FALSE
10/08/2020 00:17:48,3.80,FALSE
10/08/2020 00:17:47,3.29,FALSE
10/08/2020 00:17:46,3.75,FALSE
10/08/2020 00:17:45,2.37,FALSE
10/08/2020 00:17:44,3.27,FALSE
10/08/2020 00:17:43,2.89,FALSE
10/08/2020 00:17:42,4.27,FALSE
10/08/2020 00:17:41,4.39,FALSE
10/08/2020 00:17:40,4.54,FALSE
10/08/2020 00:17:39,2.13,FALSE
10/08/2020 00:17:38,1.60,FALSE
10/08/2020 00:17:37,1.94,FALSE
10/08/2020 00:17:36,1.78,FALSE
10/08/2020 00:17:35,2.40,FALSE
10/08/2020 00:17:34,1.11,FALSE
10/08/2020 00:17:33,4.52,FALSE
10/08/2020 00:17:32,1.95,FALSE
10/08/2020 00:17:31,2.75,FALSE
10/08/2020 00:17:30,2.43,FALSE
10/08/2020 00:17:29,4.99,FALSE
10/08/2020 00:17:28,4.32,FALSE
10/08/2020 00:17:27,4.97,FALSE
10/08/2020 00:17:26,2.89,FALSE
10/08/2020 00:17:25,1.44,FALSE
10/08/2020 00:17:24,3.39,FALSE
10/08/2020 00:17:23,3.50,FALSE
10/08/2020 00:17:22,2.34,FALSE
10/08/2020 00:17:21,2.84,FALSE
10/08/2020 00:17:20,4.32,FALSE
10/08/2020 00:17:19,1.99,FALSE
10/08/2020 00:17:18,1.09,FALSE
10/08/2020 00:17:17,2.34,FALSE
10/08/2020 00:17:16,2.09,FALSE
10/08/2020 00:17:15,1.96,FALSE
10/08/2020 00:17:14,2.37,FALSE
10/08/2020 00:17:13,3.69,FALSE
10/08/2020 00:17:12,4.77,FALSE
10/08/2020 00:17:11,2.66,FALSE
10/08/2020 00:17:10,1.39,FALSE
10/08/2020 00:17:09,2.11,FALSE
10/08/2020 00:17:08,2.44,FALSE
10/08/2020 00:17:07,3.49,FALSE
10/08/2020 00:17:06,2.82,FALSE
10/08/2020 00:17:05,0.74,TRUE
10/08/2020 00:17:04,3.84,FALSE
10/08/2020 00:17:03,4.21,FALSE
10/08/2020 00:17:02,3.05,FALSE
10/08/2020 00:17:01,2.44,FALSE
10/08/2020 00:17:00,2.11,FALSE
10/08/2020 00:16:59,4.10,FALSE
10/08/2020 00:16:58,1.20,FALSE
10/08/2020 00:16:57,4.22,FALSE
10/08/2020 00:16:56,4.43,FALSE
10/08/2020 00:16:55,3.99,FALSE
10/08/2020 00:16:54,4.51,FALSE
10/08/2020 00:16:53,2.73,FALSE
10/08/2020 00:16:52,1.19,FALSE
10/08/2020 00:16:51,3.68,FALSE
10/08/2020 00:16:50,2.19,FALSE
10/08/2020 00:16:49,4.79,FALSE
10/08/2020 00:16:48,1.99,FALSE
10/08/2020 00:16:47,5.00,FALSE
10/08/2020 00:16:46,1.06,FALSE
10/08/2020 00:16:45,1.93,FALSE
10/08/2020 00:16:44,4.23,FALSE
10/08/2020 00:16:43,3.78,FALSE
10/08/2020 00:16:42,2.98,FALSE
10/08/2020 00:16:41,1.63,FALSE
10/08/2020 00:16:40,4.62,FALSE
10/08/2020 00:16:39,4.04,FALSE
10/08/2020 00:16:38,2.16,FALSE
10/08/2020 00:16:37,3.47,FALSE
10/08/2020 00:16:36,4.81,FALSE
10/08/2020 00:16:35,2.37,FALSE
10/08/2020 00:16:34,2.76,FALSE
10/08/2020 00:16:33,3.73,FALSE
10/08/2020 00:16:32,4.63,FALSE
10/08/2020 00:16:31,1.53,FALSE
10/08/2020 00:16:30,4.72,FALSE
10/08/2020 00:16:30,1.56,FALSE
10/08/2020 00:16:29,4.64,FALSE
10/08/2020 00:16:28,2.85,FALSE
10/08/2020 00:16:27,3.21,FALSE
10/08/2020 00:16:26,3.51,FALSE
10/08/2020 00:16:25,4.04,FALSE
10/08/2020 00:16:24,3.06,FALSE
10/08/2020 00:16:23,3.07,FALSE
10/08/2020 00:16:22,0.61,TRUE
10/08/2020 00:16:21,2.69,FALSE
10/08/2020 00:16:20,4.58,FALSE
10/08/2020 00:16:19,4.49,FALSE
10/08/2020 00:16:18,4.36,FALSE
10/08/2020 00:16:17,2.21,FALSE
10/08/2020 00:16:16,4.62,FALSE
10/08/2020 00:16:15,2.72,FALSE
10/08/2020 00:16:14,1.43,FALSE
10/08/2020 00:16:13,4.21,FALSE
10/08/2020 00:16:12,3.76,FALSE
10/08/2020 00:16:11,2.62,FALSE
10/08/2020 00:16:10,2.92,FALSE
10/08/2020 00:16:09,4.78,FALSE
10/08/2020 00:16:08,1.04,FALSE
10/08/2020 00:16:07,2.43,FALSE
10/08/2020 00:16:06,4.41,FALSE
10/08/2020 00:16:05,4.71,FALSE
10/08/2020 00:16:04,4.92,FALSE
10/08/2020 00:16:03,2.39,FALSE
10/08/2020 00:16:02,4.49,FALSE
10/08/2020 00:16:01,2.22,FALSE
10/08/2020 00:16:00,1.07,FALSE
10/08/2020 00:15:59,1.22,FALSE
10/08/2020 00:15:58,4.52,FALSE
10/08/2020 00:15:57,4.27,FALSE
10/08/2020 00:15:56,4.66,FALSE
10/08/2020 00:15:55,5.00,FALSE
10/08/2020 00:15:54,3.34,FALSE
10/08/2020 00:15:53,4.51,FALSE
10/08/2020 00:15:52,2.37,FALSE
10/08/2020 00:15:51,4.82,FALSE
10/08/2020 00:15:50,3.49,FALSE
10/08/2020 00:15:49,3.80,FALSE
10/08/2020 00:15:48,4.20,FALSE
10/08/2020 00:15:47,2.27,FALSE
10/08/2020 00:15:46,3.97,FALSE
10/08/2020 00:15:45,3.11,FALSE
10/08/2020 00:15:44,3.43,FALSE
10/08/2020 00:15:43,4.61,FALSE
10/08/2020 00:15:42,2.38,FALSE
10/08/2020 00:15:41,2.38,FALSE
10/08/2020 00:15:40,4.41,FALSE
10/08/2020 00:15:39,1.71,FALSE
10/08/2020 00:15:38,7.15,TRUE
10/08/2020 00:15:37,2.93,FALSE
10/08/2020 00:15:36,1.76,FALSE
10/08/2020 00:15:35,2.88,FALSE
10/08/2020 00:15:34,4.62,FALSE
10/08/2020 00:15:33,1.81,FALSE
10/08/2020 00:15:32,4.60,FALSE
10/08/2020 00:15:31,3.47,FALSE
10/08/2020 00:15:30,1.82,FALSE
10/08/2020 00:15:29,4.78,FALSE
10/08/2020 00:15:28,3.13,FALSE
10/08/2020 00:15:27,4.62,FALSE
10/08/2020 00:15:26,4.67,FALSE
10/08/2020 00:15:25,2.20,FALSE
10/08/2020 00:15:24,1.04,FALSE
10/08/2020 00:15:23,4.25,FALSE
10/08/2020 00:15:22,4.59,FALSE
10/08/2020 00:15:21,3.46,FALSE
10/08/2020 00:15:20,2.86,FALSE
10/08/2020 00:15:19,2.29,FALSE
10/08/2020 00:15:18,4.93,FALSE
10/08/2020 00:15:17,1.97,FALSE
10/08/2020 00:15:16,3.70,FALSE
10/08/2020 00:15:15,1.33,FALSE
10/08/2020 00:15:14,4.83,FALSE
10/08/2020 00:15:13,-2.66,TRUE
10/08/2020 00:15:12,1.09,FALSE
10/08/2020 00:15:11,4.00,FALSE
10/08/2020 00:15:10,4.78,FALSE
10/08/2020 00:15:09,3.55,FALSE
10/08/2020 00:15:08,4.69,FALSE
10/08/2020 00:15:07,2.57,FALSE
10/08/2020 00:15:06,1.86,FALSE
10/08/2020 00:15:05,4.56,FALSE
10/08/2020 00:15:04,3.84,FALSE
10/08/2020 00:15:03,2.86,FALSE
10/08/2020 00:15:02,3.41,FALSE
10/08/2020 00:15:01,3.39,FALSE
10/08/2020 00:15:00,2.31,FALSE
10/08/2020 00:14:59,1.49,FALSE
10/08/2020 00:14:58,1.35,FALSE
10/08/2020 00:14:57,1.07,FALSE
10/08/2020 00:14:56,3.50,FALSE
10/08/2020 00:14:55,4.39,FALSE
10/08/2020 00:14:54,1.18,FALSE
10/08/2020 00:14:53,3.39,FALSE
10/08/2020 00:14:52,2.28,FALSE
10/08/2020 00:14:51,4.66,FALSE
10/08/2020 00:14:50,3.59,FALSE
10/08/2020 00:14:49,1.63,FALSE
10/08/2020 00:14:48,1.07,FALSE
10/08/2020 00:14:47,3.63,FALSE
10/08/2020 00:14:46,1.96,FALSE
10/08/2020 00:14:45,2.07,FALSE
10/08/2020 00:14:44,2.92,FALSE
10/08/2020 00:14:43,3.32,FALSE
10/08/2020 00:14:42,1.51,FALSE
10/08/2020 00:14:41,2.90,FALSE
10/08/2020 00:14:40,2.75,FALSE
10/08/2020 00:14:39,3.55,FALSE
10/08/2020 00:14:38,4.78,FALSE
10/08/2020 00:14:37,4.53,FALSE
10/08/2020 00:14:36,1.55,FALSE
10/08/2020 00:14:35,2.06,FALSE
10/08/2020 00:14:34,3.98,FALSE
10/08/2020 00:14:33,3.92,FALSE
10/08/2020 00:14:32,1.99,FALSE
10/08/2020 00:14:31,1.71,FALSE
10/08/2020 00:14:30,2.02,FALSE
10/08/2020 00:14:29,3.24,FALSE
10/08/2020 00:14:28,4.74,FALSE
10/08/2020 00:14:27,2.84,FALSE
10/08/2020 00:14:26,3.52,FALSE
10/08/2020 00:14:25,1.57,FALSE
10/08/2020 00:14:24,4.54,FALSE
10/08/2020 00:14:23,2.12,FALSE
10/08/2020 00:14:22,3.81,FALSE
10/08/2020 00:14:21,4.58,FALSE
10/08/2020 00:14:20,3.44,FALSE
10/08/2020 00:14:19,3.73,FALSE
10/08/2020 00:14:18,3.39,FALSE
10/08/2020 00:14:17,5.00,FALSE
10/08/2020 00:14:16,4.87,FALSE
10/08/2020 00:14:15,2.00,FALSE
10/08/2020 00:14:14,6.85,TRUE
10/08/2020 00:14:13,1.54,FALSE
10/08/2020 00:14:12,1.66,FALSE
10/08/2020 00:14:11,4.62,FALSE
10/08/2020 00:14:10,4.80,FALSE
10/08/2020 00:14:09,3.01,FALSE
10/08/2020 00:14:08,1.69,FALSE
10/08/2020 00:14:07,-0.21,TRUE
10/08/2020 00:14:06,2.05,FALSE
10/08/2020 00:14:05,1.40,FALSE
10/08/2020 00:14:04,4.43,FALSE
10/08/2020 00:14:03,1.38,FALSE
10/08/2020 00:14:02,4.89,FALSE
10/08/2020 00:14:01,2.97,FALSE
10/08/2020 00:14:00,4.47,FALSE
10/08/2020 00:13:59,2.01,FALSE
10/08/2020 00:13:58,1.78,FALSE
10/08/2020 00:13:57,4.03,FALSE
10/08/2020 00:13:56,2.99,FALSE
10/08/2020 00:13:55,1.90,FALSE
10/08/2020 00:13:54,3.36,FALSE
10/08/2020 00:13:53,4.50,FALSE
10/08/2020 00:13:52,4.59,FALSE
10/08/2020 00:13:51,1.03,FALSE
10/08/2020 00:13:50,2.40,FALSE
10/08/2020 00:13:49,2.49,FALSE
10/08/2020 00:13:48,4.51,FALSE
10/08/2020 00:13:47,4.20,FALSE
10/08/2020 00:13:46,2.61,FALSE
10/08/2020 00:13:45,1.52,FALSE
10/08/2020 00:13:44,1.26,FALSE
10/08/2020 00:13:43,2.90,FALSE
10/08/2020 00:13:42,3.09,FALSE
10/08/2020 00:13:41,1.41,FALSE
10/08/2020 00:13:40,4.28,FALSE
10/08/2020 00:13:39,4.27,FALSE
10/08/2020 00:13:38,4.87,FALSE
10/08/2020 00:13:37,2.41,FALSE
10/08/2020 00:13:36,4.41,FALSE
10/08/2020 00:13:35,1.73,FALSE
10/08/2020 00:13:34,4.73,FALSE
10/08/2020 00:13:33,4.41,FALSE
10/08/2020 00:13:32,3.52,FALSE
10/08/2020 00:13:31,1.46,FALSE
10/08/2020 00:13:30,3.64,FALSE
10/08/2020 00:13:29,4.62,FALSE
10/08/2020 00:13:28,3.16,FALSE
10/08/2020 00:13:27,2.14,FALSE
10/08/2020 00:13:26,3.73,FALSE
10/08/2020 00:13:25,3.47,FALSE
10/08/2020 00:13:24,2.39,FALSE
10/08/2020 00:13:23,3.31,FALSE
10/08/2020 00:13:22,1.37,FALSE
10/08/2020 00:13:21,4.58,FALSE
10/08/2020 00:13:20,4.33,FALSE
10/08/2020 00:13:19,1.61,FALSE
10/08/2020 00:13:18,3.42,FALSE
10/08/2020 00:13:17,1.04,FALSE
10/08/2020 00:13:16,4.61,FALSE
10/08/2020 00:13:15,3.48,FALSE
10/08/2020 00:13:14,1.11,FALSE
10/08/2020 00:13:13,1.04,FALSE
10/08/2020 00:13:12,2.16,FALSE
10/08/2020 00:13:11,4.32,FALSE
10/08/2020 00:13:11,1.22,FALSE
10/08/2020 00:13:10,2.45,FALSE
10/08/2020 00:13:09,4.18,FALSE
10/08/2020 00:13:08,2.46,FALSE
10/08/2020 00:13:07,2.27,FALSE
10/08/2020 00:13:06,1.49,FALSE
10/08/2020 00:13:05,4.38,FALSE
10/08/2020 00:13:04,3.91,FALSE
10/08/2020 00:13:03,1.94,FALSE
10/08/2020 00:13:02,3.70,FALSE
10/08/2020 00:13:01,1.24,FALSE
10/08/2020 00:13:00,1.33,FALSE
10/08/2020 00:12:59,4.85,FALSE
10/08/2020 00:12:58,4.74,FALSE
10/08/2020 00:12:57,4.43,FALSE
10/08/2020 00:12:56,4.61,FALSE
10/08/2020 00:12:55,1.13,FALSE
10/08/2020 00:12:54,2.08,FALSE
10/08/2020 00:12:53,2.95,FALSE
10/08/2020 00:12:52,1.96,FALSE
10/08/2020 00:12:51,3.53,FALSE
10/08/2020 00:12:50,3.20,FALSE
10/08/2020 00:12:49,1.98,FALSE
10/08/2020 00:12:48,2.84,FALSE
10/08/2020 00:12:47,2.71,FALSE
10/08/2020 00:12:46,4.83,FALSE
10/08/2020 00:12:45,4.68,FALSE
10/08/2020 00:12:44,3.73,FALSE
10/08/2020 00:12:43,3.57,FALSE
10/08/2020 00:12:42,3.33,FALSE
10/08/2020 00:12:41,2.09,FALSE
10/08/2020 00:12:40,8.60,TRUE
10/08/2020 00:12:39,4.75,FALSE
10/08/2020 00:12:38,2.99,FALSE
10/08/2020 00:12:37,3.71,FALSE
10/08/2020 00:12:36,1.57,FALSE
10/08/2020 00:12:35,1.52,FALSE
10/08/2020 00:12:34,4.06,FALSE
10/08/2020 00:12:33,3.47,FALSE
10/08/2020 00:12:32,2.68,FALSE
10/08/2020 00:12:31,1.09,FALSE
10/08/2020 00:12:30,4.88,FALSE
10/08/2020 00:12:29,3.60,FALSE
10/08/2020 00:12:28,4.28,FALSE
10/08/2020 00:12:27,4.05,FALSE
10/08/2020 00:12:26,2.59,FALSE
10/08/2020 00:12:25,1.27,FALSE
10/08/2020 00:12:24,4.78,FALSE
10/08/2020 00:12:23,4.17,FALSE
10/08/2020 00:12:22,4.49,FALSE
10/08/2020 00:12:21,2.89,FALSE
10/08/2020 00:12:20,1.97,FALSE
10/08/2020 00:12:19,1.61,FALSE
10/08/2020 00:12:18,4.60,FALSE
10/08/2020 00:12:17,4.15,FALSE
10/08/2020 00:12:16,2.70,FALSE
10/08/2020 00:12:15,3.53,FALSE
10/08/2020 00:12:14,4.96,FALSE
10/08/2020 00:12:13,-0.73,TRUE
10/08/2020 00:12:12,1.54,FALSE
10/08/2020 00:12:11,4.75,FALSE
10/08/2020 00:12:10,3.10,FALSE
10/08/2020 00:12:09,4.43,FALSE
10/08/2020 00:12:08,2.05,FALSE
10/08/2020 00:12:07,2.52,FALSE
10/08/2020 00:12:06,1.24,FALSE
10/08/2020 00:12:05,1.12,FALSE
10/08/2020 00:12:04,2.34,FALSE
10/08/2020 00:12:03,1.76,FALSE
10/08/2020 00:12:02,1.88,FALSE
10/08/2020 00:12:01,1.18,FALSE
10/08/2020 00:12:00,4.56,FALSE
10/08/2020 00:11:59,3.94,FALSE
10/08/2020 00:11:58,2.69,FALSE
10/08/2020 00:11:57,1.27,FALSE
10/08/2020 00:11:56,4.50,FALSE
10/08/2020 00:11:55,1.56,FALSE
10/08/2020 00:11:54,2.16,FALSE
10/08/2020 00:11:53,2.34,FALSE
10/08/2020 00:11:52,1.15,FALSE
10/08/2020 00:11:51,4.82,FALSE
10/08/2020 00:11:50,4.39,FALSE
10/08/2020 00:11:49,4.89,FALSE
10/08/2020 00:11:48,3.66,FALSE
10/08/2020 00:11:47,2.96,FALSE
10/08/2020 00:11:46,3.99,FALSE
10/08/2020 00:11:45,4.36,FALSE
10/08/2020 00:11:44,4.90,FALSE
10/08/2020 00:11:43,2.84,FALSE
10/08/2020 00:11:42,3.35,FALSE
10/08/2020 00:11:41,3.89,FALSE
10/08/2020 00:11:40,4.25,FALSE
10/08/2020 00:11:39,1.16,FALSE
10/08/2020 00:11:38,2.16,FALSE
10/08/2020 00:11:37,4.11,FALSE
10/08/2020 00:11:36,3.39,FALSE
10/08/2020 00:11:35,4.26,FALSE
10/08/2020 00:11:34,2.48,FALSE
10/08/2020 00:11:33,4.07,FALSE
10/08/2020 00:11:32,3.12,FALSE
10/08/2020 00:11:31,3.61,FALSE
10/08/2020 00:11:30,4.68,FALSE
10/08/2020 00:11:29,1.58,FALSE
10/08/2020 00:11:28,3.04,FALSE
10/08/2020 00:11:27,1.85,FALSE
10/08/2020 00:11:26,2.42,FALSE
10/08/2020 00:11:25,2.63,FALSE
10/08/2020 00:11:24,3.17,FALSE
10/08/2020 00:11:23,1.53,FALSE
10/08/2020 00:11:22,4.64,FALSE
10/08/2020 00:11:21,3.61,FALSE
10/08/2020 00:11:20,3.01,FALSE
10/08/2020 00:11:19,4.53,FALSE
10/08/2020 00:11:18,4.02,FALSE
10/08/2020 00:11:17,3.77,FALSE
10/08/2020 00:11:16,3.44,FALSE
10/08/2020 00:11:15,3.31,FALSE
10/08/2020 00:11:14,2.51,FALSE
10/08/2020 00:11:13,2.33,FALSE
10/08/2020 00:11:12,2.37,FALSE
10/08/2020 00:11:11,3.67,FALSE
10/08/2020 00:11:10,2.70,FALSE
10/08/2020 00:11:09,4.80,FALSE
10/08/2020 00:11:08,2.79,FALSE
10/08/2020 00:11:07,8.59,TRUE
10/08/2020 00:11:06,2.17,FALSE
10/08/2020 00:11:05,4.74,FALSE
10/08/2020 00:11:04,2.67,FALSE
10/08/2020 00:11:03,1.99,FALSE
10/08/2020 00:11:02,4.09,FALSE
10/08/2020 00:11:01,7.00,TRUE
10/08/2020 00:11:00,1.99,FALSE
10/08/2020 00:10:59,3.17,FALSE
10/08/2020 00:10:58,2.57,FALSE
10/08/2020 00:10:57,1.13,FALSE
10/08/2020 00:10:56,1.24,FALSE
10/08/2020 00:10:55,1.01,FALSE
10/08/2020 00:10:54,1.59,FALSE
10/08/2020 00:10:53,2.09,FALSE
10/08/2020 00:10:52,4.51,FALSE
10/08/2020 00:10:51,2.61,FALSE
10/08/2020 00:10:50,3.77,FALSE
10/08/2020 00:10:49,1.33,FALSE
10/08/2020 00:10:48,2.35,FALSE
10/08/2020 00:10:47,4.95,FALSE
10/08/2020 00:10:46,1.59,FALSE
10/08/2020 00:10:45,4.57,FALSE
10/08/2020 00:10:44,3.20,FALSE
10/08/2020 00:10:43,5.62,TRUE
10/08/2020 00:10:42,1.73,FALSE
10/08/2020 00:10:41,3.42,FALSE
10/08/2020 00:10:40,1.62,FALSE
10/08/2020 00:10:39,3.78,FALSE
10/08/2020 00:10:38,1.89,FALSE
10/08/2020 00:10:37,3.99,FALSE
10/08/2020 00:10:36,3.51,FALSE
10/08/2020 00:10:35,2.91,FALSE
10/08/2020 00:10:34,3.07,FALSE
10/08/2020 00:10:33,4.71,FALSE
10/08/2020 00:10:32,4.87,FALSE
10/08/2020 00:10:31,3.78,FALSE
10/08/2020 00:10:30,1.89,FALSE
10/08/2020 00:10:29,3.28,FALSE
10/08/2020 00:10:28,3.70,FALSE
10/08/2020 00:10:27,4.31,FALSE
10/08/2020 00:10:26,3.18,FALSE
10/08/2020 00:10:25,2.25,FALSE
10/08/2020 00:10:24,4.04,FALSE
10/08/2020 00:10:23,2.96,FALSE
10/08/2020 00:10:22,2.50,FALSE
10/08/2020 00:10:21,2.66,FALSE
10/08/2020 00:10:20,1.31,FALSE
10/08/2020 00:10:19,3.57,FALSE
10/08/2020 00:10:18,4.96,FALSE
10/08/2020 00:10:17,3.91,FALSE
10/08/2020 00:10:16,4.09,FALSE
10/08/2020 00:10:15,2.03,FALSE
10/08/2020 00:10:14,2.76,FALSE
10/08/2020 00:10:13,3.36,FALSE
10/08/2020 00:10:12,3.21,FALSE
10/08/2020 00:10:11,4.18,FALSE
10/08/2020 00:10:10,1.61,FALSE
10/08/2020 00:10:09,2.16,FALSE
10/08/2020 00:10:08,4.23,FALSE
10/08/2020 00:10:07,3.30,FALSE
10/08/2020 00:10:06,2.39,FALSE
10/08/2020 00:10:05,4.24,FALSE
10/08/2020 00:10:04,1.08,FALSE
10/08/2020 00:10:03,1.12,FALSE
10/08/2020 00:10:02,3.21,FALSE
10/08/2020 00:10:01,1.61,FALSE
10/08/2020 00:10:00,1.64,FALSE
10/08/2020 00:09:59,1.17,FALSE
10/08/2020 00:09:58,4.68,FALSE
10/08/2020 00:09:57,3.23,FALSE
10/08/2020 00:09:56,3.53,FALSE
10/08/2020 00:09:55,3.63,FALSE
10/08/2020 00:09:54,1.21,FALSE
10/08/2020 00:09:53,3.59,FALSE
10/08/2020 00:09:52,1.45,FALSE
10/08/2020 00:09:52,3.77,FALSE
10/08/2020 00:09:51,1.03,FALSE
10/08/2020 00:09:50,1.14,FALSE
10/08/2020 00:09:49,3.86,FALSE
10/08/2020 00:09:48,1.47,FALSE
10/08/2020 00:09:47,4.02,FALSE
10/08/2020 00:09:46,2.62,FALSE
10/08/2020 00:09:45,1.38,FALSE
10/08/2020 00:09:44,1.29,FALSE
10/08/2020 00:09:43,4.86,FALSE
10/08/2020 00:09:42,2.03,FALSE
10/08/2020 00:09:41,4.84,FALSE
10/08/2020 00:09:40,3.44,FALSE
10/08/2020 00:09:39,4.74,FALSE
10/08/2020 00:09:38,1.85,FALSE
10/08/2020 00:09:37,2.93,FALSE
10/08/2020 00:09:36,1.35,FALSE
10/08/2020 00:09:35,1.82,FALSE
10/08/2020 00:09:34,2.40,FALSE
10/08/2020 00:09:33,3.23,FALSE
10/08/2020 00:09:32,1.29,FALSE
10/08/2020 00:09:31,4.73,FALSE
10/08/2020 00:09:30,1.47,FALSE
10/08/2020 00:09:29,2.83,FALSE
10/08/2020 00:09:28,4.99,FALSE
10/08/2020 00:09:27,1.72,FALSE
10/08/2020 00:09:26,4.06,FALSE
10/08/2020 00:09:25,3.85,FALSE
10/08/2020 00:09:24,4.12,FALSE
10/08/2020 00:09:23,3.58,FALSE
10/08/2020 00:09:22,1.94,FALSE
10/08/2020 00:09:21,4.60,FALSE
10/08/2020 00:09:20,3.44,FALSE
10/08/2020 00:09:19,3.39,FALSE
10/08/2020 00:09:18,2.85,FALSE
10/08/2020 00:09:17,1.86,FALSE
10/08/2020 00:09:16,2.76,FALSE
10/08/2020 00:09:15,4.52,FALSE
10/08/2020 00:09:14,4.18,FALSE
10/08/2020 00:09:13,3.19,FALSE
10/08/2020 00:09:12,3.68,FALSE
10/08/2020 00:09:11,4.10,FALSE
10/08/2020 00:09:10,2.36,FALSE
10/08/2020 00:09:09,2.68,FALSE
10/08/2020 00:09:08,1.33,FALSE
10/08/2020 00:09:07,4.54,FALSE
10/08/2020 00:09:06,3.16,FALSE
10/08/2020 00:09:05,3.28,FALSE
10/08/2020 00:09:04,1.11,FALSE
10/08/2020 00:09:03,3.59,FALSE
10/08/2020 00:09:02,4.30,FALSE
10/08/2020 00:09:01,3.58,FALSE
10/08/2020 00:09:00,3.43,FALSE
10/08/2020 00:08:59,4.15,FALSE
10/08/2020 00:08:58,1.82,FALSE
10/08/2020 00:08:57,4.33,FALSE
10/08/2020 00:08:56,3.55,FALSE
10/08/2020 00:08:55,3.25,FALSE
10/08/2020 00:08:54,3.35,FALSE
10/08/2020 00:08:53,3.78,FALSE
10/08/2020 00:08:52,1.02,FALSE
10/08/2020 00:08:51,2.71,FALSE
10/08/2020 00:08:50,3.35,FALSE
10/08/2020 00:08:49,4.38,FALSE
10/08/2020 00:08:48,4.49,FALSE
10/08/2020 00:08:47,4.14,FALSE
10/08/2020 00:08:46,2.91,FALSE
10/08/2020 00:08:45,4.64,FALSE
10/08/2020 00:08:44,4.45,FALSE
10/08/2020 00:08:43,3.16,FALSE
10/08/2020 00:08:42,3.63,FALSE
10/08/2020 00:08:41,2.02,FALSE
10/08/2020 00:08:40,1.40,FALSE
10/08/2020 00:08:39,1.05,FALSE
10/08/2020 00:08:38,4.65,FALSE
10/08/2020 00:08:37,3.76,FALSE
10/08/2020 00:08:36,1.85,FALSE
10/08/2020 00:08:35,4.03,FALSE
10/08/2020 00:08:34,4.29,FALSE
10/08/2020 00:08:33,1.22,FALSE
10/08/2020 00:08:32,0.53,TRUE
10/08/2020 00:08:31,2.70,FALSE
10/08/2020 00:08:30,2.78,FALSE
10/08/2020 00:08:29,2.25,FALSE
10/08/2020 00:08:28,3.58,FALSE
10/08/2020 00:08:27,4.85,FALSE
10/08/2020 00:08:26,4.47,FALSE
10/08/2020 00:08:25,3.38,FALSE
10/08/2020 00:08:24,2.57,FALSE
10/08/2020 00:08:23,3.98,FALSE
10/08/2020 00:08:22,1.04,FALSE
10/08/2020 00:08:21,1.16,FALSE
10/08/2020 00:08:20,1.68,FALSE
10/08/2020 00:08:19,2.52,FALSE
10/08/2020 00:08:18,1.38,FALSE
10/08/2020 00:08:17,2.95,FALSE
10/08/2020 00:08:16,3.10,FALSE
10/08/2020 00:08:15,4.98,FALSE
10/08/2020 00:08:14,1.32,FALSE
10/08/2020 00:08:13,2.14,FALSE
10/08/2020 00:08:12,3.75,FALSE
10/08/2020 00:08:11,1.66,FALSE
10/08/2020 00:08:10,1.60,FALSE
10/08/2020 00:08:09,2.18,FALSE
10/08/2020 00:08:08,3.36,FALSE
10/08/2020 00:08:07,1.94,FALSE
10/08/2020 00:08:06,1.63,FALSE
10/08/2020 00:08:05,4.92,FALSE
10/08/2020 00:08:04,1.79,FALSE
10/08/2020 00:08:03,1.40,FALSE
10/08/2020 00:08:02,2.82,FALSE
10/08/2020 00:08:01,3.40,FALSE
10/08/2020 00:08:00,3.58,FALSE
10/08/2020 00:07:59,4.03,FALSE
10/08/2020 00:07:58,1.56,FALSE
10/08/2020 00:07:57,3.56,FALSE
10/08/2020 00:07:56,4.74,FALSE
10/08/2020 00:07:55,1.60,FALSE
10/08/2020 00:07:54,1.63,FALSE
10/08/2020 00:07:53,1.04,FALSE
10/08/2020 00:07:52,4.02,FALSE
10/08/2020 00:07:51,3.61,FALSE
10/08/2020 00:07:50,1.37,FALSE
10/08/2020 00:07:49,2.58,FALSE
10/08/2020 00:07:48,2.98,FALSE
10/08/2020 00:07:47,3.81,FALSE
10/08/2020 00:07:46,1.39,FALSE
10/08/2020 00:07:45,3.74,FALSE
10/08/2020 00:07:44,4.28,FALSE
10/08/2020 00:07:43,1.30,FALSE
10/08/2020 00:07:42,3.61,FALSE
10/08/2020 00:07:41,3.40,FALSE
10/08/2020 00:07:40,2.33,FALSE
10/08/2020 00:07:39,1.96,FALSE
10/08/2020 00:07:38,3.92,FALSE
10/08/2020 00:07:37,2.06,FALSE
10/08/2020 00:07:36,4.16,FALSE
10/08/2020 00:07:35,4.89,FALSE
10/08/2020 00:07:34,3.94,FALSE
10/08/2020 00:07:33,4.44,FALSE
10/08/2020 00:07:32,4.11,FALSE
10/08/2020 00:07:31,4.84,FALSE
10/08/2020 00:07:30,2.12,FALSE
10/08/2020 00:07:29,4.87,FALSE
10/08/2020 00:07:28,2.20,FALSE
10/08/2020 00:07:27,3.66,FALSE
10/08/2020 00:07:26,4.41,FALSE
10/08/2020 00:07:25,3.22,FALSE
10/08/2020 00:07:24,4.60,FALSE
10/08/2020 00:07:23,4.21,FALSE
10/08/2020 00:07:22,3.25,FALSE
10/08/2020 00:07:21,4.86,FALSE
10/08/2020 00:07:20,4.85,FALSE
10/08/2020 00:07:19,1.32,FALSE
10/08/2020 00:07:18,2.29,FALSE
10/08/2020 00:07:17,3.13,FALSE
10/08/2020 00:07:16,2.03,FALSE
10/08/2020 00:07:15,2.43,FALSE
10/08/2020 00:07:14,1.56,FALSE
10/08/2020 00:07:13,2.55,FALSE
10/08/2020 00:07:12,1.68,FALSE
10/08/2020 00:07:11,3.18,FALSE
10/08/2020 00:07:10,4.46,FALSE
10/08/2020 00:07:09,3.98,FALSE
10/08/2020 00:07:08,1.67,FALSE
10/08/2020 00:07:07,3.47,FALSE
10/08/2020 00:07:06,3.70,FALSE
10/08/2020 00:07:05,8.57,TRUE
10/08/2020 00:07:04,4.45,FALSE
10/08/2020 00:07:03,3.56,FALSE
10/08/2020 00:07:02,3.84,FALSE
10/08/2020 00:07:01,3.50,FALSE
10/08/2020 00:07:00,3.57,FALSE
10/08/2020 00:06:59,2.68,FALSE
10/08/2020 00:06:58,3.70,FALSE
10/08/2020 00:06:57,1.74,FALSE
10/08/2020 00:06:56,2.34,FALSE
10/08/2020 00:06:55,3.37,FALSE
10/08/2020 00:06:54,4.81,FALSE
10/08/2020 00:06:53,2.68,FALSE
10/08/2020 00:06:52,4.29,FALSE
10/08/2020 00:06:51,4.71,FALSE
10/08/2020 00:06:50,1.35,FALSE
10/08/2020 00:06:49,4.20,FALSE
10/08/2020 00:06:48,4.30,FALSE
10/08/2020 00:06:47,4.68,FALSE
10/08/2020 00:06:46,1.48,FALSE
10/08/2020 00:06:45,2.22,FALSE
10/08/2020 00:06:44,4.81,FALSE
10/08/2020 00:06:43,2.03,FALSE
10/08/2020 00:06:42,2.37,FALSE
10/08/2020 00:06:41,4.05,FALSE
10/08/2020 00:06:40,3.67,FALSE
10/08/2020 00:06:39,1.81,FALSE
10/08/2020 00:06:38,3.58,FALSE
10/08/2020 00:06:37,3.60,FALSE
10/08/2020 00:06:36,1.13,FALSE
10/08/2020 00:06:35,3.28,FALSE
10/08/2020 00:06:34,4.68,FALSE
10/08/2020 00:06:33,1.49,FALSE
10/08/2020 00:06:33,2.20,FALSE
10/08/2020 00:06:32,2.30,FALSE
10/08/2020 00:06:31,3.03,FALSE
10/08/2020 00:06:30,2.32,FALSE
10/08/2020 00:06:29,2.90,FALSE
10/08/2020 00:06:28,1.78,FALSE
10/08/2020 00:06:27,2.64,FALSE
10/08/2020 00:06:26,2.01,FALSE
10/08/2020 00:06:25,1.75,FALSE
10/08/2020 00:06:24,1.38,FALSE
10/08/2020 00:06:23,4.34,FALSE
10/08/2020 00:06:22,2.90,FALSE
10/08/2020 00:06:21,2.20,FALSE
10/08/2020 00:06:20,4.83,FALSE
10/08/2020 00:06:19,4.33,FALSE
10/08/2020 00:06:18,4.39,FALSE
10/08/2020 00:06:17,4.13,FALSE
10/08/2020 00:06:16,2.68,FALSE
10/08/2020 00:06:15,4.97,FALSE
10/08/2020 00:06:14,1.07,FALSE
10/08/2020 00:06:13,3.24,FALSE
10/08/2020 00:06:12,3.14,FALSE
10/08/2020 00:06:11,2.81,FALSE
10/08/2020 00:06:10,4.11,FALSE
10/08/2020 00:06:09,3.63,FALSE
10/08/2020 00:06:08,3.08,FALSE
10/08/2020 00:06:07,3.14,FALSE
10/08/2020 00:06:06,1.68,FALSE
10/08/2020 00:06:05,2.66,FALSE
10/08/2020 00:06:04,1.46,FALSE
10/08/2020 00:06:03,2.16,FALSE
10/08/2020 00:06:02,2.39,FALSE
10/08/2020 00:06:01,3.70,FALSE
10/08/2020 00:06:00,4.31,FALSE
10/08/2020 00:05:59,1.86,FALSE
10/08/2020 00:05:58,3.70,FALSE
10/08/2020 00:05:57,2.70,FALSE
10/08/2020 00:05:56,4.16,FALSE
10/08/2020 00:05:55,4.91,FALSE
10/08/2020 00:05:54,4.94,FALSE
10/08/2020 00:05:53,1.58,FALSE
10/08/2020 00:05:52,1.98,FALSE
10/08/2020 00:05:51,4.88,FALSE
10/08/2020 00:05:50,4.41,FALSE
10/08/2020 00:05:49,1.99,FALSE
10/08/2020 00:05:48,3.93,FALSE
10/08/2020 00:05:47,4.42,FALSE
10/08/2020 00:05:46,4.63,FALSE
10/08/2020 00:05:45,4.51,FALSE
10/08/2020 00:05:44,2.63,FALSE
10/08/2020 00:05:43,3.31,FALSE
10/08/2020 00:05:42,2.28,FALSE
10/08/2020 00:05:41,3.01,FALSE
10/08/2020 00:05:40,2.33,FALSE
10/08/2020 00:05:39,1.41,FALSE
10/08/2020 00:05:38,4.10,FALSE
10/08/2020 00:05:37,3.45,FALSE
10/08/2020 00:05:36,3.70,FALSE
10/08/2020 00:05:35,4.44,FALSE
10/08/2020 00:05:34,1.68,FALSE
10/08/2020 00:05:33,3.79,FALSE
10/08/2020 00:05:32,3.86,FALSE
10/08/2020 00:05:31,1.96,FALSE
10/08/2020 00:05:30,3.58,FALSE
10/08/2020 00:05:29,4.24,FALSE
10/08/2020 00:05:28,1.39,FALSE
10/08/2020 00:05:27,4.15,FALSE
10/08/2020 00:05:26,4.91,FALSE
10/08/2020 00:05:25,1.82,FALSE
10/08/2020 00:05:24,4.58,FALSE
10/08/2020 00:05:23,2.18,FALSE
10/08/2020 00:05:22,3.29,FALSE
10/08/2020 00:05:21,2.01,FALSE
10/08/2020 00:05:20,4.10,FALSE
10/08/2020 00:05:19,4.00,FALSE
10/08/2020 00:05:18,2.59,FALSE
10/08/2020 00:05:17,1.76,FALSE
10/08/2020 00:05:16,2.73,FALSE
10/08/2020 00:05:15,2.85,FALSE
10/08/2020 00:05:14,3.86,FALSE
10/08/2020 00:05:13,2.11,FALSE
10/08/2020 00:05:12,3.01,FALSE
10/08/2020 00:05:11,3.42,FALSE
10/08/2020 00:05:10,3.79,FALSE
10/08/2020 00:05:09,3.44,FALSE
10/08/2020 00:05:08,4.05,FALSE
10/08/2020 00:05:07,4.73,FALSE
10/08/2020 00:05:06,4.09,FALSE
10/08/2020 00:05:05,3.89,FALSE
10/08/2020 00:05:04,-1.12,TRUE
10/08/2020 00:05:03,2.98,FALSE
10/08/2020 00:05:02,4.68,FALSE
10/08/2020 00:05:01,1.41,FALSE
10/08/2020 00:05:00,1.22,FALSE
10/08/2020 00:04:59,3.25,FALSE
10/08/2020 00:04:58,2.82,FALSE
10/08/2020 00:04:57,2.82,FALSE
10/08/2020 00:04:56,4.47,FALSE
10/08/2020 00:04:55,2.49,FALSE
10/08/2020 00:04:54,2.63,FALSE
10/08/2020 00:04:53,3.74,FALSE
10/08/2020 00:04:52,1.69,FALSE
10/08/2020 00:04:51,1.56,FALSE
10/08/2020 00:04:50,1.11,FALSE
10/08/2020 00:04:49,4.17,FALSE
10/08/2020 00:04:48,4.68,FALSE
10/08/2020 00:04:47,3.69,FALSE
10/08/2020 00:04:46,3.60,FALSE
10/08/2020 00:04:45,2.64,FALSE
10/08/2020 00:04:44,4.11,FALSE
10/08/2020 00:04:43,1.42,FALSE
10/08/2020 00:04:42,4.96,FALSE
10/08/2020 00:04:41,4.86,FALSE
10/08/2020 00:04:40,4.10,FALSE
10/08/2020 00:04:39,2.10,FALSE
10/08/2020 00:04:38,2.34,FALSE
10/08/2020 00:04:37,2.87,FALSE
10/08/2020 00:04:36,2.45,FALSE
10/08/2020 00:04:35,1.59,FALSE
10/08/2020 00:04:34,6.36,TRUE
10/08/2020 00:04:33,3.08,FALSE
10/08/2020 00:04:32,4.18,FALSE
10/08/2020 00:04:31,3.20,FALSE
10/08/2020 00:04:30,2.56,FALSE
10/08/2020 00:04:29,2.16,FALSE
10/08/2020 00:04:28,2.56,FALSE
10/08/2020 00:04:27,4.12,FALSE
10/08/2020 00:04:26,4.17,FALSE
10/08/2020 00:04:25,3.45,FALSE
10/08/2020 00:04:24,3.54,FALSE
10/08/2020 00:04:23,1.07,FALSE
10/08/2020 00:04:22,1.73,FALSE
10/08/2020 00:04:21,4.20,FALSE
10/08/2020 00:04:20,4.34,FALSE
10/08/2020 00:04:19,3.73,FALSE
10/08/2020 00:04:18,4.81,FALSE
10/08/2020 00:04:17,4.96,FALSE
10/08/2020 00:04:16,3.00,FALSE
10/08/2020 00:04:15,4.43,FALSE
10/08/2020 00:04:14,3.37,FALSE
10/08/2020 00:04:13,3.27,FALSE
10/08/2020 00:04:12,3.15,FALSE
10/08/2020 00:04:11,3.82,FALSE
10/08/2020 00:04:10,1.61,FALSE
10/08/2020 00:04:09,1.52,FALSE
10/08/2020 00:04:08,1.65,FALSE
10/08/2020 00:04:07,4.91,FALSE
10/08/2020 00:04:06,4.03,FALSE
10/08/2020 00:04:05,2.32,FALSE
10/08/2020 00:04:04,3.63,FALSE
10/08/2020 00:04:03,1.91,FALSE
10/08/2020 00:04:02,4.38,FALSE
10/08/2020 00:04:01,2.43,FALSE
10/08/2020 00:04:00,1.31,FALSE
10/08/2020 00:03:59,2.49,FALSE
10/08/2020 00:03:58,4.24,FALSE
10/08/2020 00:03:57,4.03,FALSE
10/08/2020 00:03:56,1.85,FALSE
10/08/2020 00:03:55,3.26,FALSE
10/08/2020 00:03:54,2.22,FALSE
10/08/2020 00:03:53,3.07,FALSE
10/08/2020 00:03:52,3.29,FALSE
10/08/2020 00:03:51,4.46,FALSE
10/08/2020 00:03:50,3.25,FALSE
10/08/2020 00:03:49,4.82,FALSE
10/08/2020 00:03:48,3.13,FALSE
10/08/2020 00:03:47,2.66,FALSE
10/08/2020 00:03:46,3.13,FALSE
10/08/2020 00:03:45,2.31,FALSE
10/08/2020 00:03:44,3.07,FALSE
10/08/2020 00:03:43,3.80,FALSE
10/08/2020 00:03:42,1.55,FALSE
10/08/2020 00:03:41,2.17,FALSE
10/08/2020 00:03:40,4.39,FALSE
10/08/2020 00:03:39,4.39,FALSE
10/08/2020 00:03:38,3.57,FALSE
10/08/2020 00:03:37,2.20,FALSE
10/08/2020 00:03:36,1.77,FALSE
10/08/2020 00:03:35,4.91,FALSE
10/08/2020 00:03:34,1.70,FALSE
10/08/2020 00:03:33,3.80,FALSE
10/08/2020 00:03:32,1.21,FALSE
10/08/2020 00:03:31,1.58,FALSE
10/08/2020 00:03:30,1.71,FALSE
10/08/2020 00:03:29,1.27,FALSE
10/08/2020 00:03:28,2.45,FALSE
10/08/2020 00:03:27,3.92,FALSE
10/08/2020 00:03:26,2.29,FALSE
10/08/2020 00:03:25,3.70,FALSE
10/08/2020 00:03:24,2.19,FALSE
10/08/2020 00:03:23,4.44,FALSE
10/08/2020 00:03:22,1.95,FALSE
10/08/2020 00:03:21,2.15,FALSE
10/08/2020 00:03:20,3.96,FALSE
10/08/2020 00:03:19,4.55,FALSE
10/08/2020 00:03:18,4.72,FALSE
10/08/2020 00:03:17,1.51,FALSE
10/08/2020 00:03:16,3.58,FALSE
10/08/2020 00:03:15,3.45,FALSE
10/08/2020 00:03:14,4.57,FALSE
10/08/2020 00:03:14,2.78,FALSE
10/08/2020 00:03:13,4.31,FALSE
10/08/2020 00:03:12,1.13,FALSE
10/08/2020 00:03:11,1.75,FALSE
10/08/2020 00:03:10,2.00,FALSE
10/08/2020 00:03:09,3.71,FALSE
10/08/2020 00:03:08,2.92,FALSE
10/08/2020 00:03:07,3.04,FALSE
10/08/2020 00:03:06,4.72,FALSE
10/08/2020 00:03:05,3.47,FALSE
10/08/2020 00:03:04,4.86,FALSE
10/08/2020 00:03:03,3.17,FALSE
10/08/2020 00:03:02,4.70,FALSE
10/08/2020 00:03:01,1.77,FALSE
10/08/2020 00:03:00,2.89,FALSE
10/08/2020 00:02:59,2.10,FALSE
10/08/2020 00:02:58,5.00,FALSE
10/08/2020 00:02:57,3.33,FALSE
10/08/2020 00:02:56,3.05,FALSE
10/08/2020 00:02:55,4.35,FALSE
10/08/2020 00:02:54,1.83,FALSE
10/08/2020 00:02:53,1.76,FALSE
10/08/2020 00:02:52,3.56,FALSE
10/08/2020 00:02:51,1.02,FALSE
10/08/2020 00:02:50,4.09,FALSE
10/08/2020 00:02:49,4.68,FALSE
10/08/2020 00:02:48,1.25,FALSE
10/08/2020 00:02:47,2.69,FALSE
10/08/2020 00:02:46,1.65,FALSE
10/08/2020 00:02:45,4.64,FALSE
10/08/2020 00:02:44,3.32,FALSE
10/08/2020 00:02:43,3.51,FALSE
10/08/2020 00:02:42,2.33,FALSE
10/08/2020 00:02:41,3.84,FALSE
10/08/2020 00:02:40,1.79,FALSE
10/08/2020 00:02:39,3.57,FALSE
10/08/2020 00:02:38,1.35,FALSE
10/08/2020 00:02:37,4.16,FALSE
10/08/2020 00:02:36,4.41,FALSE
10/08/2020 00:02:35,3.08,FALSE
10/08/2020 00:02:34,2.49,FALSE
10/08/2020 00:02:33,5.00,FALSE
10/08/2020 00:02:32,1.37,FALSE
10/08/2020 00:02:31,4.24,FALSE
10/08/2020 00:02:30,4.59,FALSE
10/08/2020 00:02:29,2.05,FALSE
10/08/2020 00:02:28,2.10,FALSE
10/08/2020 00:02:27,1.65,FALSE
10/08/2020 00:02:26,4.59,FALSE
10/08/2020 00:02:25,1.62,FALSE
10/08/2020 00:02:24,3.11,FALSE
10/08/2020 00:02:23,1.71,FALSE
10/08/2020 00:02:22,3.66,FALSE
10/08/2020 00:02:21,2.18,FALSE
10/08/2020 00:02:20,3.70,FALSE
10/08/2020 00:02:19,1.48,FALSE
10/08/2020 00:02:18,4.97,FALSE
10/08/2020 00:02:17,3.24,FALSE
10/08/2020 00:02:16,3.29,FALSE
10/08/2020 00:02:15,3.14,FALSE
10/08/2020 00:02:14,2.29,FALSE
10/08/2020 00:02:13,1.17,FALSE
10/08/2020 00:02:12,2.68,FALSE
10/08/2020 00:02:11,2.85,FALSE
10/08/2020 00:02:10,4.67,FALSE
10/08/2020 00:02:09,2.28,FALSE
10/08/2020 00:02:08,2.51,FALSE
10/08/2020 00:02:07,2.33,FALSE
10/08/2020 00:02:06,3.62,FALSE
10/08/2020 00:02:05,1.50,FALSE
10/08/2020 00:02:04,2.82,FALSE
10/08/2020 00:02:03,4.57,FALSE
10/08/2020 00:02:02,1.05,FALSE
10/08/2020 00:02:01,1.58,FALSE
10/08/2020 00:02:00,3.39,FALSE
10/08/2020 00:01:59,3.71,FALSE
10/08/2020 00:01:58,1.98,FALSE
10/08/2020 00:01:57,4.83,FALSE
10/08/2020 00:01:56,3.48,FALSE
10/08/2020 00:01:55,4.65,FALSE
10/08/2020 00:01:54,4.82,FALSE
10/08/2020 00:01:53,1.58,FALSE
10/08/2020 00:01:52,1.90,FALSE
10/08/2020 00:01:51,3.79,FALSE
10/08/2020 00:01:50,2.67,FALSE
10/08/2020 00:01:49,4.66,FALSE
10/08/2020 00:01:48,2.90,FALSE
10/08/2020 00:01:47,3.22,FALSE
10/08/2020 00:01:46,1.88,FALSE
10/08/2020 00:01:45,3.69,FALSE
10/08/2020 00:01:44,1.08,FALSE
10/08/2020 00:01:43,2.03,FALSE
10/08/2020 00:01:42,2.22,FALSE
10/08/2020 00:01:41,3.41,FALSE
10/08/2020 00:01:40,1.68,FALSE
10/08/2020 00:01:39,3.75,FALSE
10/08/2020 00:01:38,3.90,FALSE
10/08/2020 00:01:37,1.58,FALSE
10/08/2020 00:01:36,1.90,FALSE
10/08/2020 00:01:35,1.60,FALSE
10/08/2020 00:01:34,2.77,FALSE
10/08/2020 00:01:33,1.99,FALSE
10/08/2020 00:01:32,2.22,FALSE
10/08/2020 00:01:31,1.08,FALSE
10/08/2020 00:01:30,4.90,FALSE
10/08/2020 00:01:29,3.34,FALSE
10/08/2020 00:01:28,7.88,TRUE
10/08/2020 00:01:27,1.47,FALSE
10/08/2020 00:01:26,1.69,FALSE
10/08/2020 00:01:25,4.86,FALSE
10/08/2020 00:01:24,4.45,FALSE
10/08/2020 00:01:23,3.98,FALSE
10/08/2020 00:01:22,2.84,FALSE
10/08/2020 00:01:21,4.93,FALSE
10/08/2020 00:01:20,1.86,FALSE
10/08/2020 00:01:19,4.63,FALSE
10/08/2020 00:01:18,3.28,FALSE
10/08/2020 00:01:17,4.67,FALSE
10/08/2020 00:01:16,3.27,FALSE
10/08/2020 00:01:15,4.40,FALSE
10/08/2020 00:01:14,1.12,FALSE
10/08/2020 00:01:13,1.97,FALSE
10/08/2020 00:01:12,2.03,FALSE
10/08/2020 00:01:11,4.09,FALSE
10/08/2020 00:01:10,2.24,FALSE
10/08/2020 00:01:09,2.28,FALSE
10/08/2020 00:01:08,4.60,FALSE
10/08/2020 00:01:07,2.05,FALSE
10/08/2020 00:01:06,4.79,FALSE
10/08/2020 00:01:05,4.02,FALSE
10/08/2020 00:01:04,3.34,FALSE
10/08/2020 00:01:03,4.73,FALSE
10/08/2020 00:01:02,1.41,FALSE
10/08/2020 00:01:01,2.24,FALSE
10/08/2020 00:01:00,4.90,FALSE
10/08/2020 00:00:59,3.91,FALSE
10/08/2020 00:00:58,1.90,FALSE
10/08/2020 00:00:57,3.96,FALSE
10/08/2020 00:00:56,1.45,FALSE
10/08/2020 00:00:55,2.68,FALSE
10/08/2020 00:00:54,2.34,FALSE
10/08/2020 00:00:53,4.61,FALSE
10/08/2020 00:00:52,4.70,FALSE
10/08/2020 00:00:51,2.04,FALSE
10/08/2020 00:00:50,2.10,FALSE
10/08/2020 00:00:49,2.15,FALSE
10/08/2020 00:00:48,1.99,FALSE
10/08/2020 00:00:47,4.35,FALSE
10/08/2020 00:00:46,3.61,FALSE
10/08/2020 00:00:45,4.39,FALSE
10/08/2020 00:00:44,2.77,FALSE
10/08/2020 00:00:43,3.86,FALSE
10/08/2020 00:00:42,3.85,FALSE
10/08/2020 00:00:41,4.69,FALSE
10/08/2020 00:00:40,3.85,FALSE
10/08/2020 00:00:39,3.40,FALSE
10/08/2020 00:00:38,1.46,FALSE
10/08/2020 00:00:37,1.50,FALSE
10/08/2020 00:00:36,2.91,FALSE
10/08/2020 00:00:35,2.35,FALSE
10/08/2020 00:00:34,3.97,FALSE
10/08/2020 00:00:33,4.70,FALSE
10/08/2020 00:00:32,3.38,FALSE
10/08/2020 00:00:31,4.59,FALSE
10/08/2020 00:00:30,4.83,FALSE
10/08/2020 00:00:29,4.84,FALSE
10/08/2020 00:00:28,4.83,FALSE
10/08/2020 00:00:27,2.70,FALSE
10/08/2020 00:00:26,4.37,FALSE
10/08/2020 00:00:25,1.64,FALSE
10/08/2020 00:00:24,4.51,FALSE
10/08/2020 00:00:23,4.38,FALSE
10/08/2020 00:00:22,1.61,FALSE
10/08/2020 00:00:21,4.05,FALSE
10/08/2020 00:00:20,1.84,FALSE
10/08/2020 00:00:19,3.73,FALSE
10/08/2020 00:00:18,1.56,FALSE
10/08/2020 00:00:17,2.36,FALSE
10/08/2020 00:00:16,3.79,FALSE
10/08/2020 00:00:15,3.13,FALSE
10/08/2020 00:00:14,2.30,FALSE
10/08/2020 00:00:13,2.40,FALSE
10/08/2020 00:00:12,1.33,FALSE
10/08/2020 00:00:11,4.55,FALSE
10/08/2020 00:00:10,1.78,FALSE
10/08/2020 00:00:09,4.43,FALSE
10/08/2020 00:00:08,1.78,FALSE
10/08/2020 00:00:07,2.55,FALSE
10/08/2020 00:00:06,1.12,FALSE
10/08/2020 00:00:05,1.87,FALSE
10/08/2020 00:00:04,2.91,FALSE
10/08/2020 00:00:03,3.40,FALSE
10/08/2020 00:00:02,3.62,FALSE
10/08/2020 00:00:01,2.62,FALSE
10/08/2020 00:00:00,1.73,FALSE
09/08/2020 23:59:59,2.76,FALSE
09/08/2020 23:59:58,4.94,FALSE
09/08/2020 23:59:57,4.35,FALSE
09/08/2020 23:59:56,4.64,FALSE
09/08/2020 23:59:55,4.15,FALSE
09/08/2020 23:59:55,3.29,FALSE
09/08/2020 23:59:54,3.84,FALSE
09/08/2020 23:59:53,1.76,FALSE
09/08/2020 23:59:52,4.38,FALSE
09/08/2020 23:59:51,3.40,FALSE
09/08/2020 23:59:50,-1.40,TRUE
09/08/2020 23:59:49,3.59,FALSE
09/08/2020 23:59:48,1.61,FALSE
09/08/2020 23:59:47,1.31,FALSE
09/08/2020 23:59:46,1.25,FALSE
09/08/2020 23:59:45,1.42,FALSE
09/08/2020 23:59:44,2.41,FALSE
09/08/2020 23:59:43,4.72,FALSE
09/08/2020 23:59:42,2.17,FALSE
09/08/2020 23:59:41,3.60,FALSE
09/08/2020 23:59:40,2.58,FALSE
09/08/2020 23:59:39,4.06,FALSE
09/08/2020 23:59:38,1.81,FALSE
09/08/2020 23:59:37,2.61,FALSE
09/08/2020 23:59:36,3.76,FALSE
09/08/2020 23:59:35,2.20,FALSE
09/08/2020 23:59:34,1.88,FALSE
09/08/2020 23:59:33,1.40,FALSE
09/08/2020 23:59:32,2.35,FALSE
09/08/2020 23:59:31,4.26,FALSE
09/08/2020 23:59:30,2.60,FALSE
09/08/2020 23:59:29,3.05,FALSE
09/08/2020 23:59:28,2.77,FALSE
09/08/2020 23:59:27,3.05,FALSE
09/08/2020 23:59:26,3.52,FALSE
09/08/2020 23:59:25,4.19,FALSE
09/08/2020 23:59:24,3.34,FALSE
09/08/2020 23:59:23,2.28,FALSE
09/08/2020 23:59:22,2.03,FALSE
09/08/2020 23:59:21,1.34,FALSE
09/08/2020 23:59:20,2.26,FALSE
09/08/2020 23:59:19,2.03,FALSE
09/08/2020 23:59:18,4.31,FALSE
09/08/2020 23:59:17,2.93,FALSE
09/08/2020 23:59:16,3.74,FALSE
09/08/2020 23:59:15,1.78,FALSE
09/08/2020 23:59:14,1.06,FALSE
09/08/2020 23:59:13,2.62,FALSE
09/08/2020 23:59:12,2.82,FALSE
09/08/2020 23:59:11,3.25,FALSE
09/08/2020 23:59:10,2.06,FALSE
09/08/2020 23:59:09,4.97,FALSE
09/08/2020 23:59:08,4.37,FALSE
09/08/2020 23:59:07,2.68,FALSE
09/08/2020 23:59:06,2.92,FALSE
09/08/2020 23:59:05,4.67,FALSE
09/08/2020 23:59:04,2.74,FALSE
09/08/2020 23:59:03,4.48,FALSE
09/08/2020 23:59:02,2.55,FALSE
09/08/2020 23:59:01,1.74,FALSE
09/08/2020 23:59:00,3.60,FALSE
09/08/2020 23:58:59,4.27,FALSE
09/08/2020 23:58:58,3.27,FALSE
09/08/2020 23:58:57,2.60,FALSE
09/08/2020 23:58:56,4.11,FALSE
09/08/2020 23:58:55,3.11,FALSE
09/08/2020 23:58:54,4.28,FALSE
09/08/2020 23:58:53,3.79,FALSE
09/08/2020 23:58:52,3.67,FALSE
09/08/2020 23:58:51,1.60,FALSE
09/08/2020 23:58:50,1.81,FALSE
09/08/2020 23:58:49,1.40,FALSE
09/08/2020 23:58:48,3.25,FALSE
09/08/2020 23:58:47,1.30,FALSE
09/08/2020 23:58:46,3.47,FALSE
09/08/2020 23:58:45,1.10,FALSE
09/08/2020 23:58:44,1.17,FALSE
09/08/2020 23:58:43,4.63,FALSE
09/08/2020 23:58:42,1.55,FALSE
09/08/2020 23:58:41,2.77,FALSE
09/08/2020 23:58:40,4.00,FALSE
09/08/2020 23:58:39,1.64,FALSE
09/08/2020 23:58:38,4.21,FALSE
09/08/2020 23:58:37,1.73,FALSE
09/08/2020 23:58:36,1.46,FALSE
09/08/2020 23:58:35,1.43,FALSE
09/08/2020 23:58:34,2.76,FALSE
09/08/2020 23:58:33,1.24,FALSE
09/08/2020 23:58:32,4.87,FALSE
09/08/2020 23:58:31,1.75,FALSE
09/08/2020 23:58:30,1.79,FALSE
09/08/2020 23:58:29,4.80,FALSE
09/08/2020 23:58:28,1.82,FALSE
09/08/2020 23:58:27,3.29,FALSE
09/08/2020 23:58:26,2.75,FALSE
09/08/2020 23:58:25,3.16,FALSE
09/08/2020 23:58:24,2.34,FALSE
09/08/2020 23:58:23,4.16,FALSE
09/08/2020 23:58:22,4.95,FALSE
09/08/2020 23:58:21,3.70,FALSE
09/08/2020 23:58:20,2.89,FALSE
09/08/2020 23:58:19,4.56,FALSE
09/08/2020 23:58:18,3.17,FALSE
09/08/2020 23:58:17,3.71,FALSE
09/08/2020 23:58:16,3.09,FALSE
09/08/2020 23:58:15,1.39,FALSE
09/08/2020 23:58:14,3.86,FALSE
09/08/2020 23:58:13,3.79,FALSE
09/08/2020 23:58:12,2.48,FALSE
09/08/2020 23:58:11,3.73,FALSE
09/08/2020 23:58:10,4.38,FALSE
09/08/2020 23:58:09,1.37,FALSE
09/08/2020 23:58:08,4.26,FALSE
09/08/2020 23:58:07,4.06,FALSE
09/08/2020 23:58:06,1.02,FALSE
09/08/2020 23:58:05,3.66,FALSE
09/08/2020 23:58:04,3.89,FALSE
09/08/2020 23:58:03,1.04,FALSE
09/08/2020 23:58:02,3.23,FALSE
09/08/2020 23:58:01,4.08,FALSE
09/08/2020 23:58:00,2.83,FALSE
09/08/2020 23:57:59,4.89,FALSE
09/08/2020 23:57:58,3.70,FALSE
09/08/2020 23:57:57,2.92,FALSE
09/08/2020 23:57:56,3.05,FALSE
09/08/2020 23:57:55,4.90,FALSE
09/08/2020 23:57:54,4.77,FALSE
09/08/2020 23:57:53,2.93,FALSE
09/08/2020 23:57:52,4.72,FALSE
09/08/2020 23:57:51,1.29,FALSE
09/08/2020 23:57:50,2.15,FALSE
09/08/2020 23:57:49,1.15,FALSE
09/08/2020 23:57:48,2.07,FALSE
09/08/2020 23:57:47,3.31,FALSE
09/08/2020 23:57:46,4.46,FALSE
09/08/2020 23:57:45,2.48,FALSE
09/08/2020 23:57:44,1.52,FALSE
09/08/2020 23:57:43,1.60,FALSE
09/08/2020 23:57:42,4.64,FALSE
09/08/2020 23:57:41,4.27,FALSE
09/08/2020 23:57:40,3.50,FALSE
09/08/2020 23:57:39,3.77,FALSE
09/08/2020 23:57:38,4.08,FALSE
09/08/2020 23:57:37,1.33,FALSE
09/08/2020 23:57:36,3.44,FALSE
09/08/2020 23:57:35,1.45,FALSE
09/08/2020 23:57:34,2.81,FALSE
09/08/2020 23:57:33,1.76,FALSE
09/08/2020 23:57:32,2.36,FALSE
09/08/2020 23:57:31,2.87,FALSE
09/08/2020 23:57:30,2.54,FALSE
09/08/2020 23:57:29,4.23,FALSE
09/08/2020 23:57:28,3.65,FALSE
09/08/2020 23:57:27,3.00,FALSE
09/08/2020 23:57:26,1.72,FALSE
09/08/2020 23:57:25,1.34,FALSE
09/08/2020 23:57:24,1.80,FALSE
09/08/2020 23:57:23,1.38,FALSE
09/08/2020 23:57:22,3.35,FALSE
09/08/2020 23:57:21,1.32,FALSE
09/08/2020 23:57:20,1.24,FALSE
09/08/2020 23:57:19,1.53,FALSE
09/08/2020 23:57:18,1.69,FALSE
09/08/2020 23:57:17,1.51,FALSE
09/08/2020 23:57:16,3.28,FALSE
09/08/2020 23:57:15,2.43,FALSE
09/08/2020 23:57:14,1.78,FALSE
09/08/2020 23:57:13,3.65,FALSE
09/08/2020 23:57:12,4.84,FALSE
09/08/2020 23:57:11,4.53,FALSE
09/08/2020 23:57:10,1.18,FALSE
09/08/2020 23:57:09,4.09,FALSE
09/08/2020 23:57:08,2.28,FALSE
09/08/2020 23:57:07,3.04,FALSE
09/08/2020 23:57:06,1.20,FALSE
09/08/2020 23:57:05,1.28,FALSE
09/08/2020 23:57:04,3.23,FALSE
09/08/2020 23:57:03,2.93,FALSE
09/08/2020 23:57:02,1.17,FALSE
09/08/2020 23:57:01,2.27,FALSE
09/08/2020 23:57:00,8.56,TRUE
09/08/2020 23:56:59,4.05,FALSE
09/08/2020 23:56:58,3.82,FALSE
09/08/2020 23:56:57,4.06,FALSE
09/08/2020 23:56:56,1.69,FALSE
09/08/2020 23:56:55,1.18,FALSE
09/08/2020 23:56:54,3.52,FALSE
09/08/2020 23:56:53,1.82,FALSE
09/08/2020 23:56:52,1.84,FALSE
09/08/2020 23:56:51,2.69,FALSE
09/08/2020 23:56:50,4.46,FALSE
09/08/2020 23:56:49,2.77,FALSE
09/08/2020 23:56:48,4.33,FALSE
09/08/2020 23:56:47,3.15,FALSE
09/08/2020 23:56:46,2.95,FALSE
09/08/2020 23:56:45,2.65,FALSE
09/08/2020 23:56:44,1.43,FALSE
09/08/2020 23:56:43,3.58,FALSE
09/08/2020 23:56:42,1.94,FALSE
09/08/2020 23:56:41,4.99,FALSE
09/08/2020 23:56:40,1.42,FALSE
09/08/2020 23:56:39,4.47,FALSE
09/08/2020 23:56:38,4.27,FALSE
09/08/2020 23:56:37,4.87,FALSE
09/08/2020 23:56:36,2.47,FALSE
09/08/2020 23:56:36,7.88,TRUE
09/08/2020 23:56:35,3.20,FALSE
09/08/2020 23:56:34,2.68,FALSE
09/08/2020 23:56:33,4.00,FALSE
09/08/2020 23:56:32,2.39,FALSE
09/08/2020 23:56:31,4.21,FALSE
09/08/2020 23:56:30,1.56,FALSE
09/08/2020 23:56:29,2.32,FALSE
09/08/2020 23:56:28,3.18,FALSE
09/08/2020 23:56:27,1.72,FALSE
09/08/2020 23:56:26,2.09,FALSE
09/08/2020 23:56:25,2.78,FALSE
09/08/2020 23:56:24,-2.37,TRUE
09/08/2020 23:56:23,1.22,FALSE
09/08/2020 23:56:22,4.74,FALSE
09/08/2020 23:56:21,3.72,FALSE
09/08/2020 23:56:20,1.92,FALSE
09/08/2020 23:56:19,2.02,FALSE
09/08/2020 23:56:18,3.23,FALSE
09/08/2020 23:56:17,1.47,FALSE
09/08/2020 23:56:16,2.87,FALSE
09/08/2020 23:56:15,2.39,FALSE
09/08/2020 23:56:14,4.38,FALSE
09/08/2020 23:56:13,1.96,FALSE
09/08/2020 23:56:12,4.18,FALSE
09/08/2020 23:56:11,3.91,FALSE
09/08/2020 23:56:10,2.51,FALSE
09/08/2020 23:56:09,3.14,FALSE
09/08/2020 23:56:08,3.55,FALSE
09/08/2020 23:56:07,2.19,FALSE
09/08/2020 23:56:06,3.69,FALSE
09/08/2020 23:56:05,2.59,FALSE
09/08/2020 23:56:04,2.46,FALSE
09/08/2020 23:56:03,3.87,FALSE
09/08/2020 23:56:02,3.33,FALSE
09/08/2020 23:56:01,3.84,FALSE
09/08/2020 23:56:00,3.21,FALSE
09/08/2020 23:55:59,4.56,FALSE
09/08/2020 23:55:58,1.31,FALSE
09/08/2020 23:55:57,1.63,FALSE
09/08/2020 23:55:56,3.17,FALSE
09/08/2020 23:55:55,3.99,FALSE
09/08/2020 23:55:54,1.61,FALSE
09/08/2020 23:55:53,1.35,FALSE
09/08/2020 23:55:52,3.93,FALSE
09/08/2020 23:55:51,2.40,FALSE
09/08/2020 23:55:50,2.25,FALSE
09/08/2020 23:55:49,2.68,FALSE
09/08/2020 23:55:48,2.95,FALSE
09/08/2020 23:55:47,1.66,FALSE
09/08/2020 23:55:46,4.90,FALSE
09/08/2020 23:55:45,4.15,FALSE
09/08/2020 23:55:44,3.62,FALSE
09/08/2020 23:55:43,4.80,FALSE
09/08/2020 23:55:42,4.94,FALSE
09/08/2020 23:55:41,3.85,FALSE
09/08/2020 23:55:40,3.07,FALSE
09/08/2020 23:55:39,1.97,FALSE
09/08/2020 23:55:38,4.15,FALSE
09/08/2020 23:55:37,2.71,FALSE
09/08/2020 23:55:36,1.07,FALSE
09/08/2020 23:55:35,2.17,FALSE
09/08/2020 23:55:34,4.97,FALSE
09/08/2020 23:55:33,1.72,FALSE
09/08/2020 23:55:32,1.92,FALSE
09/08/2020 23:55:31,4.53,FALSE
09/08/2020 23:55:30,1.87,FALSE
09/08/2020 23:55:29,3.65,FALSE
09/08/2020 23:55:28,3.75,FALSE
09/08/2020 23:55:27,3.76,FALSE
09/08/2020 23:55:26,3.33,FALSE
09/08/2020 23:55:25,3.51,FALSE
09/08/2020 23:55:24,4.93,FALSE
09/08/2020 23:55:23,3.11,FALSE
09/08/2020 23:55:22,4.05,FALSE
09/08/2020 23:55:21,1.03,FALSE
09/08/2020 23:55:20,3.12,FALSE
09/08/2020 23:55:19,3.10,FALSE
09/08/2020 23:55:18,3.34,FALSE
09/08/2020 23:55:17,2.77,FALSE
09/08/2020 23:55:16,4.07,FALSE
09/08/2020 23:55:15,1.44,FALSE
09/08/2020 23:55:14,3.49,FALSE
09/08/2020 23:55:13,4.54,FALSE
09/08/2020 23:55:12,3.60,FALSE
09/08/2020 23:55:11,2.96,FALSE
09/08/2020 23:55:10,1.83,FALSE
09/08/2020 23:55:09,4.51,FALSE
09/08/2020 23:55:08,3.41,FALSE
09/08/2020 23:55:07,2.47,FALSE
09/08/2020 23:55:06,3.28,FALSE
09/08/2020 23:55:05,3.48,FALSE
09/08/2020 23:55:04,2.85,FALSE
09/08/2020 23:55:03,1.87,FALSE
09/08/2020 23:55:02,3.68,FALSE
09/08/2020 23:55:01,3.23,FALSE
09/08/2020 23:55:00,1.47,FALSE
09/08/2020 23:54:59,3.09,FALSE
09/08/2020 23:54:58,3.08,FALSE
09/08/2020 23:54:57,3.80,FALSE
09/08/2020 23:54:56,4.72,FALSE
09/08/2020 23:54:55,4.19,FALSE
09/08/2020 23:54:54,1.67,FALSE
09/08/2020 23:54:53,1.97,FALSE
09/08/2020 23:54:52,2.00,FALSE
09/08/2020 23:54:51,2.00,FALSE
09/08/2020 23:54:50,4.90,FALSE
09/08/2020 23:54:49,2.94,FALSE
09/08/2020 23:54:48,1.96,FALSE
09/08/2020 23:54:47,4.56,FALSE
09/08/2020 23:54:46,4.81,FALSE
09/08/2020 23:54:45,2.24,FALSE
09/08/2020 23:54:44,2.43,FALSE
09/08/2020 23:54:43,2.21,FALSE
09/08/2020 23:54:42,3.72,FALSE
09/08/2020 23:54:41,2.87,FALSE
09/08/2020 23:54:40,1.63,FALSE
09/08/2020 23:54:39,1.79,FALSE
09/08/2020 23:54:38,4.40,FALSE
09/08/2020 23:54:37,3.17,FALSE
09/08/2020 23:54:36,2.41,FALSE
09/08/2020 23:54:35,1.30,FALSE
09/08/2020 23:54:34,1.20,FALSE
09/08/2020 23:54:33,2.83,FALSE
09/08/2020 23:54:32,4.88,FALSE
09/08/2020 23:54:31,3.39,FALSE
09/08/2020 23:54:30,2.84,FALSE
09/08/2020 23:54:29,1.05,FALSE
09/08/2020 23:54:28,4.49,FALSE
09/08/2020 23:54:27,1.38,FALSE
09/08/2020 23:54:26,1.70,FALSE
09/08/2020 23:54:25,4.29,FALSE
09/08/2020 23:54:24,2.80,FALSE
09/08/2020 23:54:23,4.79,FALSE
09/08/2020 23:54:22,2.34,FALSE
09/08/2020 23:54:21,4.34,FALSE
09/08/2020 23:54:20,4.41,FALSE
09/08/2020 23:54:19,1.54,FALSE
09/08/2020 23:54:18,3.65,FALSE
09/08/2020 23:54:17,4.26,FALSE
09/08/2020 23:54:16,4.62,FALSE
09/08/2020 23:54:15,1.03,FALSE
09/08/2020 23:54:14,3.44,FALSE
09/08/2020 23:54:13,2.39,FALSE
09/08/2020 23:54:12,1.61,FALSE
09/08/2020 23:54:11,1.40,FALSE
09/08/2020 23:54:10,3.26,FALSE
09/08/2020 23:54:09,2.82,FALSE
09/08/2020 23:54:08,2.91,FALSE
09/08/2020 23:54:07,3.60,FALSE
09/08/2020 23:54:06,4.45,FALSE
09/08/2020 23:54:05,1.94,FALSE
09/08/2020 23:54:04,2.15,FALSE
09/08/2020 23:54:03,2.87,FALSE
09/08/2020 23:54:02,1.74,FALSE
09/08/2020 23:54:01,4.79,FALSE
09/08/2020 23:54:00,1.22,FALSE
09/08/2020 23:53:59,2.55,FALSE
09/08/2020 23:53:58,1.89,FALSE
09/08/2020 23:53:57,2.29,FALSE
09/08/2020 23:53:56,2.75,FALSE
09/08/2020 23:53:55,3.76,FALSE
09/08/2020 23:53:54,4.09,FALSE
09/08/2020 23:53:53,3.96,FALSE
09/08/2020 23:53:52,1.34,FALSE
09/08/2020 23:53:51,2.39,FALSE
09/08/2020 23:53:50,3.69,FALSE
09/08/2020 23:53:49,4.79,FALSE
09/08/2020 23:53:48,4.56,FALSE
09/08/2020 23:53:47,1.88,FALSE
09/08/2020 23:53:46,1.62,FALSE
09/08/2020 23:53:45,3.58,FALSE
09/08/2020 23:53:44,1.78,FALSE
09/08/2020 23:53:43,3.79,FALSE
09/08/2020 23:53:42,3.01,FALSE
09/08/2020 23:53:41,2.63,FALSE
09/08/2020 23:53:40,1.98,FALSE
09/08/2020 23:53:39,1.47,FALSE
09/08/2020 23:53:38,1.90,FALSE
09/08/2020 23:53:37,1.53,FALSE
09/08/2020 23:53:36,3.14,FALSE
09/08/2020 23:53:35,2.61,FALSE
09/08/2020 23:53:34,3.03,FALSE
09/08/2020 23:53:33,1.02,FALSE
09/08/2020 23:53:32,2.12,FALSE
09/08/2020 23:53:31,3.43,FALSE
09/08/2020 23:53:30,3.61,FALSE
09/08/2020 23:53:29,4.97,FALSE
09/08/2020 23:53:28,3.73,FALSE
09/08/2020 23:53:27,2.93,FALSE
09/08/2020 23:53:26,2.81,FALSE
09/08/2020 23:53:25,1.12,FALSE
09/08/2020 23:53:24,4.86,FALSE
09/08/2020 23:53:23,4.29,FALSE
09/08/2020 23:53:22,3.09,FALSE
09/08/2020 23:53:21,2.79,FALSE
09/08/2020 23:53:20,2.64,FALSE
09/08/2020 23:53:19,1.02,FALSE
09/08/2020 23:53:18,1.35,FALSE
09/08/2020 23:53:17,4.50,FALSE
09/08/2020 23:53:17,2.32,FALSE
09/08/2020 23:53:16,1.89,FALSE
09/08/2020 23:53:15,3.33,FALSE
09/08/2020 23:53:14,2.97,FALSE
09/08/2020 23:53:13,4.66,FALSE
09/08/2020 23:53:12,4.40,FALSE
09/08/2020 23:53:11,1.36,FALSE
09/08/2020 23:53:10,4.61,FALSE
09/08/2020 23:53:09,2.54,FALSE
09/08/2020 23:53:08,1.24,FALSE
09/08/2020 23:53:07,4.83,FALSE
09/08/2020 23:53:06,4.06,FALSE
09/08/2020 23:53:05,3.65,FALSE
09/08/2020 23:53:04,2.52,FALSE
09/08/2020 23:53:03,4.41,FALSE
09/08/2020 23:53:02,2.95,FALSE
09/08/2020 23:53:01,1.30,FALSE
09/08/2020 23:53:00,4.37,FALSE
09/08/2020 23:52:59,3.40,FALSE
09/08/2020 23:52:58,2.86,FALSE
09/08/2020 23:52:57,2.44,FALSE
09/08/2020 23:52:56,4.33,FALSE
09/08/2020 23:52:55,4.78,FALSE
09/08/2020 23:52:54,3.79,FALSE
09/08/2020 23:52:53,3.58,FALSE
09/08/2020 23:52:52,1.92,FALSE
09/08/2020 23:52:51,3.00,FALSE
09/08/2020 23:52:50,2.41,FALSE
09/08/2020 23:52:49,3.90,FALSE
09/08/2020 23:52:48,1.45,FALSE
09/08/2020 23:52:47,1.74,FALSE
09/08/2020 23:52:46,1.68,FALSE
09/08/2020 23:52:45,1.29,FALSE
09/08/2020 23:52:44,3.07,FALSE
09/08/2020 23:52:43,1.98,FALSE
09/08/2020 23:52:42,2.31,FALSE
09/08/2020 23:52:41,3.36,FALSE
09/08/2020 23:52:40,3.54,FALSE
09/08/2020 23:52:39,4.28,FALSE
09/08/2020 23:52:38,4.36,FALSE
09/08/2020 23:52:37,3.72,FALSE
09/08/2020 23:52:36,4.75,FALSE
09/08/2020 23:52:35,4.02,FALSE
09/08/2020 23:52:34,4.44,FALSE
09/08/2020 23:52:33,2.04,FALSE
09/08/2020 23:52:32,1.47,FALSE
09/08/2020 23:52:31,3.55,FALSE
09/08/2020 23:52:30,2.41,FALSE
09/08/2020 23:52:29,4.74,FALSE
09/08/2020 23:52:28,2.99,FALSE
09/08/2020 23:52:27,4.13,FALSE
09/08/2020 23:52:26,2.32,FALSE
09/08/2020 23:52:25,3.74,FALSE
09/08/2020 23:52:24,1.75,FALSE
09/08/2020 23:52:23,1.05,FALSE
09/08/2020 23:52:22,4.70,FALSE
09/08/2020 23:52:21,2.60,FALSE
09/08/2020 23:52:20,3.76,FALSE
09/08/2020 23:52:19,2.14,FALSE
09/08/2020 23:52:18,2.10,FALSE
09/08/2020 23:52:17,2.36,FALSE
09/08/2020 23:52:16,4.21,FALSE
09/08/2020 23:52:15,4.02,FALSE
09/08/2020 23:52:14,2.65,FALSE
09/08/2020 23:52:13,1.68,FALSE
09/08/2020 23:52:12,1.89,FALSE
09/08/2020 23:52:11,4.34,FALSE
09/08/2020 23:52:10,2.89,FALSE
09/08/2020 23:52:09,2.73,FALSE
09/08/2020 23:52:08,1.18,FALSE
09/08/2020 23:52:07,1.22,FALSE
09/08/2020 23:52:06,1.57,FALSE
09/08/2020 23:52:05,4.97,FALSE
09/08/2020 23:52:04,2.67,FALSE
09/08/2020 23:52:03,3.80,FALSE
09/08/2020 23:52:02,4.08,FALSE
09/08/2020 23:52:01,4.34,FALSE
09/08/2020 23:52:00,1.42,FALSE
09/08/2020 23:51:59,4.51,FALSE
09/08/2020 23:51:58,1.43,FALSE
09/08/2020 23:51:57,2.73,FALSE
09/08/2020 23:51:56,2.00,FALSE
09/08/2020 23:51:55,3.09,FALSE
09/08/2020 23:51:54,1.01,FALSE
09/08/2020 23:51:53,4.95,FALSE
09/08/2020 23:51:52,3.16,FALSE
09/08/2020 23:51:51,4.26,FALSE
09/08/2020 23:51:50,1.54,FALSE
09/08/2020 23:51:49,4.09,FALSE
09/08/2020 23:51:48,4.71,FALSE
09/08/2020 23:51:47,-1.77,TRUE
09/08/2020 23:51:46,5.69,TRUE
09/08/2020 23:51:45,0.33,TRUE
09/08/2020 23:51:44,-0.67,TRUE
09/08/2020 23:51:43,6.21,TRUE
09/08/2020 23:51:42,6.01,TRUE
09/08/2020 23:51:41,8.52,TRUE
09/08/2020 23:51:40,4.07,FALSE
09/08/2020 23:51:39,3.12,FALSE
09/08/2020 23:51:38,3.46,FALSE
09/08/2020 23:51:37,3.85,FALSE
09/08/2020 23:51:36,1.94,FALSE
09/08/2020 23:51:35,3.97,FALSE
09/08/2020 23:51:34,3.23,FALSE
09/08/2020 23:51:33,3.61,FALSE
09/08/2020 23:51:32,3.07,FALSE
09/08/2020 23:51:31,4.15,FALSE
09/08/2020 23:51:30,3.28,FALSE
09/08/2020 23:51:29,4.06,FALSE
09/08/2020 23:51:28,2.99,FALSE
09/08/2020 23:51:27,1.34,FALSE
09/08/2020 23:51:26,3.94,FALSE
09/08/2020 23:51:25,4.73,FALSE
09/08/2020 23:51:24,4.13,FALSE
09/08/2020 23:51:23,2.24,FALSE
09/08/2020 23:51:22,4.38,FALSE
09/08/2020 23:51:21,1.65,FALSE
09/08/2020 23:51:20,4.82,FALSE
09/08/2020 23:51:19,0.95,TRUE
09/08/2020 23:51:18,2.79,FALSE
09/08/2020 23:51:17,4.92,FALSE
09/08/2020 23:51:16,2.13,FALSE
09/08/2020 23:51:15,2.97,FALSE
09/08/2020 23:51:14,2.13,FALSE
09/08/2020 23:51:13,4.52,FALSE
09/08/2020 23:51:12,2.06,FALSE
09/08/2020 23:51:11,3.63,FALSE
09/08/2020 23:51:10,4.82,FALSE
09/08/2020 23:51:09,3.64,FALSE
09/08/2020 23:51:08,3.04,FALSE
09/08/2020 23:51:07,4.63,FALSE
09/08/2020 23:51:06,3.93,FALSE
09/08/2020 23:51:05,4.71,FALSE
09/08/2020 23:51:04,3.70,FALSE
09/08/2020 23:51:03,1.60,FALSE
09/08/2020 23:51:02,4.02,FALSE
09/08/2020 23:51:01,4.71,FALSE
09/08/2020 23:51:00,2.33,FALSE
09/08/2020 23:50:59,1.03,FALSE
09/08/2020 23:50:58,1.83,FALSE
09/08/2020 23:50:57,3.62,FALSE
09/08/2020 23:50:56,3.58,FALSE
09/08/2020 23:50:55,4.79,FALSE
09/08/2020 23:50:54,4.76,FALSE
09/08/2020 23:50:53,4.57,FALSE
09/08/2020 23:50:52,4.48,FALSE
09/08/2020 23:50:51,3.64,FALSE
09/08/2020 23:50:50,2.71,FALSE
09/08/2020 23:50:49,2.16,FALSE
09/08/2020 23:50:48,3.09,FALSE
09/08/2020 23:50:47,4.19,FALSE
09/08/2020 23:50:46,4.23,FALSE
09/08/2020 23:50:45,1.55,FALSE
09/08/2020 23:50:44,4.66,FALSE
09/08/2020 23:50:43,3.05,FALSE
09/08/2020 23:50:42,4.79,FALSE
09/08/2020 23:50:41,1.92,FALSE
09/08/2020 23:50:40,1.98,FALSE
09/08/2020 23:50:39,4.92,FALSE
09/08/2020 23:50:38,1.32,FALSE
09/08/2020 23:50:37,4.77,FALSE
09/08/2020 23:50:36,3.99,FALSE
09/08/2020 23:50:35,2.06,FALSE
09/08/2020 23:50:34,3.08,FALSE
09/08/2020 23:50:33,1.91,FALSE
09/08/2020 23:50:32,2.54,FALSE
09/08/2020 23:50:31,3.83,FALSE
09/08/2020 23:50:30,3.10,FALSE
09/08/2020 23:50:29,4.26,FALSE
09/08/2020 23:50:28,1.58,FALSE
09/08/2020 23:50:27,4.59,FALSE
09/08/2020 23:50:26,1.19,FALSE
09/08/2020 23:50:25,4.28,FALSE
09/08/2020 23:50:24,2.01,FALSE
09/08/2020 23:50:23,2.95,FALSE
09/08/2020 23:50:22,4.90,FALSE
09/08/2020 23:50:21,4.39,FALSE
09/08/2020 23:50:20,1.89,FALSE
09/08/2020 23:50:19,1.23,FALSE
09/08/2020 23:50:18,2.01,FALSE
09/08/2020 23:50:17,2.00,FALSE
09/08/2020 23:50:16,4.04,FALSE
09/08/2020 23:50:15,4.01,FALSE
09/08/2020 23:50:14,3.99,FALSE
09/08/2020 23:50:13,3.44,FALSE
09/08/2020 23:50:12,3.01,FALSE
09/08/2020 23:50:11,3.20,FALSE
09/08/2020 23:50:10,2.00,FALSE
09/08/2020 23:50:09,2.41,FALSE
09/08/2020 23:50:08,2.98,FALSE
09/08/2020 23:50:07,4.75,FALSE
09/08/2020 23:50:06,4.34,FALSE
09/08/2020 23:50:05,1.48,FALSE
09/08/2020 23:50:04,2.68,FALSE
09/08/2020 23:50:03,4.80,FALSE
09/08/2020 23:50:02,2.43,FALSE
09/08/2020 23:50:01,1.10,FALSE
09/08/2020 23:50:00,2.88,FALSE
09/08/2020 23:49:59,3.29,FALSE
09/08/2020 23:49:58,2.99,FALSE
09/08/2020 23:49:58,4.75,FALSE
09/08/2020 23:49:57,1.91,FALSE
09/08/2020 23:49:56,2.70,FALSE
09/08/2020 23:49:55,2.92,FALSE
09/08/2020 23:49:54,1.94,FALSE
09/08/2020 23:49:53,4.40,FALSE
09/08/2020 23:49:52,4.63,FALSE
09/08/2020 23:49:51,1.03,FALSE
09/08/2020 23:49:50,4.31,FALSE
09/08/2020 23:49:49,3.38,FALSE
09/08/2020 23:49:48,3.48,FALSE
09/08/2020 23:49:47,2.33,FALSE
09/08/2020 23:49:46,3.41,FALSE
09/08/2020 23:49:45,3.54,FALSE
09/08/2020 23:49:44,2.06,FALSE
09/08/2020 23:49:43,3.65,FALSE
09/08/2020 23:49:42,1.99,FALSE
09/08/2020 23:49:41,1.93,FALSE
09/08/2020 23:49:40,4.22,FALSE
09/08/2020 23:49:39,4.56,FALSE
09/08/2020 23:49:38,4.16,FALSE
09/08/2020 23:49:37,0.62,TRUE
09/08/2020 23:49:36,1.80,FALSE
09/08/2020 23:49:35,4.63,FALSE
09/08/2020 23:49:34,4.83,FALSE
09/08/2020 23:49:33,2.07,FALSE
09/08/2020 23:49:32,2.14,FALSE
09/08/2020 23:49:31,1.35,FALSE
09/08/2020 23:49:30,1.80,FALSE
09/08/2020 23:49:29,3.26,FALSE
09/08/2020 23:49:28,1.91,FALSE
09/08/2020 23:49:27,2.64,FALSE
09/08/2020 23:49:26,2.17,FALSE
09/08/2020 23:49:25,3.71,FALSE
09/08/2020 23:49:24,4.61,FALSE
09/08/2020 23:49:23,4.90,FALSE
09/08/2020 23:49:22,4.90,FALSE
09/08/2020 23:49:21,2.16,FALSE
09/08/2020 23:49:20,1.70,FALSE
09/08/2020 23:49:19,1.41,FALSE
09/08/2020 23:49:18,4.76,FALSE
09/08/2020 23:49:17,3.72,FALSE
09/08/2020 23:49:16,3.28,FALSE
09/08/2020 23:49:15,2.01,FALSE
09/08/2020 23:49:14,3.23,FALSE
09/08/2020 23:49:13,2.73,FALSE
09/08/2020 23:49:12,4.12,FALSE
09/08/2020 23:49:11,4.69,FALSE
09/08/2020 23:49:10,4.20,FALSE
09/08/2020 23:49:09,3.97,FALSE
09/08/2020 23:49:08,1.75,FALSE
09/08/2020 23:49:07,3.90,FALSE
09/08/2020 23:49:06,3.19,FALSE
09/08/2020 23:49:05,2.99,FALSE
09/08/2020 23:49:04,4.54,FALSE
09/08/2020 23:49:03,3.65,FALSE
09/08/2020 23:49:02,1.65,FALSE
09/08/2020 23:49:01,1.98,FALSE
09/08/2020 23:49:00,3.30,FALSE
09/08/2020 23:48:59,3.65,FALSE
09/08/2020 23:48:58,4.75,FALSE
09/08/2020 23:48:57,4.03,FALSE
09/08/2020 23:48:56,3.78,FALSE
09/08/2020 23:48:55,2.11,FALSE
09/08/2020 23:48:54,3.99,FALSE
09/08/2020 23:48:53,1.19,FALSE
09/08/2020 23:48:52,1.94,FALSE
09/08/2020 23:48:51,4.31,FALSE
09/08/2020 23:48:50,4.71,FALSE
09/08/2020 23:48:49,1.67,FALSE
09/08/2020 23:48:48,4.94,FALSE
09/08/2020 23:48:47,1.93,FALSE
09/08/2020 23:48:46,1.85,FALSE
09/08/2020 23:48:45,2.82,FALSE
09/08/2020 23:48:44,1.77,FALSE
09/08/2020 23:48:43,2.13,FALSE
09/08/2020 23:48:42,2.83,FALSE
09/08/2020 23:48:41,1.68,FALSE
09/08/2020 23:48:40,3.44,FALSE
09/08/2020 23:48:39,3.47,FALSE
09/08/2020 23:48:38,2.80,FALSE
09/08/2020 23:48:37,1.65,FALSE
09/08/2020 23:48:36,3.94,FALSE
09/08/2020 23:48:35,1.16,FALSE
09/08/2020 23:48:34,1.63,FALSE
09/08/2020 23:48:33,4.64,FALSE
09/08/2020 23:48:32,2.50,FALSE
09/08/2020 23:48:31,3.96,FALSE
09/08/2020 23:48:30,1.20,FALSE
09/08/2020 23:48:29,1.58,FALSE
09/08/2020 23:48:28,4.95,FALSE
09/08/2020 23:48:27,4.13,FALSE
09/08/2020 23:48:26,4.73,FALSE
09/08/2020 23:48:25,1.81,FALSE
09/08/2020 23:48:24,3.91,FALSE
09/08/2020 23:48:23,1.29,FALSE
09/08/2020 23:48:22,3.61,FALSE
09/08/2020 23:48:21,4.13,FALSE
09/08/2020 23:48:20,3.35,FALSE
09/08/2020 23:48:19,2.09,FALSE
09/08/2020 23:48:18,3.42,FALSE
09/08/2020 23:48:17,1.35,FALSE
09/08/2020 23:48:16,7.48,TRUE
09/08/2020 23:48:15,0.28,TRUE
09/08/2020 23:48:14,1.32,FALSE
09/08/2020 23:48:13,4.94,FALSE
09/08/2020 23:48:12,3.30,FALSE
09/08/2020 23:48:11,3.21,FALSE
09/08/2020 23:48:10,2.57,FALSE
09/08/2020 23:48:09,2.15,FALSE
09/08/2020 23:48:08,1.27,FALSE
09/08/2020 23:48:07,3.92,FALSE
09/08/2020 23:48:06,2.51,FALSE
09/08/2020 23:48:05,2.27,FALSE
09/08/2020 23:48:04,3.93,FALSE
09/08/2020 23:48:03,2.64,FALSE
09/08/2020 23:48:02,4.62,FALSE
09/08/2020 23:48:01,3.96,FALSE
09/08/2020 23:48:00,4.68,FALSE
09/08/2020 23:47:59,4.98,FALSE
09/08/2020 23:47:58,2.93,FALSE
09/08/2020 23:47:57,2.80,FALSE
09/08/2020 23:47:56,2.94,FALSE
09/08/2020 23:47:55,2.88,FALSE
09/08/2020 23:47:54,3.84,FALSE
09/08/2020 23:47:53,4.59,FALSE
09/08/2020 23:47:52,2.79,FALSE
09/08/2020 23:47:51,4.56,FALSE
09/08/2020 23:47:50,3.36,FALSE
09/08/2020 23:47:49,3.45,FALSE
09/08/2020 23:47:48,3.68,FALSE
09/08/2020 23:47:47,1.47,FALSE
09/08/2020 23:47:46,3.65,FALSE
09/08/2020 23:47:45,3.99,FALSE
09/08/2020 23:47:44,1.64,FALSE
09/08/2020 23:47:43,1.35,FALSE
09/08/2020 23:47:42,1.51,FALSE
09/08/2020 23:47:41,2.98,FALSE
09/08/2020 23:47:40,1.87,FALSE
09/08/2020 23:47:39,2.52,FALSE
09/08/2020 23:47:38,2.16,FALSE
09/08/2020 23:47:37,3.01,FALSE
09/08/2020 23:47:36,2.16,FALSE
09/08/2020 23:47:35,4.58,FALSE
09/08/2020 23:47:34,3.45,FALSE
09/08/2020 23:47:33,4.81,FALSE
09/08/2020 23:47:32,2.10,FALSE
09/08/2020 23:47:31,1.24,FALSE
09/08/2020 23:47:30,3.83,FALSE
09/08/2020 23:47:29,2.12,FALSE
09/08/2020 23:47:28,2.50,FALSE
09/08/2020 23:47:27,4.39,FALSE
09/08/2020 23:47:26,4.46,FALSE
09/08/2020 23:47:25,1.13,FALSE
09/08/2020 23:47:24,2.20,FALSE
09/08/2020 23:47:23,4.27,FALSE
09/08/2020 23:47:22,4.16,FALSE
09/08/2020 23:47:21,3.73,FALSE
09/08/2020 23:47:20,1.51,FALSE
09/08/2020 23:47:19,1.58,FALSE
09/08/2020 23:47:18,4.45,FALSE
09/08/2020 23:47:17,4.13,FALSE
09/08/2020 23:47:16,2.23,FALSE
09/08/2020 23:47:15,1.34,FALSE
09/08/2020 23:47:14,1.27,FALSE
09/08/2020 23:47:13,4.84,FALSE
09/08/2020 23:47:12,1.58,FALSE
09/08/2020 23:47:11,2.76,FALSE
09/08/2020 23:47:10,3.78,FALSE
09/08/2020 23:47:09,2.42,FALSE
09/08/2020 23:47:08,3.59,FALSE
09/08/2020 23:47:07,3.35,FALSE
09/08/2020 23:47:06,2.74,FALSE
09/08/2020 23:47:05,1.24,FALSE
09/08/2020 23:47:04,1.16,FALSE
09/08/2020 23:47:03,2.90,FALSE
09/08/2020 23:47:02,4.00,FALSE
09/08/2020 23:47:01,2.52,FALSE
09/08/2020 23:47:00,2.19,FALSE
09/08/2020 23:46:59,3.88,FALSE
09/08/2020 23:46:58,1.34,FALSE
09/08/2020 23:46:57,2.64,FALSE
09/08/2020 23:46:56,4.31,FALSE
09/08/2020 23:46:55,4.80,FALSE
09/08/2020 23:46:54,1.90,FALSE
09/08/2020 23:46:53,3.17,FALSE
09/08/2020 23:46:52,1.61,FALSE
09/08/2020 23:46:51,1.41,FALSE
09/08/2020 23:46:50,3.26,FALSE
09/08/2020 23:46:49,1.30,FALSE
09/08/2020 23:46:48,3.49,FALSE
09/08/2020 23:46:47,2.01,FALSE
09/08/2020 23:46:46,4.81,FALSE
09/08/2020 23:46:45,1.94,FALSE
09/08/2020 23:46:44,3.78,FALSE
09/08/2020 23:46:43,4.14,FALSE
09/08/2020 23:46:42,2.03,FALSE
09/08/2020 23:46:41,1.01,FALSE
09/08/2020 23:46:40,4.49,FALSE
09/08/2020 23:46:39,3.50,FALSE
09/08/2020 23:46:39,1.11,FALSE
09/08/2020 23:46:38,3.70,FALSE
09/08/2020 23:46:37,2.14,FALSE
09/08/2020 23:46:36,4.09,FALSE
09/08/2020 23:46:35,1.35,FALSE
09/08/2020 23:46:34,2.01,FALSE
09/08/2020 23:46:33,4.89,FALSE
09/08/2020 23:46:32,1.81,FALSE
09/08/2020 23:46:31,4.48,FALSE
09/08/2020 23:46:30,2.04,FALSE
09/08/2020 23:46:29,4.00,FALSE
09/08/2020 23:46:28,1.83,FALSE
09/08/2020 23:46:27,1.66,FALSE
09/08/2020 23:46:26,2.15,FALSE
09/08/2020 23:46:25,4.39,FALSE
09/08/2020 23:46:24,3.05,FALSE
09/08/2020 23:46:23,3.67,FALSE
09/08/2020 23:46:22,3.18,FALSE
09/08/2020 23:46:21,4.31,FALSE
09/08/2020 23:46:20,1.18,FALSE
09/08/2020 23:46:19,1.08,FALSE
09/08/2020 23:46:18,3.86,FALSE
09/08/2020 23:46:17,2.15,FALSE
09/08/2020 23:46:16,1.01,FALSE
09/08/2020 23:46:15,2.13,FALSE
09/08/2020 23:46:14,1.10,FALSE
09/08/2020 23:46:13,3.42,FALSE
09/08/2020 23:46:12,3.15,FALSE
09/08/2020 23:46:11,3.20,FALSE
09/08/2020 23:46:10,1.37,FALSE
09/08/2020 23:46:09,3.82,FALSE
09/08/2020 23:46:08,1.10,FALSE
09/08/2020 23:46:07,2.12,FALSE
09/08/2020 23:46:06,2.60,FALSE
09/08/2020 23:46:05,1.64,FALSE
09/08/2020 23:46:04,2.04,FALSE
09/08/2020 23:46:03,1.09,FALSE
09/08/2020 23:46:02,3.26,FALSE
09/08/2020 23:46:01,3.58,FALSE
09/08/2020 23:46:00,1.01,FALSE
09/08/2020 23:45:59,4.01,FALSE
09/08/2020 23:45:58,1.44,FALSE
09/08/2020 23:45:57,4.87,FALSE
09/08/2020 23:45:56,4.98,FALSE
09/08/2020 23:45:55,4.12,FALSE
09/08/2020 23:45:54,3.54,FALSE
09/08/2020 23:45:53,3.23,FALSE
09/08/2020 23:45:52,4.97,FALSE
09/08/2020 23:45:51,0.62,TRUE
09/08/2020 23:45:50,2.85,FALSE
09/08/2020 23:45:49,2.58,FALSE
09/08/2020 23:45:48,2.49,FALSE
09/08/2020 23:45:47,4.52,FALSE
09/08/2020 23:45:46,1.05,FALSE
09/08/2020 23:45:45,4.10,FALSE
09/08/2020 23:45:44,4.47,FALSE
09/08/2020 23:45:43,4.07,FALSE
09/08/2020 23:45:42,1.29,FALSE
09/08/2020 23:45:41,4.16,FALSE
09/08/2020 23:45:40,3.47,FALSE
09/08/2020 23:45:39,1.44,FALSE
09/08/2020 23:45:38,4.69,FALSE
09/08/2020 23:45:37,4.90,FALSE
09/08/2020 23:45:36,4.81,FALSE
09/08/2020 23:45:35,3.29,FALSE
09/08/2020 23:45:34,1.62,FALSE
09/08/2020 23:45:33,3.81,FALSE
09/08/2020 23:45:32,4.51,FALSE
09/08/2020 23:45:31,1.27,FALSE
09/08/2020 23:45:30,2.61,FALSE
09/08/2020 23:45:29,2.94,FALSE
09/08/2020 23:45:28,3.72,FALSE
09/08/2020 23:45:27,1.63,FALSE
09/08/2020 23:45:26,4.99,FALSE
09/08/2020 23:45:25,3.15,FALSE
09/08/2020 23:45:24,1.41,FALSE
09/08/2020 23:45:23,3.26,FALSE
09/08/2020 23:45:22,2.53,FALSE
09/08/2020 23:45:21,2.64,FALSE
09/08/2020 23:45:20,2.49,FALSE
09/08/2020 23:45:19,4.90,FALSE
09/08/2020 23:45:18,3.47,FALSE
09/08/2020 23:45:17,1.26,FALSE
09/08/2020 23:45:16,1.36,FALSE
09/08/2020 23:45:15,1.92,FALSE
09/08/2020 23:45:14,2.48,FALSE
09/08/2020 23:45:13,1.30,FALSE
09/08/2020 23:45:12,1.59,FALSE
09/08/2020 23:45:11,2.64,FALSE
09/08/2020 23:45:10,4.42,FALSE
09/08/2020 23:45:09,4.98,FALSE
09/08/2020 23:45:08,1.37,FALSE
09/08/2020 23:45:07,4.14,FALSE
09/08/2020 23:45:06,4.52,FALSE
09/08/2020 23:45:05,3.14,FALSE
09/08/2020 23:45:04,1.61,FALSE
09/08/2020 23:45:03,3.74,FALSE
09/08/2020 23:45:02,1.37,FALSE
09/08/2020 23:45:01,3.79,FALSE
09/08/2020 23:45:00,7.47,TRUE
